cycle_ok,source_sample_time_s,enc_left,enc_right,gz,y,L,R,sample_ms,send_ms,gps_valid,gps_age_ms,gps_fix_type,gps_lat,gps_lon,gps_sat,gps_hdop,gps_alt_m,gps_speed_mps,gps_course_deg,gps_chars,gps_sentences,gps_failed_checksums,v,r,p,ax,ay,az,gx,gy,mx,my,mz,temp,pc_time,seq,T,millis,lat,lon,sat,hdop
True,2441.38,75652,164869,0.37375,-163.9261,0,0,2441380,2441381,false,4294967295,0,,,4294967295,-1,-1,-1,-1,0,0,0,11.47714,2.443511,0.61017,-9.179688,161.4746,1000.225,-24.69625,-0.43,28,-9,-48,48.33333,2026-08-29T20:15:20.760Z,3788,1007,2441380,,,4294967295,-1
True,2442.626,75652,164869,0.74875,-164.0954,0,0,2442626,2442627,false,4294967295,0,,,4294967295,-1,-1,-1,-1,0,0,0,11.47714,2.672628,0.670699,-9.667969,160.498,999.7363,-24.88375,-0.3675,28,-10,-47,48.33333,2026-08-29T20:15:21.993Z,3790,1007,2442626,,,4294967295,-1
True,2443.417,75653,164870,0.93625,-164.6621,0,0,2443417,2443419,false,4294967295,0,,,4294967295,-1,-1,-1,-1,0,0,0,11.54072,2.673233,0.699508,-1.855469,146.8262,1000.713,-24.25875,-0.2425,28,-10,-48,48.33333,2026-08-29T20:15:22.653Z,3791,1007,2443417,,,4294967295,-1
True,2444.649,76519,165701,0.49875,-164.9051,-0.144699204,-0.137429598,2444649,2444650,false,4294967295,0,,,4294967295,-1,-1,-1,-1,0,0,0,11.54072,3.262717,0.744328,-4.296875,209.8145,989.9707,-23.88375,-5.305,35,-12,-48,48.33333,2026-08-29T20:15:23.882Z,3793,1007,2444649,,,4294967295,-1
True,2445.226,77286,166455,6.49875,-164.6262,-0.209281975,-0.1982236,2445226,2445228,false,4294967295,0,,,4294967295,-1,-1,-1,-1,0,0,0,11.54072,1.398416,0.709729,-48.24219,169.7754,1009.014,-26.94625,-22.2425,25,-7,-49,48.88889,2026-08-29T20:15:24.594Z,3794,1007,2445226,,,4294967295,-1
True,2446.458,78746,167908,6.68625,-164.354,-0.119845923,-0.120135055,2446458,2446460,false,4294967295,0,,,4294967295,-1,-1,-1,-1,0,0,0,11.54072,2.920157,-0.173482,0.585938,176.6113,1047.1,-23.07125,-4.9925,31,-13,-49,48.88889,2026-08-29T20:15:25.825Z,3796,1007,2446458,,,4294967295,-1
True,2447.852,78970,168172,1.68625,-163.7713,0,0,2447852,2447854,false,4294967295,0,,,4294967295,-1,-1,-1,-1,0,0,0,11.54072,3.671028,0.471009,0.585938,162.4512,996.3184,-24.32125,-0.6175,30,-13,-51,48.33333,2026-08-29T20:15:27.084Z,3798,1007,2447852,,,4294967295,-1
True,2448.451,79042,168227,3.49875,-163.4313,0,0.022692516,2448451,2448453,false,4294967295,0,,,4294967295,-1,-1,-1,-1,0,0,0,11.54072,3.590322,2.728642,-30.66406,176.6113,986.0645,-24.75875,-2.43,31,-14,-51,48.33333,2026-08-29T20:15:27.686Z,3799,1007,2448451,,,4294967295,-1
True,2449.697,79041,168073,1.06125,-162.4505,0,0,2449697,2449699,false,4294967295,0,,,4294967295,-1,-1,-1,-1,0,0,0,11.54072,4.050778,1.191058,-15.03906,161.9629,998.2715,-24.38375,-1.3675,33,-14,-47,48.33333,2026-08-29T20:15:28.931Z,3801,1007,2449697,,,4294967295,-1
True,2450.943,78693,167462,21.37375,-161.5383,0.075211402,0.131892948,2450943,2450945,false,4294967295,0,,,4294967295,-1,-1,-1,-1,0,0,0,11.54072,2.47613,1.863712,-58.00781,96.5332,1009.014,-28.88375,3.6325,38,-16,-45,48.33333,2026-08-29T20:15:30.178Z,3803,1007,2450943,,,4294967295,-1
True,2451.578,78206,166634,34.18625,-151.9853,0.121536935,0.222070304,2451578,2451580,false,4294967295,0,,,4294967295,-1,-1,-1,-1,0,0,0,11.54072,4.225792,0.809996,180.7617,260.1074,893.7793,-41.57125,10.8825,42,-15,-47,48.33333,2026-08-29T20:15:30.824Z,3804,1007,2451578,,,4294967295,-1
True,2452.824,77067,164714,32.24875,-146.2846,0.139625628,0.236222076,2452824,2452826,false,4294967295,0,,,4294967295,-1,-1,-1,-1,0,0,0,11.54072,9.266552,-2.203751,2.050781,203.9551,1092.51,-15.82125,-6.1175,37,-30,-47,48.33333,2026-08-29T20:15:32.192Z,3806,1007,2452824,,,4294967295,-1
True,2453.585,76361,163514,23.24875,-138.225,0.075231363,0.169270566,2453585,2453587,false,4294967295,0,,,4294967295,-1,-1,-1,-1,0,0,0,11.53726,7.259457,-3.94853,32.8125,41.8457,831.2793,-16.13375,14.2575,43,-43,-46,48.33333,2026-08-29T20:15:32.818Z,3807,1007,2453585,,,4294967295,-1
True,2454.83,75944,162786,10.56125,-135.1117,0.034359109,0.065635478,2454830,2454832,false,4294967295,0,,,4294967295,-1,-1,-1,-1,0,0,0,11.53726,7.347866,-2.08569,-38.96484,187.8418,933.8184,-22.19625,2.945,33,-42,-47,48.33333,2026-08-29T20:15:34.064Z,3809,1007,2454830,,,4294967295,-1
True,2455.408,75941,162650,4.49875,-133.3018,0,0.021590289,2455408,2455410,false,4294967295,0,,,4294967295,-1,-1,-1,-1,0,0,0,11.53726,5.54325,-2.218531,17.1875,142.4316,989.9707,-24.13375,0.445,33,-45,-45,48.88889,2026-08-29T20:15:34.777Z,3810,1007,2455408,,,4294967295,-1
True,2456.654,75449,162281,-2.18875,-132.6348,0.132085567,0.099198122,2456654,2456656,false,4294967295,0,,,4294967295,-1,-1,-1,-1,0,0,0,11.53726,4.024307,-0.800775,-70.21484,99.95117,1259.502,-25.82125,-6.93,33,-47,-49,48.33333,2026-08-29T20:15:36.022Z,3812,1007,2456654,,,4294967295,-1
True,2457.916,75046,162060,-3.68875,-131.2934,0.02068074,0,2457916,2457918,false,4294967295,0,,,4294967295,-1,-1,-1,-1,0,0,0,11.53726,4.919408,-0.769881,22.55859,193.2129,997.2949,-24.75875,-0.9925,33,-48,-47,48.33333,2026-08-29T20:15:37.285Z,3814,1007,2457916,,,4294967295,-1
True,2459.162,75216,162201,-0.31375,-130.3206,-0.054849346,-0.043914695,2459162,2459164,false,4294967295,0,,,4294967295,-1,-1,-1,-1,0,0,0,11.53726,5.303138,-0.835487,11.81641,198.0957,1052.959,-22.44625,0.8825,33,-49,-51,48.33333,2026-08-29T20:15:38.544Z,3816,1007,2459162,,,4294967295,-1
True,2459.94,75984,162979,5.37375,-129.9415,-0.188078406,-0.188078406,2459940,2459942,false,4294967295,0,,,4294967295,-1,-1,-1,-1,0,0,0,11.53726,4.579772,-1.414564,-27.24609,195.166,787.8223,-24.94625,-11.3675,33,-45,-47,48.88889,2026-08-29T20:15:39.173Z,3817,1007,2459940,,,4294967295,-1
True,2461.172,77157,164156,-0.12625,-131.3814,-0.100222285,-0.103746737,2461172,2461173,false,4294967295,0,,,4294967295,-1,-1,-1,-1,0,0,0,11.53726,4.695889,-1.729004,50.87891,230.8105,994.3652,-21.25875,-5.9925,35,-42,-48,49.44444,2026-08-29T20:15:40.540Z,3819,1007,2461172,,,4294967295,-1
True,2462.519,77886,164862,5.18625,-128.7901,-0.144455465,-0.137570376,2462519,2462520,false,4294967295,0,,,4294967295,-1,-1,-1,-1,0,0,0,11.53726,3.54818,-0.465221,-43.84766,42.33398,1058.33,-19.57125,-1.18,37,-53,-47,48.88889,2026-08-29T20:15:41.910Z,3821,1007,2462519,,,4294967295,-1
True,2463.795,79682,166620,1.37375,-129.4899,-0.226579421,-0.222728128,2463795,2463796,false,4294967295,0,,,4294967295,-1,-1,-1,-1,0,0,0,11.54477,3.493483,1.528957,12.30469,180.0293,848.3691,-30.19625,5.57,35,-37,-43,48.33333,2026-08-29T20:15:43.185Z,3823,1007,2463795,,,4294967295,-1
True,2465.039,80406,167355,-1.43875,-131.29,-0.033401523,-0.055693931,2465039,2465041,false,4294967295,0,,,4294967295,-1,-1,-1,-1,0,0,0,11.54477,2.348316,2.443578,-85.83984,132.1777,1003.154,-24.19625,0.3825,40,-37,-44,48.88889,2026-08-29T20:15:44.412Z,3825,1007,2465039,,,4294967295,-1
True,2465.777,80407,167381,1.31125,-133.412,0,0,2465777,2465779,false,4294967295,0,,,4294967295,-1,-1,-1,-1,0,0,0,11.54477,2.746521,1.765193,-16.50391,164.8926,996.3184,-24.69625,-0.6175,38,-38,-45,48.33333,2026-08-29T20:15:45.014Z,3826,1007,2465777,,,4294967295,-1
True,2466.904,80407,167381,0.87375,-133.9706,0,0,2466904,2466906,false,4294967295,0,,,4294967295,-1,-1,-1,-1,0,0,0,11.54477,2.916242,2.351441,-13.57422,160.9863,997.2949,-24.57125,16.32,37,-38,-42,48.33333,2026-08-29T20:15:46.276Z,3828,1007,2466904,,,4294967295,-1
True,2468.15,80954,167899,-3.62625,-132.499,-0.166416522,-0.166686918,2468150,2468152,false,4294967295,0,,,4294967295,-1,-1,-1,-1,0,0,0,11.54477,5.637345,-0.272316,14.74609,283.5449,1073.467,-28.69625,3.945,28,-45,-49,47.77778,2026-08-29T20:15:47.516Z,3830,1007,2468150,,,4294967295,-1
True,2468.883,81972,168900,4.06125,-132.0301,-0.214918839,-0.216890313,2468883,2468885,false,4294967295,0,,,4294967295,-1,-1,-1,-1,0,0,0,11.54477,8.022394,-0.920872,-70.70313,275.7324,950.9082,-31.25875,-9.3675,35,-45,-48,48.88889,2026-08-29T20:15:48.118Z,3831,1007,2468883,,,4294967295,-1
True,2470.115,83316,170258,-3.68875,-132.5309,-0.114992581,-0.117637294,2470115,2470116,false,4294967295,0,,,4294967295,-1,-1,-1,-1,0,0,0,11.54477,8.430734,-1.991915,85.05859,226.416,1110.088,-22.25875,-3.9925,30,-40,-51,48.33333,2026-08-29T20:15:49.498Z,3833,1007,2470115,,,4294967295,-1
True,2471.373,83566,170582,0.81125,-133.7217,0,-0.011054495,2471373,2471375,false,4294967295,0,,,4294967295,-1,-1,-1,-1,0,0,0,11.54477,5.30958,0.449118,-45.80078,179.0527,1001.689,-24.38375,-0.3675,34,-39,-48,48.33333,2026-08-29T20:15:50.743Z,3835,1007,2471373,,,4294967295,-1
True,2472.123,83553,170567,2.74875,-133.3271,0.040512312,0.020190919,2472123,2472125,false,4294967295,0,,,4294967295,-1,-1,-1,-1,0,0,0,11.54477,3.346215,2.231581,-35.05859,147.8027,1006.084,-24.50875,-0.3675,37,-39,-50,48.88889,2026-08-29T20:15:51.356Z,3836,1007,2472123,,,4294967295,-1
True,2473.369,83387,170385,1.81125,-132.5145,0,0,2473369,2473371,false,4294967295,0,,,4294967295,-1,-1,-1,-1,0,0,0,11.54477,3.907484,1.121719,-10.15625,162.4512,999.7363,-24.13375,-0.3675,34,-39,-47,48.88889,2026-08-29T20:15:52.606Z,3838,1007,2473369,,,4294967295,-1
True,2474.013,83334,170329,-0.06375,-129.4123,0.112847044,0.11283294,2474013,2474015,false,4294967295,0,,,4294967295,-1,-1,-1,-1,0,0,0,11.46893,3.883481,5.838796,-96.58203,118.5059,1038.311,-16.88375,-13.7425,34,-40,-46,48.88889,2026-08-29T20:15:53.249Z,3839,1007,2474013,,,4294967295,-1
True,2475.245,81939,168925,3.81125,-128.041,0.190705284,0.191805792,2475245,2475246,false,4294967295,0,,,4294967295,-1,-1,-1,-1,0,0,0,11.46893,6.782783,5.130244,5.46875,346.5332,644.7559,-36.32125,12.5075,39,-44,-46,48.33333,2026-08-29T20:15:54.479Z,3841,1007,2475245,,,4294967295,-1
True,2475.832,81066,168061,2.12375,-127.2956,0.244501928,0.244501928,2475832,2475834,false,4294967295,0,,,4294967295,-1,-1,-1,-1,0,0,0,11.46893,2.294431,2.496124,4.492188,11.08398,1124.248,-24.07125,-4.2425,34,-45,-49,50,2026-08-29T20:15:55.201Z,3842,1007,2475832,,,4294967295,-1
True,2477.078,79084,166081,5.56125,-125.9875,0.243843827,0.255134376,2477078,2477080,false,4294967295,0,,,4294967295,-1,-1,-1,-1,0,0,0,11.46893,1.183396,0.8866,-7.226563,279.1504,1065.166,-40.94625,-3.305,33,-44,-48,48.33333,2026-08-29T20:15:56.446Z,3844,1007,2477078,,,4294967295,-1
True,2478.444,76836,163843,2.87375,-125.8559,0.248953262,0.248731857,2478444,2478446,false,4294967295,0,,,4294967295,-1,-1,-1,-1,0,0,0,11.46893,-0.376453,0.682681,-17.96875,135.1074,1322.979,-2.571251,-15.305,32,-44,-49,48.33333,2026-08-29T20:15:57.727Z,3846,1007,2478444,,,4294967295,-1
True,2479.077,75781,162789,2.87375,-125.7832,0.241287278,0.260628305,2479077,2479078,false,4294967295,0,,,4294967295,-1,-1,-1,-1,0,0,0,11.46893,4.289668,3.352244,-172.7539,255.2246,796.123,-32.19625,-13.7425,33,-43,-47,48.33333,2026-08-29T20:15:58.391Z,3847,1007,2479077,,,4294967295,-1
True,2480.322,73722,160717,-0.43875,-123.2051,0.246519638,0.257457964,2480322,2480323,false,4294967295,0,,,4294967295,-1,-1,-1,-1,0,0,0,11.46893,2.51584,-0.545409,48.4375,170.2637,630.1074,-27.07125,15.195,27,-57,-49,48.33333,2026-08-29T20:15:59.558Z,3849,1007,2480322,,,4294967295,-1
True,2480.892,72777,159768,5.24875,-126.6351,0.254898131,0.257704692,2480892,2480894,false,4294967295,0,,,4294967295,-1,-1,-1,-1,0,0,0,11.46893,-1.96668,1.302987,-31.64063,-56.29883,700.9082,-35.88375,2.695,38,-40,-46,48.33333,2026-08-29T20:16:00.260Z,3850,1007,2480892,,,4294967295,-1
True,2482.272,70485,157459,3.56125,-126.9319,0.255153187,0.244401946,2482272,2482273,false,4294967295,0,,,4294967295,-1,-1,-1,-1,0,0,0,11.46893,1.452396,-0.553652,-11.62109,-61.66992,773.1738,-16.63375,19.0075,35,-45,-46,48.33333,2026-08-29T20:16:01.512Z,3852,1007,2482272,,,4294967295,-1
True,2483.516,68984,155964,-0.18875,-127.4233,0.113240555,0.113436916,2483516,2483518,false,4294967295,0,,,4294967295,-1,-1,-1,-1,0,0,0,11.46893,-0.135453,1.136845,-27.24609,57.4707,1110.088,-23.32125,4.945,35,-39,-47,48.88889,2026-08-29T20:16:02.752Z,3854,1007,2483516,,,4294967295,-1
True,2484.11,68761,155736,0.12375,-127.3456,0.043439257,0.032591204,2484110,2484112,false,4294967295,0,,,4294967295,-1,-1,-1,-1,0,0,0,11.53256,1.801193,0.00252,32.32422,120.9473,943.0957,-25.13375,3.445,35,-47,-46,48.88889,2026-08-29T20:16:03.489Z,3855,1007,2484110,,,4294967295,-1
True,2485.342,68663,155737,-9.50125,-127.481,0.000822566,-0.027146121,2485342,2485343,false,4294967295,0,,,4294967295,-1,-1,-1,-1,0,0,0,11.53256,2.805312,-0.500826,-11.62109,146.8262,1003.154,-23.88375,-0.9925,34,-50,-44,48.88889,2026-08-29T20:16:04.713Z,3857,1007,2485342,,,4294967295,-1
True,2486.736,69539,157274,-24.37625,-134.1427,-0.122690139,-0.212233985,2486736,2486737,false,4294967295,0,,,4294967295,-1,-1,-1,-1,0,0,0,11.53256,3.654855,-0.125994,30.85938,14.01367,1261.455,-10.50875,-4.43,32,-37,-47,48.88889,2026-08-29T20:16:05.968Z,3859,1007,2486736,,,4294967295,-1
True,2487.322,70049,158133,-26.68875,-138.4566,-0.094039203,-0.188078406,2487322,2487323,false,4294967295,0,,,4294967295,-1,-1,-1,-1,0,0,0,11.53256,6.247584,0.418391,-51.66016,229.834,868.877,-25.38375,-8.9925,40,-46,-47,48.33333,2026-08-29T20:16:06.689Z,3860,1007,2487322,,,4294967295,-1
True,2488.554,70419,158865,-5.62625,-141.6793,-0.029554597,-0.05801289,2488554,2488556,false,4294967295,0,,,4294967295,-1,-1,-1,-1,0,0,0,11.53256,2.53066,1.735196,-9.667969,184.9121,1019.756,-25.88375,1.6325,43,-25,-48,48.88889,2026-08-29T20:16:07.973Z,3862,1007,2488554,,,4294967295,-1
True,2489.351,70420,159011,-6.00125,-152.5466,0,-0.018824312,2489351,2489353,false,4294967295,0,,,4294967295,-1,-1,-1,-1,0,0,0,11.53256,3.069093,1.463716,-9.179688,173.6816,988.9941,-24.32125,1.0075,43,-26,-43,50,2026-08-29T20:16:08.585Z,3863,1007,2489351,,,4294967295,-1
True,2490.596,69568,158642,-16.37625,-156.0434,0.155070535,0.088637835,2490596,2490598,false,4294967295,0,,,4294967295,-1,-1,-1,-1,0,0,0,11.53256,1.267785,3.292881,-121.4844,73.0957,1246.318,-24.19625,-6.4925,33,-13,-47,48.88889,2026-08-29T20:16:09.830Z,3865,1007,2490596,,,4294967295,-1
True,2491.289,68651,158064,-27.06375,-173.049,0.244501928,0.131654884,2491289,2491291,false,4294967295,0,,,4294967295,-1,-1,-1,-1,0,0,0,11.53256,7.71014,0.748702,-70.70313,163.916,814.6777,-26.19625,-11.68,39,-16,-45,49.44444,2026-08-29T20:16:10.532Z,3866,1007,2491289,,,4294967295,-1
True,2492.534,66625,156856,-22.56375,-175.9187,0.245443354,0.149156668,2492534,2492536,false,4294967295,0,,,4294967295,-1,-1,-1,-1,0,0,0,11.53256,5.234041,4.386008,-117.0898,37.93945,671.6113,-24.25875,10.82,26,-10,-48,48.33333,2026-08-29T20:16:11.768Z,3868,1007,2492534,,,4294967295,-1
True,2493.144,65616,156265,-28.06375,175.9691,0.24434921,0.150181135,2493144,2493146,false,4294967295,0,,,4294967295,-1,-1,-1,-1,0,0,0,11.53256,3.743182,2.014201,-54.10156,77.97852,862.041,-12.82125,5.5075,16,-6,-49,48.88889,2026-08-29T20:16:12.519Z,3869,1007,2493144,,,4294967295,-1
True,2494.393,63555,155014,-27.93875,174.7014,0.250447519,0.149774203,2494393,2494395,false,4294967295,0,,,4294967295,-1,-1,-1,-1,0,0,0,11.47821,6.740544,0.447127,61.62109,141.4551,878.6426,-16.13375,1.3825,8,-9,-49,48.88889,2026-08-29T20:16:13.767Z,3871,1007,2494393,,,4294967295,-1
True,2495.639,61466,153755,-26.31375,175.4004,0.252507941,0.152647111,2495639,2495641,false,4294967295,0,,,4294967295,-1,-1,-1,-1,0,0,0,11.47821,14.3745,-4.801481,-41.40625,203.9551,1132.061,-26.82125,-1.8675,-1,-18,-49,48.88889,2026-08-29T20:16:15.015Z,3873,1007,2495639,,,4294967295,-1
True,2496.361,60272,153037,-22.00125,173.9591,0.263309769,0.150462725,2496361,2496363,false,4294967295,0,,,4294967295,-1,-1,-1,-1,0,0,0,11.47821,16.91805,-6.520518,3.027344,111.1816,945.0488,-24.88375,3.5075,-2,-30,-50,48.88889,2026-08-29T20:16:15.616Z,3874,1007,2496361,,,4294967295,-1
True,2497.591,58218,151822,-31.25125,173.5153,0.252821801,0.145604392,2497591,2497593,false,4294967295,0,,,4294967295,-1,-1,-1,-1,0,0,0,11.47821,22.23289,-7.999034,-16.50391,131.6895,1071.514,-18.32125,-0.4925,1,-45,-47,48.33333,2026-08-29T20:16:16.957Z,3876,1007,2497591,,,4294967295,-1
True,2498.836,56158,150577,-21.68875,175.9516,0.248283345,0.148688883,2498836,2498837,false,4294967295,0,,,4294967295,-1,-1,-1,-1,0,0,0,11.47821,23.52821,-6.39104,-63.37891,184.9121,1123.271,-25.50875,4.195,11,-50,-49,48.33333,2026-08-29T20:16:18.204Z,3878,1007,2498836,,,4294967295,-1
True,2499.589,54913,149837,-26.81375,-172.6191,0.263309769,0.150425119,2499589,2499590,false,4294967295,0,,,4294967295,-1,-1,-1,-1,0,0,0,11.47821,25.21684,-3.046349,-129.2969,348.4863,1526.592,-21.07125,-20.805,28,-52,-46,48.33333,2026-08-29T20:16:18.821Z,3879,1007,2499589,,,4294967295,-1
True,2500.82,52872,148616,-28.75125,-171.1458,0.246950199,0.146701999,2500820,2500822,false,4294967295,0,,,4294967295,-1,-1,-1,-1,0,0,0,11.47821,22.26798,-3.15451,-80.46875,169.2871,984.5996,-17.00875,-4.93,31,-49,-47,48.33333,2026-08-29T20:16:20.190Z,3881,1007,2500820,,,4294967295,-1
True,2501.604,51562,147823,-27.06375,-161.8791,0.244501928,0.150068794,2501604,2501606,false,4294967295,0,,,4294967295,-1,-1,-1,-1,0,0,0,11.47821,14.87051,-1.39603,-42.87109,182.4707,966.5332,-13.38375,-16.8675,38,-41,-46,48.33333,2026-08-29T20:16:20.842Z,3882,1007,2501604,,,4294967295,-1
True,2502.849,49479,146590,-30.87625,-162.533,0.251591616,0.153388054,2502849,2502851,false,4294967295,0,,,4294967295,-1,-1,-1,-1,0,0,0,11.47821,10.57963,-2.605482,160.2539,138.5254,851.7871,-28.19625,-5.93,45,-34,-46,48.33333,2026-08-29T20:16:22.083Z,3884,1007,2502849,,,4294967295,-1
True,2503.42,48526,146019,-23.50125,-164.2268,0.246660205,0.1531817,2503420,2503422,false,4294967295,0,,,4294967295,-1,-1,-1,-1,0,0,0,11.47821,7.300519,-1.216925,-73.14453,217.627,1509.014,-22.32125,14.195,40,-25,-48,48.33333,2026-08-29T20:16:22.790Z,3885,1007,2503420,,,4294967295,-1
True,2504.803,46218,144641,-31.12625,-167.4044,0.252441301,0.151552893,2504803,2504805,false,4294967295,0,,,4294967295,-1,-1,-1,-1,0,0,0,11.5091,6.162965,-0.440284,-94.62891,166.8457,937.2363,-33.88375,-7.68,31,-11,-46,48.33333,2026-08-29T20:16:24.051Z,3887,1007,2504803,,,4294967295,-1
True,2505.427,45189,144023,-29.68875,-176.9223,0.244501928,0.150462725,2505427,2505429,false,4294967295,0,,,4294967295,-1,-1,-1,-1,0,0,0,11.5091,8.740232,0.858948,31.34766,326.5137,1413.799,-29.63375,9.07,26,-12,-46,48.88889,2026-08-29T20:16:24.664Z,3888,1007,2505427,,,4294967295,-1
True,2506.66,43699,143144,-7.50125,-179.117,0.12753001,0.073566534,2506660,2506661,false,4294967295,0,,,4294967295,-1,-1,-1,-1,0,0,0,11.5091,4.749622,0.801723,10.83984,150.7324,1096.416,-20.44625,-6.1175,20,-3,-45,48.88889,2026-08-29T20:16:26.030Z,3890,1007,2506660,,,4294967295,-1
True,2507.933,43315,142968,-9.12625,-176.7675,0.044338507,0.022224922,2507933,2507935,false,4294967295,0,,,4294967295,-1,-1,-1,-1,0,0,0,11.5091,8.495087,0.425607,-77.05078,146.3379,1007.061,-24.69625,0.57,22,-13,-53,48.88889,2026-08-29T20:16:27.300Z,3892,1007,2507933,,,4294967295,-1
True,2508.637,42619,142302,-0.81375,-176.998,0.134410295,0.135656759,2508637,2508639,false,4294967295,0,,,4294967295,-1,-1,-1,-1,0,0,0,11.5091,6.814108,-0.447509,81.15234,239.1113,1176.006,-32.00875,7.82,12,-5,-47,48.88889,2026-08-29T20:16:27.872Z,3893,1007,2508637,,,4294967295,-1
True,2509.869,42206,141914,-1.75125,-177.6231,0.034797421,0.032374626,2509869,2509870,false,4294967295,0,,,4294967295,-1,-1,-1,-1,0,0,0,11.5091,2.973967,-0.595666,-33.59375,156.1035,1001.689,-24.94625,-3.4925,12,1,-51,48.88889,2026-08-29T20:16:29.106Z,3895,1007,2509869,,,4294967295,-1
True,2511.115,42204,141913,1.12375,-178.0853,0,0,2511115,2511117,false,4294967295,0,,,4294967295,-1,-1,-1,-1,0,0,0,11.5091,1.499683,-0.169635,-11.13281,156.1035,1000.225,-24.32125,-0.7425,13,0,-48,48.88889,2026-08-29T20:16:30.357Z,3897,1007,2511115,,,4294967295,-1
True,2511.756,42204,141913,1.24875,-178.8861,0,0,2511756,2511758,false,4294967295,0,,,4294967295,-1,-1,-1,-1,0,0,0,11.5091,1.071799,0.347886,-9.667969,154.6387,1001.689,-24.57125,-0.4925,12,1,-46,48.88889,2026-08-29T20:16:30.991Z,3898,1007,2511756,,,4294967295,-1
True,2512.987,42204,142102,-9.62625,-179.43,0,-0.040980428,2512987,2512989,false,4294967295,0,,,4294967295,-1,-1,-1,-1,0,0,0,11.5091,1.173243,0.338327,0.585938,139.502,989.4824,-23.57125,0.8825,8,0,-47,48.33333,2026-08-29T20:16:32.253Z,3900,1007,2512987,,,4294967295,-1
True,2513.676,42558,142732,-24.81375,168.4899,-0.119731611,-0.198814383,2513676,2513677,false,4294967295,0,,,4294967295,-1,-1,-1,-1,0,0,0,11.5091,10.57045,-2.213645,-1.855469,204.4434,1231.182,-18.82125,8.7575,6,-17,-48,48.88889,2026-08-29T20:16:32.915Z,3901,1007,2513676,,,4294967295,-1
True,2514.952,43787,144714,-29.37625,165.7207,-0.145311978,-0.241445248,2514952,2514953,false,4294967295,0,,,4294967295,-1,-1,-1,-1,0,0,0,11.52872,17.41655,-2.155216,-70.21484,503.2715,1253.154,-16.63375,-5.055,5,-17,-48,48.88889,2026-08-29T20:16:34.188Z,3903,1007,2514952,,,4294967295,-1
True,2516.198,44057,145444,-14.06375,164.9363,0,-0.04057513,2516198,2516199,false,4294967295,0,,,4294967295,-1,-1,-1,-1,0,0,0,11.52872,17.19902,-5.36469,-22.85156,160.0098,993.3887,-24.00875,0.82,-3,-27,-49,48.33333,2026-08-29T20:16:35.433Z,3905,1007,2516198,,,4294967295,-1
True,2516.801,44057,145538,-4.87625,166.5578,0,-0.01880549,2516801,2516803,false,4294967295,0,,,4294967295,-1,-1,-1,-1,0,0,0,11.52872,18.16928,-7.22654,-12.59766,156.1035,1008.037,-24.38375,0.445,-5,-28,-47,48.88889,2026-08-29T20:16:36.037Z,3906,1007,2516801,,,4294967295,-1
True,2518.046,43860,145357,1.24875,168.1308,0.042567644,0.03991978,2518046,2518048,false,4294967295,0,,,4294967295,-1,-1,-1,-1,0,0,0,11.52872,17.5653,-6.554841,-14.0625,153.6621,1026.592,-25.07125,-0.1175,-2,-26,-45,48.88889,2026-08-29T20:16:37.421Z,3908,1007,2518046,,,4294967295,-1
True,2519.305,42466,143981,3.99875,170.348,0.201906334,0.211710602,2519305,2519307,false,4294967295,0,,,4294967295,-1,-1,-1,-1,0,0,0,11.52872,23.2378,-8.455094,178.3203,316.2598,544.1699,-35.57125,11.945,-1,-29,-47,48.88889,2026-08-29T20:16:38.670Z,3910,1007,2519305,,,4294967295,-1
True,2520.031,41390,142908,3.18625,173.1033,0.175839081,0.185105155,2520031,2520032,false,4294967295,0,,,4294967295,-1,-1,-1,-1,0,0,0,11.52872,20.79994,-11.08461,31.83594,8.154297,966.5332,-10.19625,-12.68,-6,-35,-49,48.88889,2026-08-29T20:16:39.265Z,3911,1007,2520031,,,4294967295,-1
True,2520.614,40973,142480,-15.00125,176.6564,0.085441638,0.08545377,2520614,2520616,false,4294967295,0,,,4294967295,-1,-1,-1,-1,0,0,0,11.52872,17.86777,-10.10285,155.8594,135.5957,902.5684,-21.75875,2.1325,-1,-31,-49,48.33333,2026-08-29T20:16:39.985Z,3912,1007,2520614,,,4294967295,-1
True,2521.845,40729,142190,6.87375,177.9974,0.002744343,0.020858263,2521845,2521846,false,4294967295,0,,,4294967295,-1,-1,-1,-1,0,0,0,11.52872,16.8525,-8.568124,3.515625,152.1973,1000.713,-24.32125,0.3825,-1,-27,-49,48.33333,2026-08-29T20:16:41.213Z,3914,1007,2521845,,,4294967295,-1
True,2523.105,40638,142188,1.18625,179.9069,-0.00027379,0,2523105,2523106,false,4294967295,0,,,4294967295,-1,-1,-1,-1,0,0,0,11.52872,17.0911,-8.326174,-4.296875,162.4512,1005.596,-24.50875,-0.9925,1,-29,-49,48.88889,2026-08-29T20:16:42.474Z,3916,1007,2523105,,,4294967295,-1
True,2524.363,39232,140770,-1.31375,-176.2434,0.202795137,0.214479089,2524363,2524365,false,4294967295,0,,,4294967295,-1,-1,-1,-1,0,0,0,11.52872,19.8114,-8.716266,114.8438,-39.20898,882.5488,-26.32125,12.195,-1,-43,-51,48.88889,2026-08-29T20:16:43.733Z,3918,1007,2524363,,,4294967295,-1
True,2525.084,38160,139696,1.31125,-175.9251,0.182312765,0.183760045,2525084,2525086,false,4294967295,0,,,4294967295,-1,-1,-1,-1,0,0,0,11.53264,17.25091,-9.14133,144.6289,246.9238,701.3965,-24.57125,-5.7425,5,-20,-49,48.33333,2026-08-29T20:16:44.324Z,3919,1007,2525084,,,4294967295,-1
True,2526.329,37507,139045,-1.50125,-173.8062,0.044234228,0.044400657,2526329,2526331,false,4294967295,0,,,4294967295,-1,-1,-1,-1,0,0,0,11.53264,17.00356,-11.53902,80.17578,139.0137,894.2676,-23.44625,-0.1175,-6,-34,-49,48.88889,2026-08-29T20:16:45.565Z,3921,1007,2526329,,,4294967295,-1
True,2526.997,37423,139005,-37.06375,-174.2587,0.112847044,-0.037676906,2526997,2526999,false,4294967295,0,,,4294967295,-1,-1,-1,-1,0,0,0,11.53264,17.40403,-7.91304,33.78906,136.5723,937.2363,-25.19625,-2.68,-2,-33,-47,48.88889,2026-08-29T20:16:46.233Z,3922,1007,2526997,,,4294967295,-1
True,2528.242,36985,139012,-7.43875,-172.123,0.033406466,0,2528242,2528244,false,4294967295,0,,,4294967295,-1,-1,-1,-1,0,0,0,11.53264,19.16274,-9.602137,22.07031,180.5176,989.4824,-24.19625,-0.68,0,-38,-51,48.33333,2026-08-29T20:16:47.478Z,3924,1007,2528242,,,4294967295,-1
True,2529.503,36951,139012,0.87375,-166.9698,0,0,2529503,2529505,false,4294967295,0,,,4294967295,-1,-1,-1,-1,0,0,0,11.53264,18.9729,-11.46543,4.003906,163.916,1002.178,-24.69625,0.07,-3,-43,-50,48.88889,2026-08-29T20:16:48.738Z,3926,1007,2529503,,,4294967295,-1
True,2530.099,36951,139030,-13.18875,-157.7205,0,-0.056423522,2530099,2530101,false,4294967295,0,,,4294967295,-1,-1,-1,-1,0,0,0,11.53264,17.04934,-12.70133,59.17969,149.7559,988.0176,-23.63375,1.695,3,-43,-50,48.33333,2026-08-29T20:16:49.335Z,3927,1007,2530099,,,4294967295,-1
True,2531.346,37287,140456,-39.81375,-157.7901,-0.076705198,-0.208230153,2531346,2531347,false,4294967295,0,,,4294967295,-1,-1,-1,-1,0,0,0,11.53264,18.35653,-10.0638,55.76172,212.7441,767.3145,-25.07125,12.0075,12,-53,-50,48.88889,2026-08-29T20:16:50.579Z,3929,1007,2531346,,,4294967295,-1
True,2532.592,38288,142368,-25.81375,-158.7094,-0.13163843,-0.230838488,2532592,2532594,false,4294967295,0,,,4294967295,-1,-1,-1,-1,0,0,0,11.53264,16.6812,-6.56829,-29.6875,206.3965,1217.021,-18.00875,-8.6175,28,-39,-47,48.88889,2026-08-29T20:16:51.962Z,3931,1007,2532592,,,4294967295,-1
True,2533.322,38978,143537,-24.06375,-156.7875,-0.150462725,-0.244501928,2533322,2533324,false,4294967295,0,,,4294967295,-1,-1,-1,-1,0,0,0,11.53264,15.82542,-4.409344,37.69531,243.9941,684.3066,-29.88375,-6.305,30,-44,-47,48.88889,2026-08-29T20:16:52.558Z,3932,1007,2533322,,,4294967295,-1
True,2534.567,40193,145587,-30.00125,-157.6081,-0.145399517,-0.247392237,2534567,2534569,false,4294967295,0,,,4294967295,-1,-1,-1,-1,0,0,0,11.53264,12.40652,-2.889569,35.74219,212.7441,1157.451,-28.00875,-1.1175,36,-32,-48,48.33333,2026-08-29T20:16:53.817Z,3934,1007,2534567,,,4294967295,-1
True,2535.226,40842,146676,-22.50125,-164.5286,-0.131605532,-0.225976558,2535226,2535227,false,4294967295,0,,,4294967295,-1,-1,-1,-1,0,0,0,11.50081,12.88557,0.341545,-58.00781,311.8652,700.9082,-23.69625,3.7575,38,-31,-50,50,2026-08-29T20:16:54.460Z,3935,1007,2535226,,,4294967295,-1
True,2536.458,41243,147424,-7.93875,-165.4349,-0.029960849,-0.063667831,2536458,2536460,false,4294967295,0,,,4294967295,-1,-1,-1,-1,0,0,0,11.50081,9.034494,-0.187013,-5.761719,176.123,1027.568,-25.07125,-1.1175,37,-19,-48,48.33333,2026-08-29T20:16:55.833Z,3937,1007,2536458,,,4294967295,-1
True,2537.243,41245,147558,1.68625,-164.0052,0,0,2537243,2537245,false,4294967295,0,,,4294967295,-1,-1,-1,-1,0,0,0,11.50081,5.205154,0.908037,-33.59375,164.4043,1003.154,-24.38375,-1.43,37,-16,-47,48.33333,2026-08-29T20:16:56.478Z,3938,1007,2537243,,,4294967295,-1
True,2538.475,41245,147558,-14.75125,-164.3797,0,0,2538475,2538476,false,4294967295,0,,,4294967295,-1,-1,-1,-1,0,0,0,11.50081,4.994373,0.873269,-17.48047,166.8457,1000.713,-24.25875,0.195,37,-15,-46,48.33333,2026-08-29T20:16:57.707Z,3940,1007,2538475,,,4294967295,-1
True,2539.601,41244,147557,1.18625,-163.4436,0,0,2539601,2539602,false,4294967295,0,,,4294967295,-1,-1,-1,-1,0,0,0,11.50081,4.897111,0.786949,-17.96875,165.8691,998.7598,-24.44625,0.07,38,-16,-46,48.33333,2026-08-29T20:16:58.967Z,3942,1007,2539601,,,4294967295,-1
True,2540.348,40964,147300,-0.62625,-163.4112,0.112847044,0.112847044,2540348,2540349,false,4294967295,0,,,4294967295,-1,-1,-1,-1,0,0,0,11.50081,2.460933,5.450986,-134.1797,45.26367,922.5879,-22.44625,-8.4925,38,-15,-49,48.88889,2026-08-29T20:16:59.585Z,3943,1007,2540348,,,4294967295,-1
True,2541.607,39489,145871,5.74875,-160.5125,0.210143471,0.210267121,2541607,2541608,false,4294967295,0,,,4294967295,-1,-1,-1,-1,0,0,0,11.50081,4.911058,2.100889,-100.9766,251.3184,981.6699,-37.19625,-1.8675,42,-23,-47,48.33333,2026-08-29T20:17:00.845Z,3945,1007,2541607,,,4294967295,-1
True,2542.839,38154,144549,2.43625,-160.8218,0.11300052,0.11498248,2542839,2542841,false,4294967295,0,,,4294967295,-1,-1,-1,-1,0,0,0,11.50081,1.427288,1.355639,-54.58984,187.8418,985.5762,-25.44625,-6.305,44,-12,-45,48.33333,2026-08-29T20:17:02.241Z,3947,1007,2542839,,,4294967295,-1
True,2543.582,37914,144306,4.74875,-158.4233,0.018807841,0.037615681,2543582,2543584,false,4294967295,0,,,4294967295,-1,-1,-1,-1,0,0,0,11.50081,4.045584,-0.783943,12.30469,163.916,998.2715,-25.19625,2.3825,43,-20,-47,48.88889,2026-08-29T20:17:02.872Z,3948,1007,2543582,,,4294967295,-1
True,2544.827,37823,144213,1.12375,-157.3973,0,0,2544827,2544829,false,4294967295,0,,,4294967295,-1,-1,-1,-1,0,0,0,11.50081,4.765098,-0.226298,-9.667969,159.5215,999.7363,-24.38375,-1.1175,38,-22,-46,48.88889,2026-08-29T20:17:04.062Z,3950,1007,2544827,,,4294967295,-1
True,2545.485,37820,144214,-1.12625,-155.5939,0,0,2545485,2545486,false,4294967295,0,,,4294967295,-1,-1,-1,-1,0,0,0,11.53668,3.702742,1.043941,-51.17188,125.3418,970.4395,-24.57125,2.0075,38,-21,-45,48.88889,2026-08-29T20:17:04.719Z,3951,1007,2545485,,,4294967295,-1
True,2546.73,36455,144988,-94.25125,-167.2813,0.186392649,-0.152842704,2546730,2546731,false,4294967295,0,,,4294967295,-1,-1,-1,-1,0,0,0,11.53668,4.963418,1.11497,-19.43359,160.0098,674.541,-18.94625,6.945,12,-9,-50,48.33333,2026-08-29T20:17:05.965Z,3953,1007,2546730,,,4294967295,-1
True,2547.308,35622,145714,-109.5638,179.0932,0.188007903,-0.16908035,2547308,2547310,false,4294967295,0,,,4294967295,-1,-1,-1,-1,0,0,0,11.53668,19.43014,-4.388789,-86.81641,79.44336,1139.873,-27.69625,-9.43,1,-37,-49,50,2026-08-29T20:17:06.677Z,3954,1007,2547308,,,4294967295,-1
True,2548.541,34905,146374,-28.56375,179.4262,0.059120268,-0.057478143,2548541,2548543,false,4294967295,0,,,4294967295,-1,-1,-1,-1,0,0,0,11.53668,22.13601,-5.838356,-27.73438,142.9199,958.7207,-25.38375,-2.7425,15,-49,-49,48.88889,2026-08-29T20:17:07.916Z,3956,1007,2548541,,,4294967295,-1
True,2549.788,34797,146479,1.43625,-174.5354,0,0.000274113,2549788,2549790,false,4294967295,0,,,4294967295,-1,-1,-1,-1,0,0,0,11.53668,22.35745,-6.91169,-13.57422,163.4277,1001.201,-24.38375,-0.43,18,-50,-48,48.88889,2026-08-29T20:17:09.164Z,3958,1007,2549788,,,4294967295,-1
True,2550.532,34797,146479,1.06125,-156.5061,0,0,2550532,2550534,false,4294967295,0,,,4294967295,-1,-1,-1,-1,0,0,0,11.53668,17.33587,-7.689293,-11.13281,166.3574,997.7832,-24.57125,-1.3675,19,-49,-48,48.33333,2026-08-29T20:17:09.765Z,3959,1007,2550532,,,4294967295,-1
True,2551.791,34797,146479,1.31125,-148.7808,0,0,2551791,2551792,false,4294967295,0,,,4294967295,-1,-1,-1,-1,0,0,0,11.53668,14.96471,-7.62192,-12.59766,169.2871,1001.201,-24.88375,-1.8675,18,-49,-48,49.44444,2026-08-29T20:17:11.024Z,3961,1007,2551791,,,4294967295,-1
True,2552.902,34797,146479,1.68625,-143.7311,0,0,2552902,2552904,false,4294967295,0,,,4294967295,-1,-1,-1,-1,0,0,0,11.53668,13.10287,-7.092475,-13.08594,163.4277,997.7832,-24.38375,0.1325,19,-51,-49,48.33333,2026-08-29T20:17:12.278Z,3963,1007,2552902,,,4294967295,-1
True,2553.681,34797,146479,1.24875,-128.5807,0,0,2553681,2553683,false,4294967295,0,,,4294967295,-1,-1,-1,-1,0,0,0,11.53668,8.461501,-5.075133,-12.59766,164.4043,998.2715,-24.63375,-1.18,17,-50,-48,48.88889,2026-08-29T20:17:13.018Z,3964,1007,2553681,,,4294967295,-1
True,2554.912,34797,146479,0.68625,-126.7767,0,0,2554912,2554913,false,4294967295,0,,,4294967295,-1,-1,-1,-1,0,0,0,11.53668,7.73446,-4.478596,-11.13281,164.8926,999.248,-24.44625,-1.2425,19,-50,-49,48.88889,2026-08-29T20:17:14.152Z,3966,1007,2554912,,,4294967295,-1
True,2556.054,34797,146479,1.43625,-123.7793,0,0,2556054,2556056,false,4294967295,0,,,4294967295,-1,-1,-1,-1,0,0,0,11.54505,6.649137,-3.365355,-11.62109,165.8691,1000.225,-24.75875,-0.3675,18,-48,-47,48.88889,2026-08-29T20:17:15.423Z,3968,1007,2556054,,,4294967295,-1
True,2556.779,34778,146497,-33.68875,-125.2582,0.075212559,-0.075062472,2556779,2556781,false,4294967295,0,,,4294967295,-1,-1,-1,-1,0,0,0,11.54505,4.825456,-0.084457,-39.45313,141.4551,1073.955,-22.32125,-0.93,25,-51,-44,48.88889,2026-08-29T20:17:16.011Z,3969,1007,2556779,,,4294967295,-1
True,2558.025,33937,147316,-31.68875,-135.4409,0.056034085,-0.06735629,2558025,2558026,false,4294967295,0,,,4294967295,-1,-1,-1,-1,0,0,0,11.54505,2.485121,2.80076,-3.320313,145.8496,1054.424,-22.57125,1.1325,40,-35,-48,48.88889,2026-08-29T20:17:17.260Z,3971,1007,2558025,,,4294967295,-1
True,2559.257,33763,147481,-6.43875,-137.8561,0.015419423,-0.012996332,2559257,2559258,false,4294967295,0,,,4294967295,-1,-1,-1,-1,0,0,0,11.54505,1.945256,2.445087,16.69922,162.4512,995.8301,-24.07125,0.6325,39,-28,-43,48.33333,2026-08-29T20:17:18.623Z,3973,1007,2559257,,,4294967295,-1
True,2560.006,33763,147480,1.06125,-139.8305,0,0,2560006,2560008,false,4294967295,0,,,4294967295,-1,-1,-1,-1,0,0,0,11.54505,2.262018,1.689224,-11.13281,160.9863,998.7598,-24.57125,-0.93,37,-28,-46,48.88889,2026-08-29T20:17:19.249Z,3974,1007,2560006,,,4294967295,-1
True,2561.264,33118,148112,-89.31375,-155.6885,0.158108395,-0.169376426,2561264,2561265,false,4294967295,0,,,4294967295,-1,-1,-1,-1,0,0,0,11.54505,-1.3233,1.68415,68.45703,147.8027,978.7402,-24.07125,10.8825,34,-11,-46,48.33333,2026-08-29T20:17:20.495Z,3976,1007,2561264,,,4294967295,-1
True,2561.92,32320,148922,-74.12625,142.8972,0.119986224,-0.099948668,2561920,2561921,false,4294967295,0,,,4294967295,-1,-1,-1,-1,0,0,0,11.54505,10.25222,4.259878,-112.207,131.6895,1384.99,-17.82125,-6.8675,6,-10,-49,48.33333,2026-08-29T20:17:21.155Z,3977,1007,2561920,,,4294967295,-1
True,2563.151,32080,149079,-2.00125,143.2321,0.018946885,-0.006389038,2563151,2563152,false,4294967295,0,,,4294967295,-1,-1,-1,-1,0,0,0,11.54505,13.96331,1.375879,-5.761719,166.8457,998.2715,-24.13375,0.07,7,-20,-47,48.33333,2026-08-29T20:17:22.391Z,3979,1007,2563151,,,4294967295,-1
True,2563.754,32080,149079,1.31125,145.3019,0,0,2563754,2563755,false,4294967295,0,,,4294967295,-1,-1,-1,-1,0,0,0,11.54505,14.19018,-1.578843,1.5625,161.4746,996.8066,-24.57125,-0.305,2,-18,-50,48.88889,2026-08-29T20:17:23.135Z,3980,1007,2563754,,,4294967295,-1
True,2564.984,32080,149079,0.93625,145.8245,0,0,2564984,2564986,false,4294967295,0,,,4294967295,-1,-1,-1,-1,0,0,0,11.54505,14.42621,-1.539051,-5.761719,163.916,998.2715,-23.94625,1.3825,3,-19,-49,48.88889,2026-08-29T20:17:24.363Z,3982,1007,2564984,,,4294967295,-1
True,2566.247,32080,149079,0.56125,146.4843,0,0,2566247,2566249,false,4294967295,0,,,4294967295,-1,-1,-1,-1,0,0,0,11.53689,14.12422,-1.591017,-6.738281,162.9395,996.8066,-24.69625,-0.8675,3,-18,-50,48.33333,2026-08-29T20:17:25.614Z,3984,1007,2566247,,,4294967295,-1
True,2566.971,32080,149079,-0.12625,147.7089,0,0,2566971,2566973,false,4294967295,0,,,4294967295,-1,-1,-1,-1,0,0,0,11.53689,15.02289,-1.732904,3.027344,155.6152,1003.154,-24.69625,-1.555,6,-20,-48,48.88889,2026-08-29T20:17:26.245Z,3985,1007,2566971,,,4294967295,-1
True,2568.202,32080,149079,0.31125,148.0584,0,0,2568202,2568203,false,4294967295,0,,,4294967295,-1,-1,-1,-1,0,0,0,11.53689,13.87733,-1.456742,-6.738281,160.9863,998.7598,-24.19625,-0.055,2,-17,-48,48.88889,2026-08-29T20:17:27.435Z,3987,1007,2568202,,,4294967295,-1
True,2569.313,32080,149079,1.18625,148.8177,0,0,2569313,2569315,false,4294967295,0,,,4294967295,-1,-1,-1,-1,0,0,0,11.53689,13.88726,-1.67434,-3.320313,160.0098,1001.201,-24.57125,0.445,3,-18,-48,48.33333,2026-08-29T20:17:28.681Z,3989,1007,2569313,,,4294967295,-1
True,2570.076,32080,149079,1.87375,151.4252,0,0,2570076,2570078,false,4294967295,0,,,4294967295,-1,-1,-1,-1,0,0,0,11.53689,14.06664,-1.600137,8.398438,165.8691,996.8066,-24.63375,0.0075,3,-18,-49,48.88889,2026-08-29T20:17:29.312Z,3990,1007,2570076,,,4294967295,-1
True,2571.308,32080,149079,0.81125,152.0187,0,0,2571308,2571309,false,4294967295,0,,,4294967295,-1,-1,-1,-1,0,0,0,11.53689,14.20461,-1.707281,-2.34375,160.9863,999.248,-24.38375,1.2575,3,-19,-49,48.33333,2026-08-29T20:17:30.585Z,3992,1007,2571308,,,4294967295,-1
True,2572.432,32081,149080,1.18625,153.3235,0,0,2572432,2572434,false,4294967295,0,,,4294967295,-1,-1,-1,-1,0,0,0,11.53689,15.30585,-2.404459,-1.855469,162.4512,999.7363,-24.38375,-0.6175,5,-21,-48,48.33333,2026-08-29T20:17:31.799Z,3994,1007,2572432,,,4294967295,-1
True,2573.226,32414,149862,-14.50125,145.4633,-0.131770183,-0.189071029,2573226,2573228,false,4294967295,0,,,4294967295,-1,-1,-1,-1,0,0,0,11.53689,17.18313,-1.628182,-194.2383,175.1465,945.0488,-18.32125,-13.43,1,-20,-49,48.88889,2026-08-29T20:17:32.461Z,3995,1007,2573226,,,4294967295,-1
True,2574.457,34172,151802,-4.50125,145.9339,-0.226986188,-0.243997305,2574457,2574458,false,4294967295,0,,,4294967295,-1,-1,-1,-1,0,0,0,11.53689,21.82801,-6.291361,65.03906,292.334,1003.154,-18.63375,-3.9925,6,-28,-48,48.88889,2026-08-29T20:17:33.824Z,3997,1007,2574457,,,4294967295,-1
True,2575.719,36205,153907,-3.25125,146.7591,-0.245052851,-0.25217937,2575719,2575721,false,4294967295,0,,,4294967295,-1,-1,-1,-1,0,0,0,11.48889,22.26538,-5.485908,0.097656,241.5527,773.1738,-30.50875,-4.6175,1,-25,-49,48.33333,2026-08-29T20:17:35.093Z,3999,1007,2575719,,,4294967295,-1
True,2577.05,37959,155713,1.93625,151.1544,-0.133756851,-0.138140736,2577050,2577051,false,4294967295,0,,,4294967295,-1,-1,-1,-1,0,0,0,11.48889,24.88287,-5.809929,-119.043,250.3418,937.2363,-11.88375,0.8825,1,-34,-48,48.33333,2026-08-29T20:17:36.416Z,4001,1007,2577050,,,4294967295,-1
True,2578.307,38313,156112,-3.87625,151.9991,0,-0.022504147,2578307,2578309,false,4294967295,0,,,4294967295,-1,-1,-1,-1,0,0,0,11.48889,16.52496,-1.099264,-61.42578,150.2441,987.041,-24.38375,5.0075,1,-20,-49,48.33333,2026-08-29T20:17:37.676Z,4003,1007,2578307,,,4294967295,-1
True,2579.568,38817,155931,60.31125,158.3818,-0.154468611,0.072218807,2579568,2579570,false,4294967295,0,,,4294967295,-1,-1,-1,-1,0,0,0,11.48889,13.46266,-4.501299,7.910156,220.5566,1035.381,-26.69625,1.0075,0,-20,-56,48.88889,2026-08-29T20:17:38.937Z,4005,1007,2579568,,,4294967295,-1
True,2580.35,39782,155235,65.31125,-149.7081,-0.121832166,0.080731174,2580350,2580352,false,4294967295,0,,,4294967295,-1,-1,-1,-1,0,0,0,11.48889,-2.273432,1.665733,-19.43359,32.56836,1033.916,-19.07125,-10.055,30,-4,-48,48.33333,2026-08-29T20:17:39.582Z,4006,1007,2580350,,,4294967295,-1
True,2581.581,39917,155115,1.24875,-150.8163,-0.000440622,0.000440661,2581581,2581583,false,4294967295,0,,,4294967295,-1,-1,-1,-1,0,0,0,11.48889,-2.809938,2.549803,-12.59766,159.0332,999.7363,-24.50875,-0.6175,31,-4,-45,48.33333,2026-08-29T20:17:40.950Z,4008,1007,2581581,,,4294967295,-1
True,2582.362,39917,155115,1.18625,-160.0536,0,0,2582362,2582364,false,4294967295,0,,,4294967295,-1,-1,-1,-1,0,0,0,11.48889,-1.275,2.31646,-11.13281,161.9629,999.248,-24.19625,0.445,34,-5,-46,48.33333,2026-08-29T20:17:41.596Z,4009,1007,2582362,,,4294967295,-1
True,2583.606,40556,155376,25.12375,-157.685,-0.147390206,-0.056816979,2583606,2583607,false,4294967295,0,,,4294967295,-1,-1,-1,-1,0,0,0,11.48889,0.973639,1.203874,-59.47266,161.4746,1090.068,-21.94625,-11.805,38,-16,-47,48.88889,2026-08-29T20:17:42.842Z,4011,1007,2583606,,,4294967295,-1
True,2584.836,42307,156798,9.56125,-156.4415,-0.226354288,-0.197671311,2584836,2584837,false,4294967295,0,,,4294967295,-1,-1,-1,-1,0,0,0,11.48889,3.962865,-1.069625,86.03516,260.5957,874.248,-31.50875,-1.1175,33,-13,-49,48.88889,2026-08-29T20:17:44.202Z,4013,1007,2584836,,,4294967295,-1
True,2585.579,43512,157894,7.31125,-154.9148,-0.244593651,-0.226004844,2585579,2585581,false,4294967295,0,,,4294967295,-1,-1,-1,-1,0,0,0,11.48889,4.166043,-3.517334,117.7734,149.7559,940.6543,-23.25875,-2.305,41,-24,-47,48.88889,2026-08-29T20:17:44.835Z,4014,1007,2585579,,,4294967295,-1
True,2586.841,45595,159902,1.81125,-154.9849,-0.251522282,-0.241412116,2586841,2586843,false,4294967295,0,,,4294967295,-1,-1,-1,-1,0,0,0,11.48064,4.123859,-2.282063,42.08984,213.7207,962.627,-21.13375,3.945,43,-23,-49,48.88889,2026-08-29T20:17:46.075Z,4016,1007,2586841,,,4294967295,-1
True,2587.491,46676,160957,1.37375,-151.243,-0.244501928,-0.243861791,2587491,2587493,false,4294967295,0,,,4294967295,-1,-1,-1,-1,0,0,0,11.48064,10.45708,-0.905222,100.1953,365.5762,1285.381,-37.25875,-9.055,34,-25,-47,48.33333,2026-08-29T20:17:46.724Z,4017,1007,2587491,,,4294967295,-1
True,2588.721,48732,162994,5.87375,-152.7384,-0.249984262,-0.24800651,2588721,2588723,false,4294967295,0,,,4294967295,-1,-1,-1,-1,0,0,0,11.48064,5.87843,-0.38504,-67.28516,122.4121,1016.338,-24.75875,-5.3675,39,-24,-50,48.33333,2026-08-29T20:17:48.093Z,4019,1007,2588721,,,4294967295,-1
True,2589.51,50045,164309,4.31125,-155.4293,-0.244440818,-0.243588471,2589510,2589512,false,4294967295,0,,,4294967295,-1,-1,-1,-1,0,0,0,11.48064,2.303656,2.218881,-239.6484,159.5215,1217.021,-28.63375,1.2575,36,-20,-49,48.33333,2026-08-29T20:17:48.743Z,4020,1007,2589510,,,4294967295,-1
True,2590.74,50817,165087,0.93625,-153.0195,-0.06376418,-0.064646729,2590740,2590742,false,4294967295,0,,,4294967295,-1,-1,-1,-1,0,0,0,11.48064,4.405311,0.816099,-58.00781,71.14258,1077.861,-22.13375,4.695,35,-32,-48,48.33333,2026-08-29T20:17:50.108Z,4022,1007,2590740,,,4294967295,-1
True,2591.523,50824,165126,0.74875,-145.1645,0,0,2591523,2591525,false,4294967295,0,,,4294967295,-1,-1,-1,-1,0,0,0,11.48064,5.251812,-0.112656,-21.38672,158.5449,997.7832,-24.44625,-1.68,37,-33,-48,48.88889,2026-08-29T20:17:50.757Z,4023,1007,2591523,,,4294967295,-1
True,2592.766,50824,165126,0.68625,-144.3388,0,0,2592766,2592768,false,4294967295,0,,,4294967295,-1,-1,-1,-1,0,0,0,11.48064,4.986444,0.016107,-16.99219,162.4512,1000.225,-24.69625,-1.055,37,-33,-48,48.33333,2026-08-29T20:17:51.999Z,4025,1007,2592766,,,4294967295,-1
True,2594.01,50824,165126,0.99875,-143.8703,0,0,2594010,2594012,false,4294967295,0,,,4294967295,-1,-1,-1,-1,0,0,0,11.48064,4.512554,0.338127,-17.96875,160.9863,999.248,-24.38375,-0.7425,37,-31,-47,48.88889,2026-08-29T20:17:53.247Z,4027,1007,2594010,,,4294967295,-1
True,2594.634,50855,165166,-26.43875,-148.8694,0.037615681,-0.094039203,2594634,2594636,false,4294967295,0,,,4294967295,-1,-1,-1,-1,0,0,0,11.48064,4.926444,-1.466796,12.30469,186.377,907.9395,-24.13375,0.8825,43,-33,-46,48.33333,2026-08-29T20:17:53.911Z,4028,1007,2594634,,,4294967295,-1
True,2595.878,50685,166002,-14.87625,-151.9595,0,-0.056298258,2595878,2595879,false,4294967295,0,,,4294967295,-1,-1,-1,-1,0,0,0,11.48064,5.173172,-1.122543,-13.57422,176.6113,967.5098,-24.32125,-0.3675,22,-21,-49,48.33333,2026-08-29T20:17:55.128Z,4030,1007,2595878,,,4294967295,-1
True,2596.542,50679,166133,-10.93875,-151.2144,0.037601581,-0.037559342,2596542,2596544,false,4294967295,0,,,4294967295,-1,-1,-1,-1,0,0,0,11.53293,4.524313,-0.397437,-28.71094,91.65039,1012.92,-23.50875,-0.2425,27,-23,-39,48.33333,2026-08-29T20:17:55.775Z,4031,1007,2596542,,,4294967295,-1
True,2597.786,49308,167485,-111.6263,-160.284,0.205052169,-0.19531661,2597786,2597787,false,4294967295,0,,,4294967295,-1,-1,-1,-1,0,0,0,11.53293,6.278788,-6.378335,-122.9492,-180.8105,1572.002,-10.69625,-14.055,7,-39,-47,48.33333,2026-08-29T20:17:57.021Z,4033,1007,2597786,,,4294967295,-1
True,2599.031,48006,168796,-58.43875,-162.7408,0.090640196,-0.102479531,2599031,2599033,false,4294967295,0,,,4294967295,-1,-1,-1,-1,0,0,0,11.53293,12.55577,-5.808501,-4.296875,132.666,941.6309,-25.38375,8.0075,27,-45,-47,48.88889,2026-08-29T20:17:58.398Z,4035,1007,2599031,,,4294967295,-1
True,2599.787,47743,169069,-26.75125,-162.1068,0.037615681,-0.056423522,2599787,2599789,false,4294967295,0,,,4294967295,-1,-1,-1,-1,0,0,0,11.53293,11.0066,-2.018976,-10.15625,158.5449,988.0176,-25.13375,3.3825,39,-36,-47,48.33333,2026-08-29T20:17:59.020Z,4036,1007,2599787,,,4294967295,-1
True,2601.031,46980,169841,-86.00125,-165.453,0.140500841,-0.139629014,2601031,2601032,false,4294967295,0,,,4294967295,-1,-1,-1,-1,0,0,0,11.53293,12.2975,-0.597384,-16.50391,244.4824,663.7988,-16.82125,-4.6175,38,-32,-49,48.33333,2026-08-29T20:18:00.263Z,4038,1007,2601031,,,4294967295,-1
True,2601.712,46697,170110,-7.31375,-177.641,0.018814896,-0.018843172,2601712,2601714,false,4294967295,0,,,4294967295,-1,-1,-1,-1,0,0,0,11.53293,7.514867,-1.450446,41.11328,160.9863,989.4824,-24.57125,1.0075,18,-10,-47,48.33333,2026-08-29T20:18:00.949Z,4039,1007,2601712,,,4294967295,-1
True,2602.97,46697,170122,0.18625,-175.5194,0,0,2602970,2602972,false,4294967295,0,,,4294967295,-1,-1,-1,-1,0,0,0,11.53293,6.841418,-0.673836,2.050781,146.8262,997.2949,-24.25875,1.7575,21,-11,-48,48.33333,2026-08-29T20:18:02.288Z,4041,1007,2602970,,,4294967295,-1
True,2603.693,46661,170155,-45.25125,-177.9751,0.094039203,-0.09402745,2603693,2603695,false,4294967295,0,,,4294967295,-1,-1,-1,-1,0,0,0,11.53293,4.226895,1.438356,-24.31641,107.7637,870.8301,-22.07125,0.445,24,-6,-46,48.88889,2026-08-29T20:18:03.002Z,4042,1007,2603693,,,4294967295,-1
True,2604.937,45819,170983,-35.50125,172.8563,0.067483941,-0.064829626,2604937,2604939,false,4294967295,0,,,4294967295,-1,-1,-1,-1,0,0,0,11.53293,4.769875,0.990147,-37.01172,151.2207,1008.037,-24.38375,3.8825,12,-11,-45,48.33333,2026-08-29T20:18:04.176Z,4044,1007,2604937,,,4294967295,-1
True,2606.182,45695,171182,-1.18875,174.5792,0,-0.011509426,2606182,2606183,false,4294967295,0,,,4294967295,-1,-1,-1,-1,0,0,0,11.53293,11.24297,-1.411404,-31.15234,158.5449,995.8301,-24.57125,-0.805,8,-16,-46,48.33333,2026-08-29T20:18:05.550Z,4046,1007,2606182,,,4294967295,-1
True,2606.927,45695,171182,1.06125,176.913,0,0,2606927,2606929,false,4294967295,0,,,4294967295,-1,-1,-1,-1,0,0,0,11.53837,12.412,-3.071216,-5.273438,160.498,1003.154,-24.19625,0.945,4,-19,-49,48.88889,2026-08-29T20:18:06.161Z,4047,1007,2606927,,,4294967295,-1
True,2608.157,45695,171182,0.81125,177.4401,0,0,2608157,2608159,false,4294967295,0,,,4294967295,-1,-1,-1,-1,0,0,0,11.53837,12.56039,-3.847619,-6.25,160.498,1001.201,-24.19625,0.7575,3,-19,-48,48.88889,2026-08-29T20:18:07.390Z,4049,1007,2608157,,,4294967295,-1
True,2608.72,45695,171182,0.81125,178.2209,0,0,2608720,2608721,false,4294967295,0,,,4294967295,-1,-1,-1,-1,0,0,0,11.53837,12.62103,-3.651679,-5.761719,161.9629,1001.201,-24.57125,0.695,5,-19,-48,48.33333,2026-08-29T20:18:07.971Z,4050,1007,2608720,,,4294967295,-1
True,2609.964,45695,171182,1.24875,179.3219,0,0,2609964,2609965,false,4294967295,0,,,4294967295,-1,-1,-1,-1,0,0,0,11.53837,11.8755,-3.19066,-3.320313,157.5684,997.2949,-24.82125,-1.8675,6,-17,-49,48.33333,2026-08-29T20:18:09.200Z,4052,1007,2609964,,,4294967295,-1
True,2611.21,45908,171584,-6.43875,-179.7927,-0.055320501,-0.086621672,2611210,2611212,false,4294967295,0,,,4294967295,-1,-1,-1,-1,0,0,0,11.53837,12.57005,-5.01862,26.46484,154.6387,977.2754,-24.75875,-0.43,5,-17,-49,48.88889,2026-08-29T20:18:10.458Z,4054,1007,2611210,,,4294967295,-1
True,2611.836,46498,172110,10.74875,-174.3396,-0.169207113,-0.1313921,2611836,2611838,false,4294967295,0,,,4294967295,-1,-1,-1,-1,0,0,0,11.53837,13.24643,-8.501432,-29.19922,190.7715,971.9043,-18.57125,-9.055,-2,-23,-54,48.33333,2026-08-29T20:18:11.072Z,4055,1007,2611836,,,4294967295,-1
True,2613.069,48173,173306,18.99875,-171.6261,-0.213491683,-0.145411866,2613069,2613070,false,4294967295,0,,,4294967295,-1,-1,-1,-1,0,0,0,11.53837,11.84477,-7.647188,120.2148,90.18555,1223.857,-17.88375,8.82,5,-18,-49,48.33333,2026-08-29T20:18:12.434Z,4057,1007,2613069,,,4294967295,-1
True,2614.327,50160,174548,22.62375,-167.7429,-0.243233975,-0.147418277,2614327,2614329,false,4294967295,0,,,4294967295,-1,-1,-1,-1,0,0,0,11.53837,7.008803,-3.543697,-176.6602,92.13867,1186.26,-23.75875,-18.18,12,-4,-50,48.33333,2026-08-29T20:18:13.695Z,4059,1007,2614327,,,4294967295,-1
True,2615.046,50732,174933,9.68625,-162.0265,-0.075231363,-0.037615681,2615046,2615048,false,4294967295,0,,,4294967295,-1,-1,-1,-1,0,0,0,11.53837,7.279634,-1.864792,-96.09375,78.4668,1190.654,-20.94625,2.32,12,-18,-48,48.88889,2026-08-29T20:18:14.282Z,4060,1007,2615046,,,4294967295,-1
True,2616.278,51058,175053,1.24875,-160.6365,-0.026433528,-0.025110896,2616278,2616280,false,4294967295,0,,,4294967295,-1,-1,-1,-1,0,0,0,11.53837,6.873237,-1.728819,-15.03906,149.2676,998.7598,-23.88375,2.57,23,-15,-46,48.88889,2026-08-29T20:18:15.645Z,4062,1007,2616278,,,4294967295,-1
True,2617.539,51058,175053,0.74875,-159.9375,0,0,2617539,2617540,false,4294967295,0,,,4294967295,-1,-1,-1,-1,0,0,0,11.52609,4.901032,-0.631671,-7.226563,154.1504,1000.225,-24.25875,0.1325,24,-13,-46,48.33333,2026-08-29T20:18:16.906Z,4064,1007,2617539,,,4294967295,-1
True,2618.27,51058,175053,1.24875,-159.5576,0,0,2618270,2618271,false,4294967295,0,,,4294967295,-1,-1,-1,-1,0,0,0,11.52609,3.9564,0.136645,-7.714844,154.1504,1001.201,-24.50875,0.0075,25,-13,-47,48.33333,2026-08-29T20:18:17.502Z,4065,1007,2618270,,,4294967295,-1
True,2619.5,51058,175053,1.31125,-159.0585,0,0,2619500,2619501,false,4294967295,0,,,4294967295,-1,-1,-1,-1,0,0,0,11.52609,4.286513,0.103918,-8.691406,153.6621,997.7832,-24.69625,-0.4925,24,-15,-46,49.44444,2026-08-29T20:18:18.731Z,4067,1007,2619500,,,4294967295,-1
True,2620.068,51058,175053,1.12375,-158.497,0,0,2620068,2620070,false,4294967295,0,,,4294967295,-1,-1,-1,-1,0,0,0,11.52609,4.357846,0.061718,-7.226563,156.1035,999.248,-24.38375,0.5075,24,-14,-46,48.88889,2026-08-29T20:18:19.308Z,4068,1007,2620068,,,4294967295,-1
True,2621.328,51056,175057,0.31125,-157.8963,0,-0.011349681,2621328,2621330,false,4294967295,0,,,4294967295,-1,-1,-1,-1,0,0,0,11.52609,4.159939,0.336463,-22.85156,150.7324,1005.107,-24.44625,-0.43,32,-19,-45,48.33333,2026-08-29T20:18:20.564Z,4070,1007,2621328,,,4294967295,-1
True,2622.587,50275,176401,-94.93875,-167.5355,0.136062751,-0.194115984,2622587,2622589,false,4294967295,0,,,4294967295,-1,-1,-1,-1,0,0,0,11.52609,7.976033,-8.071427,40.13672,-33.34961,717.998,-27.44625,-0.43,-8,-25,-49,48.33333,2026-08-29T20:18:21.820Z,4072,1007,2622587,,,4294967295,-1
True,2623.208,50011,176799,-29.62625,-173.7584,0.037615681,-0.056423522,2623208,2623210,false,4294967295,0,,,4294967295,-1,-1,-1,-1,0,0,0,11.52609,18.7715,-7.286174,5.957031,162.9395,992.9004,-21.38375,-1.805,4,-32,-47,48.88889,2026-08-29T20:18:22.441Z,4073,1007,2623208,,,4294967295,-1
True,2624.466,49901,177095,-3.56375,-170.7235,0,-0.011379725,2624466,2624468,false,4294967295,0,,,4294967295,-1,-1,-1,-1,0,0,0,11.52609,19.43985,-7.713864,-16.50391,188.8184,1000.225,-24.63375,-0.18,8,-39,-47,48.33333,2026-08-29T20:18:23.714Z,4075,1007,2624466,,,4294967295,-1
True,2625.138,49923,177074,12.37375,-147.519,-0.018814896,0.018847892,2625138,2625140,false,4294967295,0,,,4294967295,-1,-1,-1,-1,0,0,0,11.52609,13.78994,-8.958569,-6.738281,170.752,986.0645,-23.88375,-1.055,12,-38,-44,49.44444,2026-08-29T20:18:24.387Z,4076,1007,2625138,,,4294967295,-1
True,2626.368,49922,177073,0.93625,-145.2281,0,0,2626368,2626370,false,4294967295,0,,,4294967295,-1,-1,-1,-1,0,0,0,11.52609,12.82357,-8.072767,-7.226563,169.2871,996.3184,-24.19625,0.07,9,-38,-49,48.88889,2026-08-29T20:18:25.603Z,4078,1007,2626368,,,4294967295,-1
True,2627.645,49922,177073,0.68625,-139.9858,0,0,2627645,2627646,false,4294967295,0,,,4294967295,-1,-1,-1,-1,0,0,0,11.54877,11.81102,-7.934,-2.832031,167.334,999.248,-24.38375,-0.43,8,-41,-46,48.88889,2026-08-29T20:18:26.887Z,4080,1007,2627645,,,4294967295,-1
True,2628.251,49951,177045,42.68625,-127.2893,-0.075203161,0.075034397,2628251,2628253,false,4294967295,0,,,4294967295,-1,-1,-1,-1,0,0,0,11.54877,10.83526,-9.35427,-16.99219,176.123,918.1934,-26.75875,-4.8675,4,-37,-51,48.88889,2026-08-29T20:18:27.492Z,4081,1007,2628251,,,4294967295,-1
True,2629.481,50760,176246,37.74875,-120.4951,-0.070161427,0.064424864,2629481,2629483,false,4294967295,0,,,4294967295,-1,-1,-1,-1,0,0,0,11.54877,8.967574,-10.11017,27.92969,178.0762,975.8105,-27.13375,-1.9925,-3,-33,-51,48.88889,2026-08-29T20:18:28.849Z,4083,1007,2629481,,,4294967295,-1
True,2630.725,50878,176092,0.87375,-118.8371,0,0.000274318,2630725,2630726,false,4294967295,0,,,4294967295,-1,-1,-1,-1,0,0,0,11.54877,5.898498,-5.357295,-0.878906,161.9629,997.2949,-24.88375,-0.7425,4,-27,-48,48.33333,2026-08-29T20:18:30.100Z,4085,1007,2630725,,,4294967295,-1
True,2631.464,50878,176036,1.12375,-116.5042,0,0,2631464,2631466,false,4294967295,0,,,4294967295,-1,-1,-1,-1,0,0,0,11.54877,4.586389,-3.104579,-16.01563,153.1738,1004.131,-24.94625,1.57,5,-26,-46,48.88889,2026-08-29T20:18:30.712Z,4086,1007,2631464,,,4294967295,-1
True,2632.694,51276,176275,14.56125,-115.9871,-0.086259445,-0.051842696,2632694,2632696,false,4294967295,0,,,4294967295,-1,-1,-1,-1,0,0,0,11.54877,3.293838,-0.860847,-18.94531,130.7129,1001.689,-21.75875,4.32,10,-15,-47,48.33333,2026-08-29T20:18:31.926Z,4088,1007,2632694,,,4294967295,-1
True,2633.263,51771,176789,0.87375,-116.7,-0.130691038,-0.169588544,2633263,2633265,false,4294967295,0,,,4294967295,-1,-1,-1,-1,0,0,0,11.54877,4.118926,-0.112347,100.1953,271.8262,1232.158,-19.38375,-1.93,7,-10,-49,48.33333,2026-08-29T20:18:32.633Z,4089,1007,2633263,,,4294967295,-1
True,2634.508,53004,178467,-17.68875,-118.1433,-0.146693822,-0.214769122,2634508,2634510,false,4294967295,0,,,4294967295,-1,-1,-1,-1,0,0,0,11.54877,5.354639,0.681839,-149.8047,34.52148,1286.846,-26.75875,-0.805,3,-21,-48,48.33333,2026-08-29T20:18:33.888Z,4091,1007,2634508,,,4294967295,-1
True,2635.873,54375,180608,-24.50125,-118.4887,-0.151552491,-0.241336156,2635873,2635874,false,4294967295,0,,,4294967295,-1,-1,-1,-1,0,0,0,11.54877,5.548777,-2.111511,-100.9766,174.1699,1316.631,-16.94625,-10.055,-5,-30,-47,48.33333,2026-08-29T20:18:35.104Z,4093,1007,2635873,,,4294967295,-1
True,2636.499,55010,181634,-27.31375,-123.4553,-0.150462725,-0.244532495,2636499,2636501,false,4294967295,0,,,4294967295,-1,-1,-1,-1,0,0,0,11.54877,8.29561,-8.908111,51.85547,327.002,1128.643,-32.07125,5.2575,1,-39,-48,48.88889,2026-08-29T20:18:35.734Z,4094,1007,2636499,,,4294967295,-1
True,2637.761,56244,183723,-28.25125,-123.89,-0.146231753,-0.248730964,2637761,2637763,false,4294967295,0,,,4294967295,-1,-1,-1,-1,0,0,0,11.49281,4.2219,-7.716433,-22.36328,148.291,977.7637,-10.13375,-2.055,9,-49,-50,48.33333,2026-08-29T20:18:37.012Z,4096,1007,2637761,,,4294967295,-1
True,2638.39,56874,184767,-29.93875,-123.9917,-0.169270566,-0.244501928,2638390,2638392,false,4294967295,0,,,4294967295,-1,-1,-1,-1,0,0,0,11.49281,9.995833,-3.062927,6.445313,350.9277,781.9629,-22.00875,5.195,15,-52,-48,48.88889,2026-08-29T20:18:37.623Z,4097,1007,2638390,,,4294967295,-1
True,2639.635,58107,186832,-30.50125,-128.3489,-0.147159901,-0.249761059,2639635,2639637,false,4294967295,0,,,4294967295,-1,-1,-1,-1,0,0,0,11.49281,4.457006,-0.601475,-73.63281,-25.53711,973.3691,-13.63375,-1.68,23,-47,-48,48.88889,2026-08-29T20:18:39.005Z,4099,1007,2639635,,,4294967295,-1
True,2640.426,58903,188156,-46.50125,-141.3191,-0.150462725,-0.245145435,2640426,2640428,false,4294967295,0,,,4294967295,-1,-1,-1,-1,0,0,0,11.49281,5.152432,0.037407,-59.96094,245.9473,1145.244,-28.50875,-5.8675,40,-46,-44,48.33333,2026-08-29T20:18:39.661Z,4100,1007,2640426,,,4294967295,-1
True,2641.657,60134,190222,-30.37625,-144.1349,-0.150428367,-0.252621638,2641657,2641659,false,4294967295,0,,,4294967295,-1,-1,-1,-1,0,0,0,11.49281,3.862357,-1.720483,-17.48047,-18.70117,1026.592,-22.44625,-13.8675,40,-33,-49,48.33333,2026-08-29T20:18:41.023Z,4102,1007,2641657,,,4294967295,-1
True,2642.437,60923,191526,-23.00125,-158.1991,-0.150462725,-0.244501928,2642437,2642439,false,4294967295,0,,,4294967295,-1,-1,-1,-1,0,0,0,11.49281,8.315526,0.057534,-132.2266,188.8184,1646.709,-15.82125,-1.18,38,-29,-48,50,2026-08-29T20:18:41.670Z,4103,1007,2642437,,,4294967295,-1
True,2643.696,61801,193020,-11.62625,-163.3232,-0.052059624,-0.083054012,2643696,2643697,false,4294967295,0,,,4294967295,-1,-1,-1,-1,0,0,0,11.49281,4.198781,3.769165,-163.4766,163.916,964.0918,-25.25875,-3.43,29,-12,-46,49.44444,2026-08-29T20:18:43.000Z,4105,1007,2643696,,,4294967295,-1
True,2644.928,62539,193787,12.49875,-162.1922,-0.1352235,-0.120868476,2644928,2644929,false,4294967295,0,,,4294967295,-1,-1,-1,-1,0,0,0,11.49281,5.43771,2.014252,59.66797,237.6465,1037.334,-24.88375,13.1325,38,-21,-45,48.33333,2026-08-29T20:18:44.296Z,4107,1007,2644928,,,4294967295,-1
True,2645.695,63518,194498,18.56125,-153.9362,-0.206886247,-0.150462725,2645695,2645697,false,4294967295,0,,,4294967295,-1,-1,-1,-1,0,0,0,11.49281,4.226964,1.54213,-120.0195,199.5605,886.4551,-28.13375,-10.055,35,-17,-49,48.88889,2026-08-29T20:18:44.928Z,4108,1007,2645695,,,4294967295,-1
True,2646.939,65404,195724,34.62375,-149.7081,-0.228562548,-0.148780363,2646939,2646940,false,4294967295,0,,,4294967295,-1,-1,-1,-1,0,0,0,11.49281,4.252677,0.704413,10.35156,152.6855,896.709,-28.57125,-3.305,33,-22,-47,48.88889,2026-08-29T20:18:46.176Z,4110,1007,2646939,,,4294967295,-1
True,2647.509,66327,196281,27.06125,-142.2087,-0.24706523,-0.142382517,2647509,2647511,false,4294967295,0,,,4294967295,-1,-1,-1,-1,0,0,0,11.49281,7.446721,-1.443068,7.910156,198.584,677.4707,-35.69625,-0.93,44,-45,-46,48.88889,2026-08-29T20:18:46.876Z,4111,1007,2647509,,,4294967295,-1
True,2648.758,68365,197529,35.81125,-137.8419,-0.247046038,-0.146625752,2648758,2648760,false,4294967295,0,,,4294967295,-1,-1,-1,-1,0,0,0,11.48093,6.247278,-2.328691,56.25,88.7207,947.9785,-25.82125,6.32,31,-44,-48,48.33333,2026-08-29T20:18:48.164Z,4113,1007,2648758,,,4294967295,-1
True,2650.136,70651,198910,26.49875,-130.6258,-0.258141331,-0.15750547,2650136,2650138,false,4294967295,0,,,4294967295,-1,-1,-1,-1,0,0,0,11.48093,10.23995,-5.490026,-24.80469,273.291,766.3379,-39.88375,-14.43,22,-52,-49,48.88889,2026-08-29T20:18:49.369Z,4115,1007,2650136,,,4294967295,-1
True,2650.73,71625,199498,34.43625,-116.7818,-0.244440818,-0.131408494,2650730,2650732,false,4294967295,0,,,4294967295,-1,-1,-1,-1,0,0,0,11.48093,7.478067,-5.072947,-96.09375,339.6973,1097.881,-28.32125,-13.8675,14,-51,-51,48.33333,2026-08-29T20:18:50.097Z,4116,1007,2650730,,,4294967295,-1
True,2651.962,73654,200705,27.81125,-112.4674,-0.246155563,-0.146927956,2651962,2651964,false,4294967295,0,,,4294967295,-1,-1,-1,-1,0,0,0,11.48093,7.168423,-4.136647,-41.89453,112.1582,906.9629,-30.00875,-2.7425,-2,-45,-51,48.88889,2026-08-29T20:18:51.330Z,4118,1007,2651962,,,4294967295,-1
True,2652.744,74974,201490,28.12375,-92.57506,-0.240965261,-0.159726884,2652744,2652746,false,4294967295,0,,,4294967295,-1,-1,-1,-1,0,0,0,11.48093,1.509344,-0.348693,-99.51172,57.95898,1141.338,-24.57125,-5.8675,2,-34,-51,48.33333,2026-08-29T20:18:51.976Z,4119,1007,2652744,,,4294967295,-1
True,2653.974,77048,202700,31.37375,-89.10986,-0.254856638,-0.150928972,2653974,2653976,false,4294967295,0,,,4294967295,-1,-1,-1,-1,0,0,0,11.48093,0.742609,-0.529062,-21.875,136.084,1024.639,-20.82125,-2.305,-3,-19,-53,48.33333,2026-08-29T20:18:53.344Z,4121,1007,2653974,,,4294967295,-1
True,2654.758,78363,203473,28.56125,-73.53797,-0.263309769,-0.150050087,2654758,2654760,false,4294967295,0,,,4294967295,-1,-1,-1,-1,0,0,0,11.48093,4.47441,3.948563,120.7031,213.2324,863.0176,-23.75875,13.6325,9,-11,-48,48.33333,2026-08-29T20:18:53.992Z,4122,1007,2654758,,,4294967295,-1
True,2656.002,80376,204709,34.56125,-70.82913,-0.25959363,-0.147124139,2656002,2656003,false,4294967295,0,,,4294967295,-1,-1,-1,-1,0,0,0,11.48093,0.742238,8.452433,95.80078,80.41992,965.0684,-18.07125,10.5075,16,-4,-47,48.88889,2026-08-29T20:18:55.234Z,4124,1007,2656002,,,4294967295,-1
True,2656.664,81475,205358,27.74875,-56.33791,-0.26160431,-0.161440692,2656664,2656666,false,4294967295,0,,,4294967295,-1,-1,-1,-1,0,0,0,11.48093,5.409825,12.12797,232.5195,435.8887,713.6035,-21.75875,-3.555,18,-17,-49,48.33333,2026-08-29T20:18:55.902Z,4125,1007,2656664,,,4294967295,-1
True,2657.896,82229,205691,16.99875,-57.80639,-0.05971119,-0.004627046,2657896,2657897,false,4294967295,0,,,4294967295,-1,-1,-1,-1,0,0,0,11.48093,1.252505,16.69765,9.863281,183.4473,985.5762,-25.25875,-15.18,28,-7,-47,48.88889,2026-08-29T20:18:57.278Z,4127,1007,2657896,,,4294967295,-1
True,2658.929,82519,205932,-14.75125,-104.9527,-0.131687806,-0.207041528,2658929,2658930,false,4294967295,0,,,4294967295,-1,-1,-1,-1,0,0,0,11.53685,-7.599619,14.20197,-26.26953,-14.30664,821.5137,-42.69625,2.6325,33,-10,-47,48.88889,2026-08-29T20:18:58.170Z,4128,1007,2658929,,,4294967295,-1
True,2661.586,85159,210294,-31.93875,104.327,-0.150122612,-0.254284458,2661586,2661588,false,4294967295,0,,,4294967295,-1,-1,-1,-1,0,0,0,11.53685,11.52927,1.149668,36.71875,409.0332,935.7715,-36.13375,8.0075,2,-15,-50,49.44444,2026-08-29T20:19:00.951Z,4131,1007,2661586,,,4294967295,-1
True,2662.857,86413,212412,-34.87625,98.87851,-0.148498483,-0.251438233,2662857,2662859,false,4294967295,0,,,4294967295,-1,-1,-1,-1,0,0,0,11.53685,18.06061,4.206913,-56.05469,211.7676,761.4551,-28.25875,11.7575,-2,-24,-49,48.33333,2026-08-29T20:19:02.252Z,4133,1007,2662857,,,4294967295,-1
True,2664.102,87665,214486,-27.43875,96.17922,-0.150710438,-0.250718233,2664102,2664103,false,4294967295,0,,,4294967295,-1,-1,-1,-1,0,0,0,11.53685,25.72066,0.383419,145.6055,128.2715,1299.053,-23.57125,16.2575,0,-44,-49,48.88889,2026-08-29T20:19:03.470Z,4135,1007,2664102,,,4294967295,-1
True,2664.815,88367,215671,-26.37625,93.17382,-0.150481535,-0.244563069,2664815,2664817,false,4294967295,0,,,4294967295,-1,-1,-1,-1,0,0,0,11.53685,23.48588,4.827198,-165.918,51.61133,1218.975,-30.25875,-7.4925,8,-38,-51,50,2026-08-29T20:19:04.059Z,4136,1007,2664815,,,4294967295,-1
True,2666.046,89596,217718,-34.62625,92.89648,-0.149362911,-0.251069786,2666046,2666047,false,4294967295,0,,,4294967295,-1,-1,-1,-1,0,0,0,11.53685,30.1968,6.200766,91.40625,77.97852,1119.365,-21.38375,4.5075,23,-54,-49,48.33333,2026-08-29T20:19:05.415Z,4138,1007,2666046,,,4294967295,-1
True,2667.291,90834,219798,-29.18875,92.31246,-0.149031041,-0.252326905,2667291,2667293,false,4294967295,0,,,4294967295,-1,-1,-1,-1,0,0,0,11.53685,33.04379,10.54901,33.30078,147.8027,897.1973,-24.88375,1.945,28,-49,-49,48.33333,2026-08-29T20:19:06.658Z,4140,1007,2667291,,,4294967295,-1
True,2668.035,91580,221027,-26.50125,93.93635,-0.150425119,-0.262718652,2668035,2668036,false,4294967295,0,,,4294967295,-1,-1,-1,-1,0,0,0,11.53685,29.72008,17.8683,-60.44922,46.24023,783.4277,-31.44625,-5.3675,36,-49,-47,47.77778,2026-08-29T20:19:07.269Z,4141,1007,2668035,,,4294967295,-1
True,2669.296,92850,223136,-28.50125,92.83174,-0.167578028,-0.257392538,2669296,2669297,false,4294967295,0,,,4294967295,-1,-1,-1,-1,0,0,0,11.49268,23.68554,19.45689,61.62109,225.4395,1104.229,-31.38375,16.195,37,-30,-46,48.88889,2026-08-29T20:19:08.528Z,4143,1007,2669296,,,4294967295,-1
True,2670.567,94109,225251,-25.87625,94.52479,-0.124321338,-0.227113547,2670567,2670569,false,4294967295,0,,,4294967295,-1,-1,-1,-1,0,0,0,11.49268,20.17406,20.67093,-148.3398,109.7168,1196.025,-8.133751,-10.18,38,-15,-43,48.33333,2026-08-29T20:19:09.809Z,4145,1007,2670567,,,4294967295,-1
True,2671.156,94397,225740,2.12375,99.60719,-0.112847044,-0.11283294,2671156,2671158,false,4294967295,0,,,4294967295,-1,-1,-1,-1,0,0,0,11.49268,18.90383,12.80457,72.85156,222.5098,1038.311,-25.88375,-3.055,31,-13,-50,48.88889,2026-08-29T20:19:10.528Z,4146,1007,2671156,,,4294967295,-1
True,2672.401,95851,226963,10.68625,107.578,-0.214624007,-0.147157345,2672401,2672402,false,4294967295,0,,,4294967295,-1,-1,-1,-1,0,0,0,11.49268,19.79396,15.5229,-16.50391,132.1777,955.791,-15.69625,13.82,41,-10,-49,48.33333,2026-08-29T20:19:11.766Z,4148,1007,2672401,,,4294967295,-1
True,2673.154,96969,227744,20.62375,130.9767,-0.225694088,-0.150462725,2673154,2673155,false,4294967295,0,,,4294967295,-1,-1,-1,-1,0,0,0,11.49268,28.2543,7.897322,77.73438,146.3379,646.709,-19.19625,4.945,36,-31,-49,49.44444,2026-08-29T20:19:12.393Z,4149,1007,2673154,,,4294967295,-1
True,2674.385,98924,228994,26.12375,137.6064,-0.242814374,-0.15624054,2674385,2674386,false,4294967295,0,,,4294967295,-1,-1,-1,-1,0,0,0,11.49268,29.56756,7.105726,57.71484,249.3652,1062.725,-24.57125,2.7575,38,-31,-47,48.88889,2026-08-29T20:19:13.622Z,4151,1007,2674385,,,4294967295,-1
True,2674.971,99881,229573,29.24875,153.6233,-0.263309769,-0.150462725,2674971,2674973,false,4294967295,0,,,4294967295,-1,-1,-1,-1,0,0,0,11.49268,25.49699,4.817686,-34.08203,209.8145,847.8809,-26.07125,3.6325,36,-32,-50,48.33333,2026-08-29T20:19:14.342Z,4152,1007,2674971,,,4294967295,-1
True,2676.203,101922,230811,28.93625,161.8802,-0.248787582,-0.15004277,2676203,2676204,false,4294967295,0,,,4294967295,-1,-1,-1,-1,0,0,0,11.49268,25.95938,1.24206,40.625,183.4473,1307.354,-24.75875,11.7575,34,-46,-50,48.33333,2026-08-29T20:19:15.570Z,4154,1007,2676203,,,4294967295,-1
True,2677.58,104199,232199,32.31125,171.5791,-0.248294875,-0.154132128,2677580,2677582,false,4294967295,0,,,4294967295,-1,-1,-1,-1,0,0,0,11.49268,29.4891,-6.626157,-7.226563,352.3926,750.7129,-34.19625,0.32,14,-49,-48,48.33333,2026-08-29T20:19:16.817Z,4156,1007,2677580,,,4294967295,-1
True,2678.193,105223,232797,30.43625,-167.365,-0.263309769,-0.169270566,2678193,2678195,false,4294967295,0,,,4294967295,-1,-1,-1,-1,0,0,0,11.49268,20.61123,-8.76893,-88.28125,167.8223,990.9473,-23.13375,-8.055,13,-46,-49,48.88889,2026-08-29T20:19:17.432Z,4157,1007,2678193,,,4294967295,-1
True,2679.442,107291,234026,32.31125,-162.6165,-0.250076313,-0.145565947,2679442,2679444,false,4294967295,0,,,4294967295,-1,-1,-1,-1,0,0,0,11.4846,19.62904,-8.131217,8.398438,278.6621,934.7949,-27.07125,1.5075,6,-34,-52,48.88889,2026-08-29T20:19:18.818Z,4159,1007,2679442,,,4294967295,-1
True,2680.685,109363,235275,31.56125,-156.1124,-0.251220568,-0.152645334,2680685,2680687,false,4294967295,0,,,4294967295,-1,-1,-1,-1,0,0,0,11.4846,17.93566,-8.90887,-70.21484,225.9277,877.1777,-26.07125,-8.805,-4,-24,-49,48.33333,2026-08-29T20:19:20.055Z,4161,1007,2680685,,,4294967295,-1
True,2681.396,110538,235980,35.43625,-149.4961,-0.244532495,-0.15050035,2681396,2681398,false,4294967295,0,,,4294967295,-1,-1,-1,-1,0,0,0,11.4846,10.14951,-5.426654,69.43359,205.9082,968.9746,-36.94625,-3.4925,2,-18,-51,48.33333,2026-08-29T20:19:20.629Z,4162,1007,2681396,,,4294967295,-1
True,2682.654,112630,237233,29.56125,-143.1297,-0.241144564,-0.149257186,2682654,2682655,false,4294967295,0,,,4294967295,-1,-1,-1,-1,0,0,0,11.4846,2.940514,-1.882737,-13.08594,271.8262,1191.143,-40.50875,-7.805,14,-16,-49,48.33333,2026-08-29T20:19:21.905Z,4164,1007,2682654,,,4294967295,-1
True,2683.312,113663,237860,18.37375,-133.7608,-0.150462725,-0.094286706,2683312,2683314,false,4294967295,0,,,4294967295,-1,-1,-1,-1,0,0,0,11.4846,1.06168,6.755953,-66.79688,209.8145,936.2598,-24.32125,-4.555,18,-7,-48,48.88889,2026-08-29T20:19:22.547Z,4165,1007,2683312,,,4294967295,-1
True,2684.558,114827,239265,-11.18875,-134.9626,-0.147234784,-0.192564048,2684558,2684560,false,4294967295,0,,,4294967295,-1,-1,-1,-1,0,0,0,11.4846,-2.350202,7.713632,-305.0781,-134.4238,1111.064,-15.25875,-1.93,18,-8,-51,48.33333,2026-08-29T20:19:23.803Z,4167,1007,2684558,,,4294967295,-1
True,2685.816,116083,241154,-27.00125,-134.1271,-0.158227158,-0.225311059,2685816,2685818,false,4294967295,0,,,4294967295,-1,-1,-1,-1,0,0,0,11.4846,4.971892,-2.510177,-61.42578,159.5215,730.2051,-31.38375,7.6325,3,-25,-49,48.88889,2026-08-29T20:19:25.190Z,4169,1007,2685816,,,4294967295,-1
True,2686.528,116784,242295,-25.75125,-138.9056,-0.131671343,-0.206912111,2686528,2686530,false,4294967295,0,,,4294967295,-1,-1,-1,-1,0,0,0,11.4846,9.469368,1.296801,-38.47656,408.5449,933.3301,-14.94625,-5.055,7,-12,-46,48.88889,2026-08-29T20:19:25.768Z,4170,1007,2686528,,,4294967295,-1
True,2687.758,117159,243030,-6.06375,-138.1696,-0.0251476,-0.064412302,2687758,2687760,false,4294967295,0,,,4294967295,-1,-1,-1,-1,0,0,0,11.4846,9.030008,-3.376882,16.69922,156.1035,1007.549,-26.00875,2.945,-1,-21,-47,48.33333,2026-08-29T20:19:27.135Z,4172,1007,2687758,,,4294967295,-1
True,2689.034,117161,243135,1.81125,-136.0476,0,0,2689034,2689035,false,4294967295,0,,,4294967295,-1,-1,-1,-1,0,0,0,11.52452,8.566579,-6.344471,-9.667969,163.916,998.7598,-24.19625,0.1325,-4,-20,-46,48.88889,2026-08-29T20:19:28.277Z,4174,1007,2689034,,,4294967295,-1
True,2689.723,117120,243092,-7.12625,-128.9412,0.08105736,0.101022375,2689723,2689725,false,4294967295,0,,,4294967295,-1,-1,-1,-1,0,0,0,11.52452,6.218194,-2.69298,-50.68359,177.0996,1074.932,-22.82125,2.945,2,-20,-49,48.33333,2026-08-29T20:19:28.981Z,4175,1007,2689723,,,4294967295,-1
True,2690.968,115651,241669,-0.68875,-126.9393,0.202159368,0.202219745,2690968,2690970,false,4294967295,0,,,4294967295,-1,-1,-1,-1,0,0,0,11.52452,6.807111,-6.354567,-20.89844,84.32617,1100.811,-13.57125,-10.1175,-3,-24,-51,48.88889,2026-08-29T20:19:30.207Z,4177,1007,2690968,,,4294967295,-1
True,2691.546,114790,240829,7.74875,-124.271,0.188101919,0.188478924,2691546,2691548,false,4294967295,0,,,4294967295,-1,-1,-1,-1,0,0,0,11.52452,3.433539,-6.001712,-20.89844,-67.04102,1027.08,-35.57125,-0.8675,4,-27,-49,48.33333,2026-08-29T20:19:30.913Z,4178,1007,2691546,,,4294967295,-1
True,2692.779,114082,240121,3.62375,-123.5801,0.054735413,0.053095765,2692779,2692780,false,4294967295,0,,,4294967295,-1,-1,-1,-1,0,0,0,11.52452,5.22039,-5.535419,-20.41016,202.9785,860.0879,-24.50875,3.7575,2,-23,-51,48.33333,2026-08-29T20:19:32.145Z,4180,1007,2692779,,,4294967295,-1
True,2694.051,114020,240048,-5.12625,-122.2325,0.022386955,0.011206817,2694051,2694053,false,4294967295,0,,,4294967295,-1,-1,-1,-1,0,0,0,11.52452,4.805992,-2.694401,-76.07422,132.666,987.5293,-24.13375,4.945,4,-21,-52,48.33333,2026-08-29T20:19:33.423Z,4182,1007,2694051,,,4294967295,-1
True,2694.817,113296,239318,7.12375,-117.8555,0.10149941,0.101185424,2694817,2694819,false,4294967295,0,,,4294967295,-1,-1,-1,-1,0,0,0,11.52452,6.95767,-8.110725,94.82422,238.1348,977.2754,-23.50875,5.695,-1,-20,-48,48.88889,2026-08-29T20:19:34.062Z,4183,1007,2694817,,,4294967295,-1
True,2696.061,112889,238930,1.24875,-117.2577,0.022566588,0.022580134,2696061,2696063,false,4294967295,0,,,4294967295,-1,-1,-1,-1,0,0,0,11.52452,5.666778,-5.505957,12.79297,163.4277,969.4629,-25.57125,-0.055,2,-27,-45,48.33333,2026-08-29T20:19:35.321Z,4185,1007,2696061,,,4294967295,-1
True,2696.687,112889,238929,1.31125,-113.6795,0,0,2696687,2696689,false,4294967295,0,,,4294967295,-1,-1,-1,-1,0,0,0,11.52452,5.44859,-4.257879,3.027344,165.8691,1000.225,-24.44625,-1.2425,1,-25,-46,48.33333,2026-08-29T20:19:35.922Z,4186,1007,2696687,,,4294967295,-1
True,2697.947,112249,239042,-44.68875,-113.9995,0.143035863,-0.022034521,2697947,2697948,false,4294967295,0,,,4294967295,-1,-1,-1,-1,0,0,0,11.52452,4.982652,-5.326847,3.027344,128.7598,905.9863,-25.69625,-2.2425,-7,-47,-50,48.88889,2026-08-29T20:19:37.189Z,4188,1007,2697947,,,4294967295,-1
True,2698.596,111953,239042,-8.50125,-108.9272,0.037601581,0,2698596,2698598,false,4294967295,0,,,4294967295,-1,-1,-1,-1,0,0,0,11.52452,6.674653,-7.212688,-4.296875,177.0996,996.8066,-24.50875,0.445,-3,-43,-47,48.33333,2026-08-29T20:19:37.832Z,4189,1007,2698596,,,4294967295,-1
True,2699.845,111950,239042,1.24875,-107.2878,0,0,2699845,2699846,false,4294967295,0,,,4294967295,-1,-1,-1,-1,0,0,0,11.53668,6.215868,-6.831273,-3.808594,168.7988,1000.713,-24.57125,0.0075,-5,-42,-50,48.33333,2026-08-29T20:19:39.079Z,4191,1007,2699845,,,4294967295,-1
True,2701.089,111950,239042,0.87375,-104.8538,0,0,2701089,2701091,false,4294967295,0,,,4294967295,-1,-1,-1,-1,0,0,0,11.53668,5.725725,-6.315822,-0.390625,167.8223,997.7832,-24.32125,-0.3675,-5,-44,-50,48.33333,2026-08-29T20:19:40.330Z,4193,1007,2701089,,,4294967295,-1
True,2701.704,111950,239044,-0.25125,-100.2428,0,-0.018763278,2701704,2701706,false,4294967295,0,,,4294967295,-1,-1,-1,-1,0,0,0,11.53668,4.892772,-4.199769,-11.62109,170.752,995.3418,-24.63375,-0.43,-3,-44,-51,48.33333,2026-08-29T20:19:40.936Z,4194,1007,2701704,,,4294967295,-1
True,2702.935,112208,239665,-26.68875,-100.8225,-0.05582402,-0.134594872,2702935,2702936,false,4294967295,0,,,4294967295,-1,-1,-1,-1,0,0,0,11.53668,4.055337,-3.286936,-31.64063,98.97461,1009.014,-22.63375,-9.055,3,-52,-50,48.33333,2026-08-29T20:19:42.171Z,4196,1007,2702935,,,4294967295,-1
True,2704.193,113664,241451,-7.25125,-105.0742,-0.199009318,-0.227432225,2704193,2704195,false,4294967295,0,,,4294967295,-1,-1,-1,-1,0,0,0,11.53668,7.534693,-0.538668,20.60547,178.5645,828.8379,-35.57125,13.195,10,-52,-52,48.88889,2026-08-29T20:19:43.442Z,4198,1007,2704193,,,4294967295,-1
True,2704.826,114062,241944,-2.00125,-105.8287,-0.056395324,-0.056289834,2704826,2704828,false,4294967295,0,,,4294967295,-1,-1,-1,-1,0,0,0,11.53668,4.935959,3.931743,-129.2969,157.0801,942.6074,-24.88375,7.2575,12,-46,-50,48.33333,2026-08-29T20:19:44.074Z,4199,1007,2704826,,,4294967295,-1
True,2706.071,114199,242151,0.93625,-105.2562,0,0,2706071,2706072,false,4294967295,0,,,4294967295,-1,-1,-1,-1,0,0,0,11.53668,4.765155,1.82259,-9.667969,167.334,997.2949,-24.38375,-0.4925,14,-47,-47,48.33333,2026-08-29T20:19:45.304Z,4201,1007,2706071,,,4294967295,-1
True,2706.641,114207,242157,-0.68875,-104.7433,-0.05311074,-0.035692735,2706641,2706643,false,4294967295,0,,,4294967295,-1,-1,-1,-1,0,0,0,11.53668,4.177228,-2.701464,153.9063,137.5488,998.7598,-22.94625,-7.805,12,-55,-51,48.88889,2026-08-29T20:19:46.040Z,4202,1007,2706641,,,4294967295,-1
True,2708.019,115820,243776,2.68625,-105.7562,-0.200835071,-0.202592185,2708019,2708020,false,4294967295,0,,,4294967295,-1,-1,-1,-1,0,0,0,11.53668,4.196859,-1.589691,-13.08594,316.748,1268.291,-28.38375,-10.4925,10,-48,-48,48.88889,2026-08-29T20:19:47.307Z,4204,1007,2708019,,,4294967295,-1
True,2709.28,116384,244365,-1.68875,-107.1153,-0.039693527,-0.039471735,2709280,2709282,false,4294967295,0,,,4294967295,-1,-1,-1,-1,0,0,0,11.52877,4.455052,1.596633,-54.10156,154.1504,980.2051,-23.63375,3.445,22,-53,-45,48.33333,2026-08-29T20:19:48.514Z,4206,1007,2709280,,,4294967295,-1
True,2709.866,116384,244399,1.56125,-107.5278,0,0,2709866,2709868,false,4294967295,0,,,4294967295,-1,-1,-1,-1,0,0,0,11.52877,4.109597,0.926967,0.585938,162.9395,1000.225,-24.32125,-0.1175,18,-54,-46,48.88889,2026-08-29T20:19:49.234Z,4207,1007,2709866,,,4294967295,-1
True,2711.123,116384,244399,0.99875,-107.9611,0,0,2711123,2711124,false,4294967295,0,,,4294967295,-1,-1,-1,-1,0,0,0,11.52877,4.045549,0.7395,0.097656,169.2871,1000.713,-24.38375,0.3825,18,-55,-45,48.33333,2026-08-29T20:19:50.361Z,4209,1007,2711123,,,4294967295,-1
True,2712.355,116184,244214,0.12375,-107.8726,0.043167874,0.039863393,2712355,2712357,false,4294967295,0,,,4294967295,-1,-1,-1,-1,0,0,0,11.52877,4.329133,0.394251,-31.64063,189.3066,1031.963,-23.88375,-7.055,16,-60,-48,48.33333,2026-08-29T20:19:51.590Z,4211,1007,2712355,,,4294967295,-1
True,2712.963,115604,243629,-0.31375,-106.9461,0.169228259,0.18765618,2712963,2712965,false,4294967295,0,,,4294967295,-1,-1,-1,-1,0,0,0,11.52877,3.720151,2.264683,-72.65625,54.54102,1204.814,-11.57125,-12.055,12,-47,-49,48.33333,2026-08-29T20:19:52.331Z,4212,1007,2712963,,,4294967295,-1
True,2714.207,114308,242362,0.93625,-106.2004,0.079893732,0.080320222,2714207,2714209,false,4294967295,0,,,4294967295,-1,-1,-1,-1,0,0,0,11.52877,5.543225,1.527812,-76.5625,125.8301,1153.545,-22.50875,-7.68,12,-50,-48,48.33333,2026-08-29T20:19:53.584Z,4214,1007,2714207,,,4294967295,-1
True,2714.974,114123,242181,7.87375,-104.5016,0,0.037620384,2714974,2714976,false,4294967295,0,,,4294967295,-1,-1,-1,-1,0,0,0,11.52877,3.813599,0.865376,-6.738281,161.4746,988.9941,-24.38375,1.6325,15,-48,-49,48.33333,2026-08-29T20:19:54.211Z,4215,1007,2714974,,,4294967295,-1
True,2716.204,114123,242142,1.12375,-104.5697,0,0.000220571,2716204,2716206,false,4294967295,0,,,4294967295,-1,-1,-1,-1,0,0,0,11.52877,3.91736,1.194416,-11.13281,165.8691,997.7832,-24.57125,-0.68,15,-48,-49,48.33333,2026-08-29T20:19:55.442Z,4217,1007,2716204,,,4294967295,-1
True,2717.465,114123,242142,1.31125,-105.176,0,0,2717465,2717467,false,4294967295,0,,,4294967295,-1,-1,-1,-1,0,0,0,11.52877,3.948759,1.566084,-10.15625,170.752,1000.713,-24.25875,-0.055,15,-47,-48,48.33333,2026-08-29T20:19:56.697Z,4219,1007,2717465,,,4294967295,-1
True,2718.105,114070,242160,-36.12625,-113.2898,0.122178421,-0.020302621,2718105,2718107,false,4294967295,0,,,4294967295,-1,-1,-1,-1,0,0,0,11.52877,3.08427,0.623817,10.83984,191.2598,1089.58,-25.63375,1.32,12,-48,-47,48.33333,2026-08-29T20:19:57.337Z,4220,1007,2718105,,,4294967295,-1
True,2719.368,112654,242906,-99.43875,-126.8107,0.187479575,-0.13586297,2719368,2719369,false,4294967295,0,,,4294967295,-1,-1,-1,-1,0,0,0,11.52897,-0.056934,2.844152,13.76953,15.9668,860.5762,-25.82125,6.3825,38,-37,-49,48.33333,2026-08-29T20:19:58.601Z,4222,1007,2719368,,,4294967295,-1
True,2720.024,112246,243212,-22.81375,-149.9429,0.040006042,-0.019997704,2720024,2720026,false,4294967295,0,,,4294967295,-1,-1,-1,-1,0,0,0,11.52897,5.519472,0.366163,-31.64063,194.1895,1024.15,-22.38375,3.0075,31,-27,-49,48.33333,2026-08-29T20:19:59.272Z,4223,1007,2720024,,,4294967295,-1
True,2721.254,112240,243212,1.62375,-149.0469,0,0,2721254,2721256,false,4294967295,0,,,4294967295,-1,-1,-1,-1,0,0,0,11.52897,5.448401,0.132469,-14.0625,158.0566,997.2949,-24.13375,-0.305,34,-28,-46,48.33333,2026-08-29T20:20:00.489Z,4225,1007,2721254,,,4294967295,-1
True,2722.501,112240,243212,1.56125,-147.5687,0,0,2722501,2722502,false,4294967295,0,,,4294967295,-1,-1,-1,-1,0,0,0,11.52897,5.522362,-0.143369,-16.50391,157.0801,997.2949,-24.19625,0.7575,33,-30,-46,50,2026-08-29T20:20:01.735Z,4227,1007,2722501,,,4294967295,-1
True,2723.171,112242,243217,-1.68875,-143.6054,-0.01996851,-0.019823811,2723171,2723173,false,4294967295,0,,,4294967295,-1,-1,-1,-1,0,0,0,11.52897,5.761342,-0.921283,29.88281,232.2754,1017.314,-23.94625,-3.68,34,-34,-49,48.88889,2026-08-29T20:20:02.405Z,4228,1007,2723171,,,4294967295,-1
True,2724.415,113143,244624,-11.00125,-149.1839,-0.159630051,-0.194233907,2724415,2724416,false,4294967295,0,,,4294967295,-1,-1,-1,-1,0,0,0,11.52897,1.150827,2.88501,-146.3867,97.50977,942.6074,-37.63375,1.0075,32,-16,-48,48.33333,2026-08-29T20:20:03.666Z,4230,1007,2724415,,,4294967295,-1
True,2725.089,113982,245576,-2.00125,-155.8152,-0.094039203,-0.112847044,2725089,2725091,false,4294967295,0,,,4294967295,-1,-1,-1,-1,0,0,0,11.52897,0.962038,3.494066,-34.08203,248.877,965.0684,-28.57125,1.82,30,-12,-47,48.33333,2026-08-29T20:20:04.323Z,4231,1007,2725089,,,4294967295,-1
True,2726.334,114115,245721,1.06125,-156.3395,0,0,2726334,2726336,false,4294967295,0,,,4294967295,-1,-1,-1,-1,0,0,0,11.52897,1.112408,2.402801,-7.714844,154.1504,1003.643,-24.75875,-1.305,31,-11,-47,48.33333,2026-08-29T20:20:05.573Z,4233,1007,2726334,,,4294967295,-1
True,2726.992,114115,245721,1.18625,-159.3197,0,0,2726992,2726994,false,4294967295,0,,,4294967295,-1,-1,-1,-1,0,0,0,11.52897,1.54756,0.979114,-5.273438,159.0332,1000.713,-24.19625,-0.4925,33,-11,-47,48.33333,2026-08-29T20:20:06.229Z,4234,1007,2726992,,,4294967295,-1
True,2727.594,114115,245721,1.74875,-160.4371,0,0,2727594,2727596,false,4294967295,0,,,4294967295,-1,-1,-1,-1,0,0,0,11.52897,1.780784,0.85587,-5.273438,161.4746,999.248,-24.63375,-0.6175,33,-10,-47,48.33333,2026-08-29T20:20:06.827Z,4235,1007,2727594,,,4294967295,-1
True,2728.199,114104,245711,-1.18875,-162.2507,0.037615681,0.018807841,2728199,2728201,false,4294967295,0,,,4294967295,-1,-1,-1,-1,0,0,0,11.52897,1.937884,2.699402,-67.28516,130.2246,1012.92,-24.82125,-2.93,31,-11,-49,48.33333,2026-08-29T20:20:07.462Z,4236,1007,2728199,,,4294967295,-1
True,2728.817,113883,245509,0.62375,-162.3609,0.112847044,0.112847044,2728817,2728819,false,4294967295,0,,,4294967295,-1,-1,-1,-1,0,0,0,11.52897,3.280899,3.317142,-59.96094,212.2559,984.1113,-28.32125,-1.3675,30,-9,-50,48.88889,2026-08-29T20:20:08.057Z,4237,1007,2728817,,,4294967295,-1
True,2729.4,113298,244949,1.74875,-162.6167,0.16924941,0.169652283,2729400,2729402,false,4294967295,0,,,4294967295,-1,-1,-1,-1,0,0,0,11.4846,3.403173,4.234447,-127.3438,-22.11914,1413.311,-24.63375,-5.6175,34,-12,-47,48.88889,2026-08-29T20:20:08.775Z,4238,1007,2729400,,,4294967295,-1
True,2730.129,112340,244005,2.74875,-158.9047,0.206886247,0.206886247,2730129,2730131,false,4294967295,0,,,4294967295,-1,-1,-1,-1,0,0,0,11.4846,9.438703,0.189848,20.11719,510.5957,996.3184,-29.57125,10.5075,34,-22,-45,48.33333,2026-08-29T20:20:09.365Z,4239,1007,2730129,,,4294967295,-1
True,2730.701,111485,243157,0.62375,-162.4261,0.225694088,0.225694088,2730701,2730703,false,4294967295,0,,,4294967295,-1,-1,-1,-1,0,0,0,11.4846,2.652118,1.828201,-34.57031,303.0762,1147.197,-18.13375,-1.43,27,-5,-49,48.33333,2026-08-29T20:20:10.082Z,4240,1007,2730701,,,4294967295,-1
True,2731.423,110360,242030,3.31125,-162.5094,0.244501928,0.244501928,2731423,2731425,false,4294967295,0,,,4294967295,-1,-1,-1,-1,0,0,0,11.4846,1.151711,1.598943,-49.21875,71.63086,1001.201,-16.32125,2.7575,31,-12,-49,50,2026-08-29T20:20:10.655Z,4241,1007,2731423,,,4294967295,-1
True,2732.667,108351,240032,2.06125,-160.1588,0.243528943,0.241977378,2732667,2732668,false,4294967295,0,,,4294967295,-1,-1,-1,-1,0,0,0,11.4846,2.771061,1.392538,-60.44922,53.56445,708.2324,-38.75875,4.3825,28,-24,-48,48.33333,2026-08-29T20:20:11.899Z,4243,1007,2732667,,,4294967295,-1
True,2733.321,107263,238947,-4.62625,-166.1759,0.263211065,0.243315764,2733321,2733323,false,4294967295,0,,,4294967295,-1,-1,-1,-1,0,0,0,11.4846,6.620183,0.766651,0.097656,167.8223,1646.221,-14.75875,15.32,37,-8,-48,48.33333,2026-08-29T20:20:12.562Z,4244,1007,2733321,,,4294967295,-1
True,2734.551,106551,238202,-0.37625,-165.7992,0.057577217,0.061106765,2734551,2734553,false,4294967295,0,,,4294967295,-1,-1,-1,-1,0,0,0,11.4846,5.144868,0.831367,-14.55078,192.2363,988.5059,-22.75875,0.57,33,-11,-47,48.33333,2026-08-29T20:20:13.791Z,4246,1007,2734551,,,4294967295,-1
True,2735.796,106544,238120,1.12375,-165.1577,0,0.000220661,2735796,2735797,false,4294967295,0,,,4294967295,-1,-1,-1,-1,0,0,0,11.4846,4.252972,0.747904,-15.52734,160.498,997.2949,-24.69625,-0.3675,34,-12,-46,48.33333,2026-08-29T20:20:15.030Z,4248,1007,2735796,,,4294967295,-1
True,2736.476,106544,238120,0.87375,-164.1893,0,0,2736476,2736477,false,4294967295,0,,,4294967295,-1,-1,-1,-1,0,0,0,11.4846,3.294449,0.865436,-13.57422,160.0098,1000.713,-24.44625,0.445,34,-11,-46,48.33333,2026-08-29T20:20:15.719Z,4249,1007,2736476,,,4294967295,-1
True,2737.706,105922,238270,-57.12625,-167.1791,0.134949092,-0.032414338,2737706,2737708,false,4294967295,0,,,4294967295,-1,-1,-1,-1,0,0,0,11.4846,3.155975,1.949847,-96.09375,191.748,989.4824,-24.63375,-3.4925,25,-7,-46,48.33333,2026-08-29T20:20:16.943Z,4251,1007,2737706,,,4294967295,-1
True,2738.964,104151,239668,-128.6263,177.6497,0.221905059,-0.212328563,2738964,2738966,false,4294967295,0,,,4294967295,-1,-1,-1,-1,0,0,0,11.4846,14.15688,-4.833654,75.78125,-20.6543,1134.502,-16.25875,11.7575,3,-42,-48,48.33333,2026-08-29T20:20:18.198Z,4253,1007,2738964,,,4294967295,-1
True,2739.553,103252,240519,-128.7513,172.1799,0.174956657,-0.194510515,2739553,2739555,false,4294967295,0,,,4294967295,-1,-1,-1,-1,0,0,0,11.53384,19.7471,-3.106225,49.90234,427.5879,1533.428,-6.196251,-0.2425,33,-48,-45,48.33333,2026-08-29T20:20:18.953Z,4254,1007,2739553,,,4294967295,-1
True,2740.784,102509,241227,-35.75125,172.1055,0.061426565,-0.054296498,2740784,2740786,false,4294967295,0,,,4294967295,-1,-1,-1,-1,0,0,0,11.53384,17.92482,-1.238945,28.41797,129.7363,999.7363,-24.57125,2.82,38,-26,-47,48.33333,2026-08-29T20:20:20.152Z,4256,1007,2740784,,,4294967295,-1
True,2741.571,102362,241345,-6.87625,-176.851,-0.01880079,-0.018677101,2741571,2741573,false,4294967295,0,,,4294967295,-1,-1,-1,-1,0,0,0,11.53384,11.73906,-0.239912,-5.273438,162.9395,1006.572,-25.07125,0.57,35,-21,-47,48.88889,2026-08-29T20:20:20.805Z,4257,1007,2741571,,,4294967295,-1
True,2742.815,102276,241346,1.18625,-174.7991,0,0,2742815,2742817,false,4294967295,0,,,4294967295,-1,-1,-1,-1,0,0,0,11.53384,10.30428,-0.08162,-17.48047,160.498,999.7363,-24.32125,-0.68,34,-19,-48,48.33333,2026-08-29T20:20:22.070Z,4259,1007,2742815,,,4294967295,-1
True,2743.487,102276,241346,0.81125,-165.1846,0,0,2743487,2743489,false,4294967295,0,,,4294967295,-1,-1,-1,-1,0,0,0,11.53384,6.60778,-0.027642,-16.99219,159.0332,998.7598,-24.57125,0.445,34,-18,-49,48.33333,2026-08-29T20:20:22.719Z,4260,1007,2743487,,,4294967295,-1
True,2744.598,102276,241347,1.24875,-163.9213,0,0,2744598,2744599,false,4294967295,0,,,4294967295,-1,-1,-1,-1,0,0,0,11.53384,6.2737,0.085186,-16.01563,159.5215,996.8066,-24.69625,-0.305,34,-19,-48,48.33333,2026-08-29T20:20:23.984Z,4262,1007,2744598,,,4294967295,-1
True,2745.975,103188,242849,-11.87625,-165.9807,-0.157012385,-0.201602579,2745975,2745977,false,4294967295,0,,,4294967295,-1,-1,-1,-1,0,0,0,11.53384,7.671649,-0.703059,143.6523,158.5449,1008.525,-9.446251,6.8825,27,-14,-49,48.33333,2026-08-29T20:20:25.207Z,4264,1007,2745975,,,4294967295,-1
True,2746.616,104039,243811,0.06125,-171.2046,-0.206886247,-0.244501928,2746616,2746618,false,4294967295,0,,,4294967295,-1,-1,-1,-1,0,0,0,11.53384,4.548265,1.644402,89.45313,29.15039,1213.604,-26.57125,4.7575,29,-7,-50,48.33333,2026-08-29T20:20:25.853Z,4265,1007,2746616,,,4294967295,-1
True,2747.846,105923,245795,-3.12625,-170.3413,-0.232966344,-0.243334041,2747846,2747848,false,4294967295,0,,,4294967295,-1,-1,-1,-1,0,0,0,11.53384,3.06567,2.127693,-94.14063,108.252,1201.885,-35.38375,-3.68,28,-9,-48,48.33333,2026-08-29T20:20:27.214Z,4267,1007,2747846,,,4294967295,-1
True,2749.104,107953,247882,2.12375,-169.6447,-0.24594546,-0.246274827,2749104,2749106,false,4294967295,0,,,4294967295,-1,-1,-1,-1,0,0,0,11.53384,5.579484,-0.292227,-8.691406,192.7246,771.709,-22.19625,-5.68,24,-7,-47,48.33333,2026-08-29T20:20:28.475Z,4269,1007,2749104,,,4294967295,-1
True,2749.849,109161,249098,-1.00125,-171.5195,-0.169270566,-0.169270566,2749849,2749851,false,4294967295,0,,,4294967295,-1,-1,-1,-1,0,0,0,11.5246,2.569401,3.248757,-52.14844,61.86523,812.2363,-21.25875,0.2575,28,-7,-46,48.33333,2026-08-29T20:20:29.086Z,4270,1007,2749849,,,4294967295,-1
True,2751.079,109861,249830,1.12375,-170.9646,-0.062215522,-0.063318356,2751079,2751081,false,4294967295,0,,,4294967295,-1,-1,-1,-1,0,0,0,11.5246,3.8317,2.147077,-5.273438,139.9902,1029.033,-24.00875,1.695,26,-6,-46,49.44444,2026-08-29T20:20:30.449Z,4272,1007,2751079,,,4294967295,-1
True,2752.323,109981,249949,1.31125,-170.7494,0.000274432,-0.000274456,2752323,2752324,false,4294967295,0,,,4294967295,-1,-1,-1,-1,0,0,0,11.5246,3.849891,1.9487,-10.64453,158.5449,998.2715,-24.19625,-1.1175,28,-9,-48,48.88889,2026-08-29T20:20:31.691Z,4274,1007,2752323,,,4294967295,-1
True,2753.102,109981,249949,0.93625,-170.1341,0,0,2753102,2753104,false,4294967295,0,,,4294967295,-1,-1,-1,-1,0,0,0,11.5246,2.829504,0.774139,-12.10938,158.0566,997.7832,-24.44625,0.07,28,-6,-48,49.44444,2026-08-29T20:20:32.337Z,4275,1007,2753102,,,4294967295,-1
True,2754.347,109763,250565,-59.31375,-175.3973,0.06624909,-0.15458121,2754347,2754349,false,4294967295,0,,,4294967295,-1,-1,-1,-1,0,0,0,11.5246,4.381951,1.091679,-45.3125,110.6934,917.2168,-20.82125,-5.18,22,-6,-48,48.88889,2026-08-29T20:20:33.587Z,4277,1007,2754347,,,4294967295,-1
True,2754.996,109201,251360,-61.43875,136.7651,0.094039203,-0.131293826,2754996,2754998,false,4294967295,0,,,4294967295,-1,-1,-1,-1,0,0,0,11.5246,15.21971,0.249493,25.97656,227.3926,717.998,-25.50875,17.1325,2,-18,-48,48.88889,2026-08-29T20:20:34.243Z,4278,1007,2754996,,,4294967295,-1
True,2756.24,109119,251518,1.24875,137.1965,0,0,2756240,2756242,false,4294967295,0,,,4294967295,-1,-1,-1,-1,0,0,0,11.5246,18.11375,-2.492464,-6.738281,163.4277,1001.201,-24.38375,0.195,2,-24,-47,48.33333,2026-08-29T20:20:35.477Z,4280,1007,2756240,,,4294967295,-1
True,2756.819,109119,251518,1.06125,138.9051,0,0,2756819,2756821,false,4294967295,0,,,4294967295,-1,-1,-1,-1,0,0,0,11.5246,18.74592,-2.652916,-7.226563,162.4512,999.248,-24.19625,-0.43,2,-24,-47,48.33333,2026-08-29T20:20:36.054Z,4281,1007,2756819,,,4294967295,-1
True,2758.065,109119,251518,1.12375,139.8814,0,0,2758065,2758066,false,4294967295,0,,,4294967295,-1,-1,-1,-1,0,0,0,11.5246,18.85431,-2.952993,-9.179688,161.4746,999.7363,-24.63375,-0.93,1,-27,-50,48.88889,2026-08-29T20:20:37.301Z,4283,1007,2758065,,,4294967295,-1
True,2759.309,109119,251518,1.49875,140.7507,0,0,2759309,2759311,false,4294967295,0,,,4294967295,-1,-1,-1,-1,0,0,0,11.5246,17.84953,-2.726346,-4.785156,163.4277,999.7363,-24.38375,0.07,1,-24,-48,48.33333,2026-08-29T20:20:38.548Z,4285,1007,2759309,,,4294967295,-1
True,2759.931,109119,251518,1.31125,143.5933,0,0,2759931,2759933,false,4294967295,0,,,4294967295,-1,-1,-1,-1,0,0,0,11.54077,18.77659,-3.713727,-5.761719,162.9395,1000.225,-24.19625,-2.3675,0,-25,-47,48.33333,2026-08-29T20:20:39.173Z,4286,1007,2759931,,,4294967295,-1
