condition_variable,nominal_bin,comparison_bin,metric,n_sequences,mean_delta_vs_nominal,median_delta_vs_nominal,mean_ratio_vs_nominal,median_ratio_vs_nominal,n_sequences_degraded,fraction_sequences_degraded,sequences_degraded
speed,low,medium,Dp_mean_m,10,0.007794948329067536,-0.0013882523769755684,1.1650857118704772,1.0106796662239368,5,0.5,"building00,building02,playground00,street01,street02"
speed,low,medium,Dp_p95_m,10,0.00321763796836651,0.04136685932154904,1.0258253545316731,1.0271397531364381,6,0.6,"building00,building01,building02,parking01,playground00,street01"
speed,low,medium,Dtheta_mean_deg,10,-0.3388705521932041,-0.0971657083451995,0.9020812006018687,0.9434631362082893,2,0.2,"street00,street02"
speed,low,medium,Dtheta_p95_deg,10,-0.24389660487493167,-0.09375325524366787,0.9600003967336818,0.9244316800290516,3,0.3,"building02,parking00,street02"
speed,low,medium,Dv_rmse_mps,10,-0.007222866105805886,-0.005819950514716347,1.0164321374604106,0.8919924021538134,3,0.3,"building02,playground00,street00"
speed,low,medium,Domega_rmse_radps,10,0.004980663818395471,0.0034969095063600176,1.2337955071826734,1.1477283135361447,7,0.7,"building01,building02,parking01,playground00,street00,street01,street02"
speed,low,medium,RPE1_m,10,0.015964891825273657,0.00032783371893403603,1.287038834891562,1.0210900148235436,6,0.6,"building00,building02,parking00,playground00,street00,street02"
speed,low,medium,RPE5_m,10,0.029196504471640933,0.007060230320633538,1.1599627726038122,1.1294793421940366,7,0.7,"building00,building02,parking00,parking01,playground00,street00,street02"
speed,low,medium,RPE10_m,10,0.029803580184959266,0.00961039337182091,1.130680411636479,1.1044262122689021,6,0.6,"building00,building02,parking01,playground00,street00,street02"
speed,low,medium,persistent_yaw_residual_abs_deg_per_min,10,-0.33161772144099555,-0.17758891540742372,1.3117554976610362,0.8381813730740626,3,0.3,"building00,building01,parking02"
speed,low,medium,Iomega_p95_abs_deg,10,-0.8268850900182931,-0.3971240436935881,0.9564300165880523,0.9715287120887277,0,0.0,
speed,low,high,Dp_mean_m,10,-0.22016371685657504,-0.06492970269171443,1.0867787982078154,0.9449258545568833,4,0.4,"building02,playground00,street01,street02"
speed,low,high,Dp_p95_m,10,-0.16527894391496128,-0.025075699939616836,0.9810649769102009,0.976563570225216,3,0.3,"parking02,playground00,street01"
speed,low,high,Dtheta_mean_deg,10,-0.6821956550451415,-0.17926825758903675,0.8733214491485215,0.8230852488747082,3,0.3,"street00,street01,street02"
speed,low,high,Dtheta_p95_deg,10,-0.4259596603658327,-0.15715793703705172,0.913145274438411,0.9207352547279648,3,0.3,"building02,street01,street02"
speed,low,high,Dv_rmse_mps,10,-0.010380557363760914,-0.008578122966386121,0.9711709142621003,0.838286861343647,3,0.3,"building02,playground00,street00"
speed,low,high,Domega_rmse_radps,10,0.008838255458437009,0.005971450196487394,1.3524642211803477,1.2669583367130368,8,0.8,"building01,building02,parking00,parking01,parking02,playground00,street01,street02"
speed,low,high,RPE1_m,10,0.006469643776386781,0.0005642875083510792,1.2033501493403864,1.0368673343196597,5,0.5,"building02,parking00,playground00,street00,street02"
speed,low,high,RPE5_m,10,0.00533402637728695,0.0036980438276536763,1.0797002311538209,1.0874630404192178,8,0.8,"building00,building02,parking00,parking01,parking02,playground00,street00,street02"
speed,low,high,RPE10_m,10,0.0008044960239544652,0.009028811563614063,1.072451534930663,1.0735855273720127,7,0.7,"building00,building02,parking01,parking02,playground00,street00,street02"
speed,low,high,persistent_yaw_residual_abs_deg_per_min,10,0.7530418930299848,0.24986693450797626,2.246155117782073,1.2903606450225968,6,0.6,"building01,parking00,parking01,parking02,playground00,street02"
speed,low,high,Iomega_p95_abs_deg,10,-1.1960547971177475,-0.3076297409880073,0.9468019856552269,0.9818281398374737,2,0.2,"building01,street02"
acceleration,low,medium,Dp_mean_m,10,0.07053426069178888,0.020417982712339758,1.0706477027953034,1.0369120186682759,8,0.8,"building01,building02,parking01,parking02,playground00,street00,street01,street02"
acceleration,low,medium,Dp_p95_m,10,0.08280964223318625,0.009742504679958464,1.0246261535639363,1.014735051280195,7,0.7,"building01,building02,parking02,playground00,street00,street01,street02"
acceleration,low,medium,Dtheta_mean_deg,10,-0.008174574011432845,-0.013231125007791084,0.9766695681142739,0.9808417238174947,3,0.3,"building01,parking01,playground00"
acceleration,low,medium,Dtheta_p95_deg,10,-0.040873193441210584,-0.03864840214744003,0.9734127560567952,0.9782193739834055,2,0.2,"building01,building02"
acceleration,low,medium,Dv_rmse_mps,10,0.004634187241751137,0.004426226701408093,1.1136668708600137,1.094453813265213,10,1.0,"building00,building01,building02,parking00,parking01,parking02,playground00,street00,street01,street02"
acceleration,low,medium,Domega_rmse_radps,10,0.002328173914850317,0.0020926980985279658,1.0888214931640585,1.0869843051646426,10,1.0,"building00,building01,building02,parking00,parking01,parking02,playground00,street00,street01,street02"
acceleration,low,medium,RPE1_m,10,0.005835106181496301,0.001547643172104431,1.070961384995702,1.0868128965879116,8,0.8,"building00,building01,building02,parking00,parking01,parking02,playground00,street00"
acceleration,low,medium,RPE5_m,10,0.009718933435979994,0.004916787532330533,1.0562406927812469,1.0456375183177693,7,0.7,"building00,building01,building02,parking00,parking01,parking02,playground00"
acceleration,low,medium,RPE10_m,10,0.010374595526842386,0.004684240864971614,1.0430201807151855,1.0210121178285727,6,0.6,"building00,building01,building02,parking01,parking02,playground00"
acceleration,low,medium,persistent_yaw_residual_abs_deg_per_min,10,-0.5681344790063487,-0.7175724825108856,1.1169080923360846,0.6255155760338097,4,0.4,"building01,parking02,playground00,street00"
acceleration,low,medium,Iomega_p95_abs_deg,10,-0.3695659145043188,-0.11689344601946594,0.9720557432088489,0.9886927714951088,1,0.1,street02
acceleration,low,high,Dp_mean_m,10,0.07779821307385264,0.03392223285467137,1.1071294923219976,1.0417761291715815,9,0.9,"building00,building02,parking00,parking01,parking02,playground00,street00,street01,street02"
acceleration,low,high,Dp_p95_m,10,0.09163407026630838,0.023592786419628697,1.0347478149433007,1.01464030813881,9,0.9,"building00,building01,building02,parking00,parking02,playground00,street00,street01,street02"
acceleration,low,high,Dtheta_mean_deg,10,-0.04069514806459655,-0.005132084348994731,0.995231294978294,0.9778569609409039,4,0.4,"building00,building01,parking00,parking01"
acceleration,low,high,Dtheta_p95_deg,10,-8.763257181465534e-05,-0.04191094337644927,0.9948394700591935,0.9855738688757112,3,0.3,"building01,building02,parking00"
acceleration,low,high,Dv_rmse_mps,10,0.015023285170579942,0.011184743605781797,1.3670210165378927,1.2918472544518234,10,1.0,"building00,building01,building02,parking00,parking01,parking02,playground00,street00,street01,street02"
acceleration,low,high,Domega_rmse_radps,10,0.0024179564330532683,0.0025772382424988707,1.0899745745389349,1.089620990007072,10,1.0,"building00,building01,building02,parking00,parking01,parking02,playground00,street00,street01,street02"
acceleration,low,high,RPE1_m,10,0.010312844052755574,0.004351491267093492,1.1549160054311887,1.211716707314391,8,0.8,"building00,building01,building02,parking00,parking01,parking02,playground00,street00"
acceleration,low,high,RPE5_m,10,0.019791001382500718,0.010882180909003517,1.1126170191381943,1.1132126795584352,8,0.8,"building00,building01,building02,parking00,parking01,parking02,playground00,street01"
acceleration,low,high,RPE10_m,10,0.01588187967744853,0.009957466494123657,1.0723964427492718,1.0689734849847325,7,0.7,"building00,building01,building02,parking01,parking02,playground00,street01"
acceleration,low,high,persistent_yaw_residual_abs_deg_per_min,10,0.4225296135822768,0.3353805644062081,1.7389450201620835,1.350123628350711,6,0.6,"building01,parking00,parking02,playground00,street00,street02"
acceleration,low,high,Iomega_p95_abs_deg,10,-0.35471475007169734,-0.11208110461751275,0.9787254498027516,0.9940125461183953,3,0.3,"building01,parking00,street02"
turning,low,medium,Dp_mean_m,10,0.09619417468143115,0.02316797569822529,1.0792377097188715,1.0379196549049525,6,0.6,"building02,parking00,parking02,playground00,street00,street01"
turning,low,medium,Dp_p95_m,10,0.06697195854832336,0.015216614787729454,1.015283030756988,1.012297190309162,8,0.8,"building02,parking00,parking01,parking02,playground00,street00,street01,street02"
turning,low,medium,Dtheta_mean_deg,10,-0.04468868907778566,-0.009349501747050945,0.9835146403973412,0.9777999900017575,3,0.3,"building00,building01,parking00"
turning,low,medium,Dtheta_p95_deg,10,0.0162878866059127,-0.03346092508247356,0.9948735886893981,0.9747219424074216,3,0.3,"building00,building02,parking00"
turning,low,medium,Dv_rmse_mps,10,0.007442945542853556,0.0058292403781715595,1.213572504447376,1.1759092501024502,10,1.0,"building00,building01,building02,parking00,parking01,parking02,playground00,street00,street01,street02"
turning,low,medium,Domega_rmse_radps,10,0.004628918260945645,0.003959700992757453,1.4216857848165927,1.4240377166950808,10,1.0,"building00,building01,building02,parking00,parking01,parking02,playground00,street00,street01,street02"
turning,low,medium,RPE1_m,10,0.006614901845942193,0.0010684320356722796,1.1048341296724797,1.0591204200623028,7,0.7,"building00,building02,parking00,parking01,parking02,playground00,street00"
turning,low,medium,RPE5_m,10,0.014372537748691388,0.0027429362053187217,1.0817871896890487,1.045300392037911,7,0.7,"building00,building02,parking00,parking01,parking02,playground00,street00"
turning,low,medium,RPE10_m,10,0.016013729793678575,0.003963723713159853,1.0584129297975924,1.035855584823938,6,0.6,"building00,building02,parking00,parking01,playground00,street00"
turning,low,medium,persistent_yaw_residual_abs_deg_per_min,10,1.3602497719899382,0.9665424345662064,1.931098283840082,1.6370931641714948,9,0.9,"building00,building01,building02,parking00,parking01,parking02,playground00,street01,street02"
turning,low,medium,Iomega_p95_abs_deg,10,-0.42401324915660005,-0.1367394466399432,0.9722043785550601,0.9900567371954949,1,0.1,street02
turning,low,high,Dp_mean_m,10,0.1940900827303415,0.02173966117545767,1.081296884917475,1.02998428168268,7,0.7,"building01,building02,parking00,parking02,playground00,street00,street01"
turning,low,high,Dp_p95_m,10,0.25379900548465867,0.029641558350446462,1.0316569936224718,1.0470102064898739,8,0.8,"building02,parking00,parking01,parking02,playground00,street00,street01,street02"
turning,low,high,Dtheta_mean_deg,10,0.09275732293842515,0.05403278920218105,1.1238116569958283,1.0547871468504184,8,0.8,"building00,building01,building02,parking00,parking02,street00,street01,street02"
turning,low,high,Dtheta_p95_deg,10,0.3159764127126291,0.22755238514065357,1.1635888240510055,1.0816287139787621,10,1.0,"building00,building01,building02,parking00,parking01,parking02,playground00,street00,street01,street02"
turning,low,high,Dv_rmse_mps,10,0.024438290901989353,0.02480554963399805,1.6755404476241498,1.6564711748571663,10,1.0,"building00,building01,building02,parking00,parking01,parking02,playground00,street00,street01,street02"
turning,low,high,Domega_rmse_radps,10,0.04219728533146192,0.03167850103621318,4.643524117609643,4.222923731415486,10,1.0,"building00,building01,building02,parking00,parking01,parking02,playground00,street00,street01,street02"
turning,low,high,RPE1_m,10,0.012477108270176798,0.0042610080057748035,1.2128639630866036,1.155589245872263,8,0.8,"building00,building02,parking00,parking01,parking02,playground00,street00,street02"
turning,low,high,RPE5_m,10,0.037162687124771,0.018116331419031934,1.2926062826221156,1.124926368014611,9,0.9,"building00,building01,building02,parking00,parking01,parking02,playground00,street00,street02"
turning,low,high,RPE10_m,10,0.05383241958869419,0.025554777578384882,1.304216111863079,1.1075935050469634,9,0.9,"building01,building02,parking00,parking01,parking02,playground00,street00,street01,street02"
turning,low,high,persistent_yaw_residual_abs_deg_per_min,10,3.033807457087833,2.1413801433725825,3.311713518705452,3.0413135372605944,7,0.7,"building00,building02,parking00,parking01,playground00,street01,street02"
turning,low,high,Iomega_p95_abs_deg,10,-0.3395178991928371,-0.18608786201316185,0.9776953395997449,0.9891729233732602,3,0.3,"parking01,parking02,street02"
curvature,low,medium,Dp_mean_m,10,0.039023560014917996,0.006766107623544432,1.0153077634701897,1.0084151804633228,6,0.6,"building02,parking00,parking01,parking02,street00,street01"
curvature,low,medium,Dp_p95_m,10,0.0176144953575403,0.0069069948344266385,1.0071560317744361,1.0062881415116145,8,0.8,"building00,building02,parking00,parking01,playground00,street00,street01,street02"
curvature,low,medium,Dtheta_mean_deg,10,-0.0009706625814663416,-0.0024786368058119235,1.006139885850707,0.9987887916999185,5,0.5,"building00,building01,building02,parking00,street00"
curvature,low,medium,Dtheta_p95_deg,10,0.03314042683660349,0.013262239932593789,1.0111575479377832,1.0081349855344781,6,0.6,"building00,building02,parking00,parking02,street00,street01"
curvature,low,medium,Dv_rmse_mps,10,0.005839331772772088,0.006349296506872937,1.1603187309299725,1.1772078895913318,10,1.0,"building00,building01,building02,parking00,parking01,parking02,playground00,street00,street01,street02"
curvature,low,medium,Domega_rmse_radps,10,0.004101317982234756,0.0033707091921918427,1.344315802556214,1.340399732968935,10,1.0,"building00,building01,building02,parking00,parking01,parking02,playground00,street00,street01,street02"
curvature,low,medium,RPE1_m,10,0.008120949598094116,0.0005954005816738665,1.1099499116301346,1.0245850845134004,7,0.7,"building00,parking00,parking01,parking02,street00,street01,street02"
curvature,low,medium,RPE5_m,10,0.014809571644472646,0.0014081537008065158,1.0843522165321375,1.0178691598905054,6,0.6,"building00,building01,parking00,parking01,parking02,street00"
curvature,low,medium,RPE10_m,10,0.013670654424749535,-0.0009683849365740918,1.0478592151662318,0.9935636113872212,4,0.4,"building00,parking00,parking01,street00"
curvature,low,medium,persistent_yaw_residual_abs_deg_per_min,10,1.3600029299129406,1.1994588295299988,2.195979245630387,1.6504064609088454,8,0.8,"building01,building02,parking00,parking01,parking02,playground00,street01,street02"
curvature,low,medium,Iomega_p95_abs_deg,10,-0.0348227447362369,0.013881389301531044,0.9964435101335413,1.0007363568311871,5,0.5,"parking00,parking02,playground00,street00,street02"
curvature,low,high,Dp_mean_m,10,0.13490266768737225,0.008459428251008164,1.0135890274715482,1.0049563570423965,5,0.5,"building01,building02,parking00,parking02,street00"
curvature,low,high,Dp_p95_m,10,0.21881562282156303,0.02803151488678951,1.0277211414173437,1.0394288994648504,7,0.7,"building02,parking00,parking01,parking02,street00,street01,street02"
curvature,low,high,Dtheta_mean_deg,10,0.13037994258493496,0.08426320279864957,1.1535433335011094,1.1161547546585762,8,0.8,"building00,building01,building02,parking00,parking02,street00,street01,street02"
curvature,low,high,Dtheta_p95_deg,10,0.3518847260651572,0.2781107819599811,1.1938183468042591,1.1519912607650684,10,1.0,"building00,building01,building02,parking00,parking01,parking02,playground00,street00,street01,street02"
curvature,low,high,Dv_rmse_mps,10,0.023700940166472142,0.022643106329907105,1.632944923746344,1.5936317074674275,10,1.0,"building00,building01,building02,parking00,parking01,parking02,playground00,street00,street01,street02"
curvature,low,high,Domega_rmse_radps,10,0.04181811844985881,0.03112377470748635,4.333479974506983,3.9464486661686404,10,1.0,"building00,building01,building02,parking00,parking01,parking02,playground00,street00,street01,street02"
curvature,low,high,RPE1_m,10,0.011307370422745707,0.003420809424591406,1.1951635905464413,1.1332401690981617,9,0.9,"building00,building01,building02,parking00,parking01,parking02,playground00,street00,street02"
curvature,low,high,RPE5_m,10,0.03633887485287958,0.014712279618345953,1.2922243069107215,1.0925405177493144,9,0.9,"building00,building01,parking00,parking01,parking02,playground00,street00,street01,street02"
curvature,low,high,RPE10_m,10,0.04982886678486304,0.018945968297473387,1.2909187926787509,1.0974920612338201,8,0.8,"building01,parking00,parking01,parking02,playground00,street00,street01,street02"
curvature,low,high,persistent_yaw_residual_abs_deg_per_min,10,3.3527418570022363,2.6913928687835282,3.5812527149462925,2.8869780486999703,7,0.7,"building00,building02,parking00,parking01,playground00,street01,street02"
curvature,low,high,Iomega_p95_abs_deg,10,0.07107143690801107,0.04962920599505116,1.006235980385751,1.0075824457944156,5,0.5,"building02,parking01,parking02,playground00,street02"
wheel_imu_disagreement,low,medium,Dp_mean_m,10,0.07081654016449039,0.006587688281247547,1.0612826136473317,1.022641912270704,6,0.6,"building02,parking00,parking02,playground00,street00,street01"
wheel_imu_disagreement,low,medium,Dp_p95_m,10,0.009714566071480451,0.0017766556528455713,1.005818569340326,1.0011386233428197,7,0.7,"building02,parking00,parking01,playground00,street00,street01,street02"
wheel_imu_disagreement,low,medium,Dtheta_mean_deg,10,-0.02393257901715149,-0.006166144870050488,0.981254248552532,0.9851143194460781,2,0.2,"parking00,street00"
wheel_imu_disagreement,low,medium,Dtheta_p95_deg,10,-0.0156227266831169,-0.032591275368466066,0.9885126752323388,0.9850668532940913,2,0.2,"building02,parking00"
wheel_imu_disagreement,low,medium,Dv_rmse_mps,10,0.006163359511276402,0.005764688807475157,1.175578337986738,1.1633376527369772,10,1.0,"building00,building01,building02,parking00,parking01,parking02,playground00,street00,street01,street02"
wheel_imu_disagreement,low,medium,Domega_rmse_radps,10,0.00406957059911423,0.003415340151910795,1.1952117172837706,1.2069751161451667,10,1.0,"building00,building01,building02,parking00,parking01,parking02,playground00,street00,street01,street02"
wheel_imu_disagreement,low,medium,RPE1_m,10,0.006625679438538076,0.0010494193958742667,1.0789201039802037,1.071058052439888,6,0.6,"building00,building02,parking00,playground00,street00,street02"
wheel_imu_disagreement,low,medium,RPE5_m,10,0.009293908580944418,0.0019983831636981343,1.033780088045261,1.0365927600694351,7,0.7,"building00,building01,building02,parking00,parking01,playground00,street00"
wheel_imu_disagreement,low,medium,RPE10_m,10,0.011656486123149444,0.0041755739531803004,1.0357709725996243,1.0366911005582788,7,0.7,"building00,building01,building02,parking00,parking01,playground00,street00"
wheel_imu_disagreement,low,medium,persistent_yaw_residual_abs_deg_per_min,10,0.4631172419123944,0.3775797408159882,1.226533451083048,1.168134793426555,8,0.8,"building01,building02,parking00,parking01,playground00,street00,street01,street02"
wheel_imu_disagreement,low,medium,Iomega_p95_abs_deg,10,-0.4169096069191685,-0.18142398668061244,0.971215580860264,0.9842145084258629,1,0.1,parking01
wheel_imu_disagreement,low,high,Dp_mean_m,10,0.06617752614354125,0.024165543569496115,1.0678137034554869,1.036093826810565,6,0.6,"building02,parking00,parking02,playground00,street00,street01"
wheel_imu_disagreement,low,high,Dp_p95_m,10,0.0700977340892604,0.00857166201828008,1.0138764609022486,1.0077138805926538,6,0.6,"building02,parking01,parking02,street00,street01,street02"
wheel_imu_disagreement,low,high,Dtheta_mean_deg,10,-0.094223437461538,-0.005675623229308618,0.9994679967296533,0.9870417473385792,3,0.3,"building00,street00,street02"
wheel_imu_disagreement,low,high,Dtheta_p95_deg,10,-0.01566122220353482,-0.0035214322173644508,1.0259363487142044,0.9981865116259148,5,0.5,"building02,parking00,street00,street01,street02"
wheel_imu_disagreement,low,high,Dv_rmse_mps,10,0.027288734480713082,0.02191590853602086,1.7912310870888386,1.6727052846118662,10,1.0,"building00,building01,building02,parking00,parking01,parking02,playground00,street00,street01,street02"
wheel_imu_disagreement,low,high,Domega_rmse_radps,10,0.023100674503119,0.016727690278782695,2.087475313137344,2.1406849783841726,10,1.0,"building00,building01,building02,parking00,parking01,parking02,playground00,street00,street01,street02"
wheel_imu_disagreement,low,high,RPE1_m,10,0.010759508069295058,0.004790438613257158,1.1853060852456845,1.182774641129178,10,1.0,"building00,building01,building02,parking00,parking01,parking02,playground00,street00,street01,street02"
wheel_imu_disagreement,low,high,RPE5_m,10,0.011438423145438966,0.008230120604233906,1.0694281860595187,1.0603418785225838,9,0.9,"building00,building01,building02,parking00,parking01,parking02,playground00,street00,street02"
wheel_imu_disagreement,low,high,RPE10_m,10,0.02008870904351929,0.012151532495621592,1.084975523455574,1.068490319324503,9,0.9,"building00,building01,building02,parking00,parking01,parking02,playground00,street00,street02"
wheel_imu_disagreement,low,high,persistent_yaw_residual_abs_deg_per_min,10,2.371207218258223,2.109418133909995,2.1157515622365213,1.9825171158663042,10,1.0,"building00,building01,building02,parking00,parking01,parking02,playground00,street00,street01,street02"
wheel_imu_disagreement,low,high,Iomega_p95_abs_deg,10,-0.42156753139353853,-0.19655660315673806,0.9736816385841769,0.988730195584115,1,0.1,street02
elapsed_time,early,middle,Dp_mean_m,10,0.7856493075914854,0.19474420824621183,1.8094468432597952,1.4421706068888585,9,0.9,"building00,building01,building02,parking00,parking01,parking02,playground00,street00,street02"
elapsed_time,early,middle,Dp_p95_m,10,1.4630450068209995,0.28912509200595854,1.9754951865453603,1.1802062527595318,8,0.8,"building00,building01,building02,parking01,parking02,playground00,street00,street02"
elapsed_time,early,middle,Dtheta_mean_deg,10,1.309536514646253,0.2264323261672658,1.5799770937654887,1.5388258888769788,7,0.7,"building00,building01,building02,parking01,parking02,playground00,street02"
elapsed_time,early,middle,Dtheta_p95_deg,10,1.6350969335832357,0.44457934565183815,1.5456555734678856,1.4135334453440604,7,0.7,"building00,building01,building02,parking01,parking02,playground00,street02"
elapsed_time,early,middle,Dv_rmse_mps,10,-0.0005291021214159586,0.001671507713937261,1.0022083472959202,1.046044935824243,7,0.7,"building00,building01,building02,parking01,playground00,street00,street01"
elapsed_time,early,middle,Domega_rmse_radps,10,0.0024737604067098335,0.003103219531431489,1.1121277713107394,1.0954104137584082,8,0.8,"building00,building01,building02,parking01,parking02,playground00,street00,street01"
elapsed_time,early,middle,RPE1_m,10,0.021557914019965367,0.0016304664606559454,1.741925294873964,1.1262200940676874,6,0.6,"building00,building01,building02,playground00,street00,street02"
elapsed_time,early,middle,RPE5_m,10,0.04930017960595248,0.0005367580980032427,1.5098596979648466,1.0389272218603047,5,0.5,"building00,building01,building02,playground00,street02"
elapsed_time,early,middle,RPE10_m,10,0.07137574382890034,-0.0012885095252067533,1.4484319482050876,1.0351497934410725,5,0.5,"building00,building01,building02,playground00,street02"
elapsed_time,early,middle,persistent_yaw_residual_abs_deg_per_min,10,0.005546452783915324,-0.07026069043377847,1.1349339205170956,0.894648844766482,4,0.4,"building01,street00,street01,street02"
elapsed_time,early,middle,Iomega_p95_abs_deg,10,6.458737801958141,6.806142424885604,2.044630269131935,1.8890522578938778,10,1.0,"building00,building01,building02,parking00,parking01,parking02,playground00,street00,street01,street02"
elapsed_time,early,late,Dp_mean_m,10,1.782474970941389,0.050014345998536824,2.135219733852217,1.2585311525154492,8,0.8,"building00,building02,parking01,parking02,playground00,street00,street01,street02"
elapsed_time,early,late,Dp_p95_m,10,2.6233820729879964,0.15461748702117792,2.2973600901601374,1.2896914112994264,7,0.7,"building00,building02,parking01,parking02,playground00,street00,street01"
elapsed_time,early,late,Dtheta_mean_deg,10,2.567279817770796,0.12217388749225108,1.6887129160083472,1.2681084253603132,6,0.6,"building00,building01,building02,parking01,parking02,street02"
elapsed_time,early,late,Dtheta_p95_deg,10,2.5888608700970277,0.5263169784251596,1.5039256136366903,1.4276184809518528,7,0.7,"building00,building01,building02,parking01,parking02,street00,street02"
elapsed_time,early,late,Dv_rmse_mps,10,0.0008753009076321345,0.001733384345006285,1.0201251626691081,1.0380336675401003,6,0.6,"building00,building01,building02,parking00,playground00,street00"
elapsed_time,early,late,Domega_rmse_radps,10,0.0028207202732526337,0.003007862625938452,1.102517936864558,1.132466276254847,8,0.8,"building00,building01,building02,parking00,playground00,street00,street01,street02"
elapsed_time,early,late,RPE1_m,10,0.007191168633699778,0.0009534317430462871,1.500402096756973,1.0578730617188652,6,0.6,"building00,building01,building02,playground00,street01,street02"
elapsed_time,early,late,RPE5_m,10,0.013131704925955815,0.0009733548794161051,1.2860997534320888,1.0224346372480093,6,0.6,"building00,building01,building02,playground00,street01,street02"
elapsed_time,early,late,RPE10_m,10,0.016597006627301167,0.0008786590775819378,1.2166529131859423,1.0168761075393897,5,0.5,"building00,building01,building02,playground00,street01"
elapsed_time,early,late,persistent_yaw_residual_abs_deg_per_min,10,-0.15336955181966277,-0.18737206109111734,0.9508189875851482,0.7943661111610008,4,0.4,"building01,building02,street00,street02"
elapsed_time,early,late,Iomega_p95_abs_deg,10,11.601214639851474,8.91502586534416,2.8445728738244687,2.688331448722031,10,1.0,"building00,building01,building02,parking00,parking01,parking02,playground00,street00,street01,street02"
