fold,test_sequence,method,status,train_sequences,validation_sequences,samples,duration_s,gnss_source,odo_source,ate_rmse_m,ate_median_m,ate_p95_m,ate_max_m,ate_se2_rmse_m,heading_mae_deg,heading_p95_deg,rpe_1s_trans_rmse_m,rpe_5s_trans_rmse_m,rpe_10s_trans_rmse_m,final_error_m,final_error_se2_m,final_drift_per_m,path_length_ratio,gnss_seen,gnss_normal,gnss_reacquired,gnss_rejected,gnss_rejection_rate_pct,gnss_max_coast_s,mean_abs_delta_v_mps,p95_abs_delta_v_mps,max_abs_delta_v_mps,mean_abs_delta_omega_radps,p95_abs_delta_omega_radps,max_abs_delta_omega_radps,alpha_xy_mean,alpha_xy_p95,alpha_xy_max,alpha_heading_mean,alpha_heading_p95,alpha_heading_max,error
1,building00,fixed_v5,ok,"parking00,parking01,parking02,playground00,street00,street01,street02","building01,building02",12009,1200.7999999999993,OEM719_RTK,ODO_SPEED,1.7546528751688029,1.4401997575751475,2.8557908855176586,4.723251806019064,0.9898420620417886,0.8229232325917959,2.5879413476082234,0.15034804890300982,0.39002794613301733,0.6033724620250147,1.3659850747194817,0.19601544436676535,0.00011726484911448719,1.023010241669905,1198,479,37,682,56.92821368948247,55.899999999999636,0.0,0.0,0.0,0.0,0.0,0.0,1.0,1.0,1.0,1.0,1.0,1.0,
1,building00,heuristic_v6,ok,"parking00,parking01,parking02,playground00,street00,street01,street02","building01,building02",12009,1200.7999999999993,OEM719_RTK,ODO_SPEED,1.9835169198894853,1.4238463732418842,3.5872869187686387,4.6833728646395025,1.2438183733739319,0.7079510006542364,2.368781281754179,0.1509194236587466,0.4048541105438353,0.6194276722511692,1.3762284581885227,0.2723360125602789,0.00016292308763980683,1.0215511602589535,1198,645,25,528,44.073455759599334,43.899999999999636,0.0,0.0,0.0,0.0,0.0,0.0,1.9837414026260376,2.4422736167907715,3.698627233505249,1.4120701551437378,2.4699532985687256,6.877200126647949,
1,building00,gru_dynamics,ok,"parking00,parking01,parking02,playground00,street00,street01,street02","building01,building02",12009,1200.7999999999993,OEM719_RTK,ODO_SPEED,1.9059937182741666,1.4321769519814682,3.764630139071393,5.445577536598841,1.0148349433029442,0.7284095778519902,2.30143857302317,0.12357153455470266,0.3295720533473985,0.5085442463010352,1.3952639914492884,0.290773297308042,0.0001739530624512909,1.0096638591889693,1198,633,25,540,45.075125208681136,55.899999999999636,0.023662695661187172,0.051674988120794296,0.17661628127098083,0.02450372651219368,0.0916467234492302,0.282792329788208,1.0,1.0,1.0,1.0,1.0,1.0,
1,building00,gru_q,ok,"parking00,parking01,parking02,playground00,street00,street01,street02","building01,building02",12009,1200.7999999999993,OEM719_RTK,ODO_SPEED,2.1488096374313344,1.4213575450127285,3.9227716690235668,8.309223571780192,1.3681682656631735,1.386790317807854,5.228371278365929,0.2401179710241917,0.6308328698518441,0.9852847431933875,1.368855514764391,0.38650378506415123,0.00023122314766647285,1.0308919259049238,1198,686,21,491,40.98497495826377,43.899999999999636,0.0,0.0,0.0,0.0,0.0,0.0,1.0677735805511475,1.3160932064056396,7.252319812774658,2.569916248321533,9.472047805786133,9.999848365783691,
1,building00,gru_dual,ok,"parking00,parking01,parking02,playground00,street00,street01,street02","building01,building02",12009,1200.7999999999993,OEM719_RTK,ODO_SPEED,1.8403511071691625,1.4356959515882401,3.3967126694767624,3.9402347963640025,0.9682196576405419,0.7102846689273243,1.9821289138134768,0.11885593401053109,0.3144704184321019,0.4851890054037237,2.4774184907365515,0.870382062765859,0.0005206998948063496,1.0102630300482836,1198,587,29,582,48.580968280467445,40.899999999999636,0.024344254285097122,0.053910549730062485,0.27070701122283936,0.024004651233553886,0.09254136681556702,0.2829025387763977,1.061241626739502,1.1034018993377686,7.982466697692871,1.0173124074935913,1.0269076824188232,6.609854698181152,
2,building01,fixed_v5,ok,"building00,parking01,parking02,playground00,street00,street01,street02","building02,parking00",13689,1368.800000000001,OEM719_RTK,ODO_SPEED,1.6456396936637265,1.4221504400265197,2.456528428940967,5.079147998206497,0.9164405870650781,1.4524312495954146,4.17327722656234,0.11887538702500891,0.3233073406325178,0.5123226722221224,0.30649497171699586,1.2492981257299787,0.00072314407572386,1.0220578407255336,1365,601,30,734,53.772893772893774,114.89999999999964,0.0,0.0,0.0,0.0,0.0,0.0,1.0,1.0,1.0,1.0,1.0,1.0,
2,building01,heuristic_v6,ok,"building00,parking01,parking02,playground00,street00,street01,street02","building02,parking00",13689,1368.800000000001,OEM719_RTK,ODO_SPEED,1.625502131841386,1.3993367891985844,2.7171528826055003,4.427360750218673,0.8131633399490027,1.4728268317912407,4.475944568732036,0.1373611580399412,0.3523527404162983,0.5267826701480899,0.27882743921673325,1.0468698347503027,0.0006059704272840017,1.020080644845174,1365,856,10,499,36.556776556776555,114.89999999999964,0.0,0.0,0.0,0.0,0.0,0.0,1.9487345218658447,2.418663740158081,3.4686872959136963,1.3955166339874268,2.3235080242156982,5.245031356811523,
2,building01,gru_dynamics,ok,"building00,parking01,parking02,playground00,street00,street01,street02","building02,parking00",13689,1368.800000000001,OEM719_RTK,ODO_SPEED,2.380479552343748,1.4292472474650113,5.363366183770922,7.14445308504766,1.6963177080011034,1.8581604666262121,10.365788095278697,0.17935533801590756,0.43057835686283774,0.6829894323555211,2.5802284333523233,1.0823104737469122,0.0006264848966507841,1.0145367342219829,1365,682,19,664,48.64468864468864,110.89999999999964,0.02242404595017433,0.0499008372426033,0.18681848049163818,0.02102670446038246,0.0792590007185936,0.24924007058143616,1.0,1.0,1.0,1.0,1.0,1.0,
2,building01,gru_q,ok,"building00,parking01,parking02,playground00,street00,street01,street02","building02,parking00",13689,1368.800000000001,OEM719_RTK,ODO_SPEED,3.1523150672079217,1.5211889315935674,6.371046047599256,14.134620579927804,2.481415827044597,2.531865291422404,9.739608882533581,0.3000424519888528,0.743358777452565,1.170007904732372,14.129514211060107,13.921381361780844,0.008058256272322529,1.037611921310846,1365,580,23,762,55.824175824175825,114.89999999999964,0.0,0.0,0.0,0.0,0.0,0.0,1.124212622642517,1.570162057876587,8.718579292297363,2.2872157096862793,7.981520652770996,9.999286651611328,
2,building01,gru_dual,ok,"building00,parking01,parking02,playground00,street00,street01,street02","building02,parking00",13689,1368.800000000001,OEM719_RTK,ODO_SPEED,1.530515708034674,1.4017277145241216,2.0187852183807418,4.446937259473244,0.645005100101731,1.0235505616166314,3.3737135612292812,0.10295991539816511,0.2662405309838503,0.42593089128227263,1.2727161157415554,0.27867279539932993,0.00016130703865475032,1.0099525843075194,1365,785,14,566,41.46520146520147,104.89999999999964,0.02161622792482376,0.04942353069782257,0.11756755411624908,0.02078334055840969,0.078999362885952,0.26284751296043396,1.1150932312011719,1.3764513731002808,9.265047073364258,1.0172535181045532,1.0542869567871094,3.366894245147705,
3,building02,fixed_v5,ok,"building00,building01,parking02,playground00,street00,street01,street02","parking00,parking01",18714,1871.2999999999884,OEM719_RTK,ODO_SPEED,3.246992821935315,0.37515788055528465,7.7438920168430005,11.18264651599956,2.81402823050099,1.5130682077721165,5.496227615544539,0.25102260697858064,0.5787127453438459,0.8493990354134562,0.10439850026291707,1.1966794097309956,0.00047477921367317197,1.0229015542369035,1872,1094,37,741,39.583333333333336,59.90000000002328,0.0,0.0,0.0,0.0,0.0,0.0,1.0,1.0,1.0,1.0,1.0,1.0,
3,building02,heuristic_v6,ok,"building00,building01,parking02,playground00,street00,street01,street02","parking00,parking01",18714,1871.2999999999884,OEM719_RTK,ODO_SPEED,15.668121440553497,0.37046795723731224,43.539228913356396,48.617929202370675,13.215087171707355,3.486512653819943,16.390044765638724,0.4137802071371858,1.1542211427533862,1.6401366722404758,0.1043982005349718,5.206495316268,0.002065662475805818,1.0231643647009603,1872,1241,10,621,33.17307692307692,379.9000000000233,0.0,0.0,0.0,0.0,0.0,0.0,1.9543240070343018,2.4800336360931396,3.8828189373016357,1.3481907844543457,2.438131332397461,5.196831703186035,
3,building02,gru_dynamics,ok,"building00,building01,parking02,playground00,street00,street01,street02","parking00,parking01",18714,1871.2999999999884,OEM719_RTK,ODO_SPEED,1.5713598089977836,0.3593068946654592,4.486523039409368,4.653923067956194,1.5356255440699458,0.6896485669469687,2.7859264676334448,0.10801835341238607,0.2741941549142508,0.424946002327593,0.1068230684655846,0.19356530860125779,7.679649559005e-05,1.0056555301796737,1872,1453,19,400,21.367521367521366,32.90000000002328,0.022534750401973724,0.05554572492837906,0.2648225426673889,0.022118395194411278,0.09037836641073227,0.26294127106666565,1.0,1.0,1.0,1.0,1.0,1.0,
3,building02,gru_q,ok,"building00,building01,parking02,playground00,street00,street01,street02","parking00,parking01",18714,1871.2999999999884,OEM719_RTK,ODO_SPEED,27.569340559313304,0.36785058150803224,78.35363772612511,86.39627160124647,23.418765250836206,4.49292641148097,21.879081702396718,1.3551846179144689,3.1340213540419035,4.390188883675677,0.10439844656471588,9.822829281588012,0.0038971800838509653,1.0402666137424683,1872,1245,12,615,32.8525641025641,366.9000000000233,0.0,0.0,0.0,0.0,0.0,0.0,1.1817976236343384,1.9401087760925293,6.317781925201416,2.488837718963623,9.48869800567627,9.99994945526123,
3,building02,gru_dual,ok,"building00,building01,parking02,playground00,street00,street01,street02","parking00,parking01",18714,1871.2999999999884,OEM719_RTK,ODO_SPEED,1.5945256168052266,0.35148146216095383,4.5733601219148,4.826029405829252,1.5474780864759559,0.6677971359011191,2.3596037137132777,0.09947265894180049,0.2426169848375351,0.3836743936561019,0.10704335478722084,0.22722651826641269,9.015148651422958e-05,1.0051636037140632,1872,1480,17,375,20.03205128205128,33.90000000002328,0.021433018147945404,0.052122026681900024,0.19513452053070068,0.022700905799865723,0.09248732775449753,0.26305025815963745,1.055393934249878,1.181788444519043,8.241086959838867,1.0087296962738037,1.0200910568237305,3.651554584503174,
4,parking00,fixed_v5,ok,"building00,building01,building02,playground00,street00,street01,street02","parking01,parking02",11409,1140.7999999999884,OEM719_RTK,ODO_SPEED,2.0079633718016123,2.068000232002851,2.7680770661412395,3.433385789443135,1.0611407778652011,0.9956071288319234,3.461801582327646,0.15147264146205355,0.39462924858506804,0.6194895393431619,1.8542154157942388,0.27952189391984966,0.00017674901844533746,1.0173556220395221,1140,434,25,681,59.73684210526316,135.89999999999418,0.0,0.0,0.0,0.0,0.0,0.0,1.0,1.0,1.0,1.0,1.0,1.0,
4,parking00,heuristic_v6,ok,"building00,building01,building02,playground00,street00,street01,street02","parking01,parking02",11409,1140.7999999999884,OEM719_RTK,ODO_SPEED,1.8580525511147912,1.9571907242016744,2.3883600236890516,3.2338061422982585,0.9930204244199013,1.0522717360877252,3.4540383767162823,0.16991457514553113,0.42390228380721706,0.6497551551924771,2.1148917637773854,0.4863765185887986,0.00030754861828490867,1.011888996092612,1140,715,2,423,37.10526315789474,135.89999999999418,0.0,0.0,0.0,0.0,0.0,0.0,2.0274105072021484,2.5212223529815674,4.535026550292969,1.3741272687911987,2.3167009353637695,7.1806559562683105,
4,parking00,gru_dynamics,ok,"building00,building01,building02,playground00,street00,street01,street02","parking01,parking02",11409,1140.7999999999884,OEM719_RTK,ODO_SPEED,2.147023142809946,2.057282565165265,3.1083312110627506,5.263256793827617,0.7467833081281405,0.6302886781797516,2.40281227761768,0.12938427843449285,0.31032899574501516,0.4417397031086162,2.1275470285678275,0.29000131391947603,0.00018337543032612383,1.0042826921356183,1140,704,2,434,38.07017543859649,135.89999999999418,0.02359946258366108,0.056349098682403564,0.11887700855731964,0.021084904670715332,0.07705593854188919,0.2767683267593384,1.0,1.0,1.0,1.0,1.0,1.0,
4,parking00,gru_q,ok,"building00,building01,building02,playground00,street00,street01,street02","parking01,parking02",11409,1140.7999999999884,OEM719_RTK,ODO_SPEED,1.8091952824282667,1.9175184504528298,2.4806715230802974,3.0020943592216938,0.8425293633173698,0.7563988900555435,2.4585760227644133,0.16819093252988898,0.4081852233055085,0.6143549853148728,1.8312349046175294,0.6237825946131357,0.0003944340809052031,1.01624854280402,1140,576,12,552,48.421052631578945,135.89999999999418,0.0,0.0,0.0,0.0,0.0,0.0,1.1346434354782104,1.6008517742156982,8.699939727783203,2.350459098815918,7.994950771331787,9.999999046325684,
4,parking00,gru_dual,ok,"building00,building01,building02,playground00,street00,street01,street02","parking01,parking02",11409,1140.7999999999884,OEM719_RTK,ODO_SPEED,2.081690285667974,2.0265445896058636,2.954025661172084,5.027404688247085,0.6898783761375219,0.66471347697816,2.2960569773335435,0.11929381446971009,0.2885630040834078,0.41330849578373424,2.1294173306689017,0.27363351052212015,0.00017302563931684262,1.0036863740098176,1140,719,2,419,36.75438596491228,135.89999999999418,0.022845540195703506,0.05221830680966377,0.11859551817178726,0.02063072845339775,0.07666555047035217,0.2768162488937378,1.0602872371673584,1.1850428581237793,5.731509208679199,1.0082212686538696,1.0166019201278687,3.9122095108032227,
5,parking01,fixed_v5,ok,"building00,building01,building02,parking00,street00,street01,street02","parking02,playground00",10599,1059.7999999999884,NONE,ODO_SPEED,15.720691669478096,11.964593459752171,30.869769473235515,38.96854049168079,8.050572463500764,21.63420789098178,42.784948479974574,0.02832243406714246,0.11589330214826374,0.21484891282368243,20.025921500270183,12.490961671510428,0.010213456724561552,1.0157783698714926,0,0,0,0,0.0,0.0,0.0,0.0,0.0,0.0,0.0,0.0,1.0,1.0,1.0,1.0,1.0,1.0,
5,parking01,heuristic_v6,ok,"building00,building01,building02,parking00,street00,street01,street02","parking02,playground00",10599,1059.7999999999884,NONE,ODO_SPEED,15.720691669478096,11.964593459752171,30.869769473235515,38.96854049168079,8.050572463500764,21.63420789098178,42.784948479974574,0.02832243406714246,0.11589330214826374,0.21484891282368243,20.025921500270183,12.490961671510428,0.010213456724561552,1.0157783698714926,0,0,0,0,0.0,0.0,0.0,0.0,0.0,0.0,0.0,0.0,1.8969887495040894,2.3749375343322754,3.2219109535217285,1.3237191438674927,2.2952418327331543,5.438473224639893,
5,parking01,gru_dynamics,ok,"building00,building01,building02,parking00,street00,street01,street02","parking02,playground00",10599,1059.7999999999884,NONE,ODO_SPEED,15.525246541168194,11.570668902060495,30.439260417131237,37.89955486252127,7.886891823722615,21.412862172847507,41.925882205502354,0.02259217493266158,0.0786796974129971,0.13900494871539015,18.718310398455912,11.72874266944352,0.009590214815973781,0.9992658027408882,0,0,0,0,0.0,0.0,0.02153344824910164,0.05248156934976578,0.12612664699554443,0.016412807628512383,0.07330916076898575,0.2738285958766937,1.0,1.0,1.0,1.0,1.0,1.0,
5,parking01,gru_q,ok,"building00,building01,building02,parking00,street00,street01,street02","parking02,playground00",10599,1059.7999999999884,NONE,ODO_SPEED,15.720691669478096,11.964593459752171,30.869769473235515,38.96854049168079,8.050572463500764,21.63420789098178,42.784948479974574,0.02832243406714246,0.11589330214826374,0.21484891282368243,20.025921500270183,12.490961671510428,0.010213456724561552,1.0157783698714926,0,0,0,0,0.0,0.0,0.0,0.0,0.0,0.0,0.0,0.0,1.1639422178268433,1.7200498580932617,7.061575889587402,2.028942584991455,8.043838500976562,9.999641418457031,
5,parking01,gru_dual,ok,"building00,building01,building02,parking00,street00,street01,street02","parking02,playground00",10599,1059.7999999999884,NONE,ODO_SPEED,5.142570070247941,3.3421803808930752,9.926565289727867,11.562678725575523,2.4060667126477604,6.393083534605109,12.155576759006887,0.022726987281300497,0.0838249636344683,0.15871189864472646,3.58759474012061,2.613810633210752,0.002137228701084367,0.9984312196723558,0,0,0,0,0.0,0.0,0.022264713421463966,0.053511060774326324,0.17419478297233582,0.016779335215687752,0.0736725926399231,0.27305465936660767,1.1596038341522217,1.61653733253479,8.890474319458008,1.0258885622024536,1.072066068649292,5.696399211883545,
6,parking02,fixed_v5,ok,"building00,building01,building02,parking00,parking01,street01,street02","playground00,street00",12569,1256.7999999999884,NONE,ODO_SPEED,24.466268468105135,16.543549805893516,47.69537400013374,54.92433629110282,13.460492012973113,36.2517831618371,68.77405094384095,0.025260610934816997,0.10136906094812402,0.19557161051996527,46.36850691630866,24.848776533976487,0.01724377977153431,1.015381868761199,0,0,0,0,0.0,0.0,0.0,0.0,0.0,0.0,0.0,0.0,1.0,1.0,1.0,1.0,1.0,1.0,
6,parking02,heuristic_v6,ok,"building00,building01,building02,parking00,parking01,street01,street02","playground00,street00",12569,1256.7999999999884,NONE,ODO_SPEED,24.466268468105135,16.543549805893516,47.69537400013374,54.92433629110282,13.460492012973113,36.2517831618371,68.77405094384095,0.025260610934816997,0.10136906094812402,0.19557161051996527,46.36850691630866,24.848776533976487,0.01724377977153431,1.015381868761199,0,0,0,0,0.0,0.0,0.0,0.0,0.0,0.0,0.0,0.0,1.8802582025527954,2.4043354988098145,3.282052516937256,1.3172475099563599,2.2212107181549072,5.1504411697387695,
6,parking02,gru_dynamics,ok,"building00,building01,building02,parking00,parking01,street01,street02","playground00,street00",12569,1256.7999999999884,NONE,ODO_SPEED,9.050666467762188,6.238813959879423,17.539587091109425,20.358719877674634,4.674413431592724,13.356081867209076,24.630730419244347,0.019296563852809145,0.05971216508817116,0.10941964964314786,17.049161333153272,8.539240317303365,0.005925795954036138,0.9995178749719915,0,0,0,0,0.0,0.0,0.020347274839878082,0.049660585820674896,0.07912224531173706,0.016325514763593674,0.06971851736307144,0.27282434701919556,1.0,1.0,1.0,1.0,1.0,1.0,
6,parking02,gru_q,ok,"building00,building01,building02,parking00,parking01,street01,street02","playground00,street00",12569,1256.7999999999884,NONE,ODO_SPEED,24.466268468105135,16.543549805893516,47.69537400013374,54.92433629110282,13.460492012973113,36.2517831618371,68.77405094384095,0.025260610934816997,0.10136906094812402,0.19557161051996527,46.36850691630866,24.848776533976487,0.01724377977153431,1.015381868761199,0,0,0,0,0.0,0.0,0.0,0.0,0.0,0.0,0.0,0.0,1.1044795513153076,1.2774779796600342,8.208728790283203,1.9771426916122437,7.059106826782227,9.999993324279785,
6,parking02,gru_dual,ok,"building00,building01,building02,parking00,parking01,street01,street02","playground00,street00",12569,1256.7999999999884,NONE,ODO_SPEED,5.903279487165326,4.020020532989304,11.350720633882498,13.349479868975568,2.998625583824412,8.733194105216564,15.769332272848162,0.019110840096425243,0.05996413595982077,0.10975073731544474,11.355505826797872,5.4633280050364,0.003791270158097705,0.9992558343482292,0,0,0,0,0.0,0.0,0.020761922001838684,0.048903800547122955,0.1354038566350937,0.016118371859192848,0.06899712234735489,0.27628645300865173,1.119066596031189,1.2570255994796753,9.086485862731934,1.015956163406372,1.0299911499023438,4.4993085861206055,
7,playground00,fixed_v5,ok,"building00,building01,building02,parking00,parking01,parking02,street02","street00,street01",13263,1326.2000000000116,OEM719_RTK,ODO_SPEED,0.2516552007033211,0.21094520576168643,0.4287621786421377,0.4980773589003957,0.2080159337211198,0.25308382450995803,0.45942558503299685,0.012785007218038536,0.04636893947232242,0.08856979649997015,0.02512295131318559,0.058783490657366905,3.43972497059519e-05,1.0014950625898809,1326,1326,0,0,0.0,0.9000000000232831,0.0,0.0,0.0,0.0,0.0,0.0,1.0,1.0,1.0,1.0,1.0,1.0,
7,playground00,heuristic_v6,ok,"building00,building01,building02,parking00,parking01,parking02,street02","street00,street01",13263,1326.2000000000116,OEM719_RTK,ODO_SPEED,0.24379416948048982,0.21631858602819665,0.3934386416824721,0.4531043828122203,0.20693666705227087,0.2799232556936324,0.4892533638571583,0.013159534085144295,0.046115843348797605,0.0876973352824723,0.025122919527403493,0.07796720931153382,4.562263209575067e-05,1.0013996849360494,1326,1326,0,0,0.0,0.9000000000232831,0.0,0.0,0.0,0.0,0.0,0.0,1.8833402395248413,2.3121252059936523,3.6056647300720215,1.3116614818572998,2.208239793777466,5.042689323425293,
7,playground00,gru_dynamics,ok,"building00,building01,building02,parking00,parking01,parking02,street02","street00,street01",13263,1326.2000000000116,OEM719_RTK,ODO_SPEED,0.240633419131045,0.22791299693458877,0.37234843149155494,0.4288775790418704,0.20589250960455457,0.27501218370040803,0.7081340858985657,0.014464148198919778,0.05082772922729457,0.09541051532049726,0.02523359992704352,0.09147006349217497,5.352384792694022e-05,1.0012089317041517,1326,1326,0,0,0.0,0.9000000000232831,0.02065272256731987,0.050358209758996964,0.06801969558000565,0.020355617627501488,0.07546714693307877,0.24250291287899017,1.0,1.0,1.0,1.0,1.0,1.0,
7,playground00,gru_q,ok,"building00,building01,building02,parking00,parking01,parking02,street02","street00,street01",13263,1326.2000000000116,OEM719_RTK,ODO_SPEED,0.2502065192768777,0.21116962801197553,0.4248215427315253,0.493632414522648,0.20757292802473332,0.21001263680988252,0.4495782763510764,0.012684693204443102,0.04329350922949752,0.0804047869655439,0.02512294217476323,0.06248325452503063,3.65621722069116e-05,1.0014476556202248,1326,1326,0,0,0.0,0.9000000000232831,0.0,0.0,0.0,0.0,0.0,0.0,1.075412392616272,1.365812063217163,7.02370023727417,2.251274347305298,8.027362823486328,9.999549865722656,
7,playground00,gru_dual,ok,"building00,building01,building02,parking00,parking01,parking02,street02","street00,street01",13263,1326.2000000000116,OEM719_RTK,ODO_SPEED,0.24081332283556262,0.2315989373856385,0.3698673411413579,0.4246469616152192,0.20620228616057776,0.19789895590412457,0.6823309108592647,0.014216665886927767,0.04724729351222303,0.08740168681230616,0.025285990280198282,0.09219948821547337,5.395067192239217e-05,1.0011814935725447,1326,1326,0,0,0.0,0.9000000000232831,0.0215577632188797,0.05215984210371971,0.3009806275367737,0.020311135798692703,0.07575498521327972,0.2441996932029724,1.0419156551361084,1.0979523658752441,7.2534918785095215,1.0056666135787964,1.005863904953003,4.029134273529053,
8,street00,fixed_v5,ok,"building00,building01,building02,parking00,parking01,parking02,playground00","street01,street02",13738,1373.699999999997,OEM719_RTK,ODO_SPEED,0.302292925458786,0.25311494744116025,0.5254775389039671,0.5901407805868474,0.2648707482220786,0.31389720792029197,0.5727887984369718,0.016706800937708828,0.06004511571671557,0.10398423005923835,0.02590766349212491,0.1285563747418745,7.712107251076044e-05,1.0020987556570202,1373,1369,0,4,0.29133284777858703,4.900000000008731,0.0,0.0,0.0,0.0,0.0,0.0,1.0,1.0,1.0,1.0,1.0,1.0,
8,street00,heuristic_v6,ok,"building00,building01,building02,parking00,parking01,parking02,playground00","street01,street02",13738,1373.699999999997,OEM719_RTK,ODO_SPEED,0.29955726611376243,0.24431622857630758,0.5189477529482736,0.5889670625238593,0.2621438750782777,0.320120617698066,0.5782244472027941,0.018719981381839404,0.06242671163519538,0.10454895405886286,0.02591668955458272,0.1284923024271873,7.708263547769345e-05,1.0020730950952308,1373,1373,0,0,0.0,0.9000000000087311,0.0,0.0,0.0,0.0,0.0,0.0,1.7901054620742798,2.1545333862304688,2.980053663253784,1.236601710319519,1.8914657831192017,4.233100891113281,
8,street00,gru_dynamics,ok,"building00,building01,building02,parking00,parking01,parking02,playground00","street01,street02",13738,1373.699999999997,OEM719_RTK,ODO_SPEED,0.29714774984570086,0.23857572512742464,0.5138785311747444,0.5865397410061106,0.25966569451071786,0.3238158041175314,0.8107101150653185,0.017833063519940663,0.06612424864748638,0.11682431340575433,0.024798682715970854,0.1298296457581054,7.788490881655047e-05,1.0014585900128241,1373,1373,0,0,0.0,0.9000000000087311,0.01945732906460762,0.03667036443948746,0.15390941500663757,0.012984105385839939,0.047256868332624435,0.19195415079593658,1.0,1.0,1.0,1.0,1.0,1.0,
8,street00,gru_q,ok,"building00,building01,building02,parking00,parking01,parking02,playground00","street01,street02",13738,1373.699999999997,OEM719_RTK,ODO_SPEED,0.30223633869992234,0.25284609502456307,0.5250702244006421,0.6010096375104524,0.2647436463156649,0.3191215106631253,0.6863361764996235,0.018469273999178557,0.06661386782864262,0.11236461424442652,0.02590772924621112,0.12857322121693598,7.713117872468702e-05,1.0022092580465176,1373,1370,0,3,0.21849963583394028,3.900000000008731,0.0,0.0,0.0,0.0,0.0,0.0,1.0390690565109253,1.142006754875183,7.953657150268555,1.6708377599716187,4.821332931518555,9.999547004699707,
8,street00,gru_dual,ok,"building00,building01,building02,parking00,parking01,parking02,playground00","street01,street02",13738,1373.699999999997,OEM719_RTK,ODO_SPEED,0.3001707193067734,0.23615768639980578,0.5205151939102575,0.599179804085031,0.2631279377462575,0.2367647278532587,0.7386601323170708,0.01740526292913729,0.06190722747737404,0.10720825314371023,0.02421603211498549,0.13138698147461295,7.881915576430027e-05,1.0016759799259398,1373,1373,0,0,0.0,0.9000000000087311,0.018409626558423042,0.038152530789375305,0.3558349907398224,0.012650995515286922,0.046861179172992706,0.19326357543468475,1.0178654193878174,1.0160775184631348,5.393579959869385,1.0035243034362793,1.0018527507781982,5.595022678375244,
9,street01,fixed_v5,ok,"building01,building02,parking00,parking01,parking02,playground00,street00","street02,building00",12483,1248.199999999997,OEM719_RTK,ODO_SPEED,1.1242790934823121,0.635328116340395,2.2628341729440997,3.1922935262848235,0.9339910205311294,0.7484345602456707,2.23964537416922,0.09977129589916567,0.257815613583011,0.40771690761483037,0.09704103412574046,0.6150500800258009,0.00037062627976653035,1.0149429637245542,1248,596,51,601,48.157051282051285,20.90000000000873,0.0,0.0,0.0,0.0,0.0,0.0,1.0,1.0,1.0,1.0,1.0,1.0,
9,street01,heuristic_v6,ok,"building01,building02,parking00,parking01,parking02,playground00,street00","street02,building00",12483,1248.199999999997,OEM719_RTK,ODO_SPEED,0.3906811981543975,0.25747995251832045,0.7118035482081151,0.9099248406846296,0.3247150409544241,0.5324598861224672,0.8867519610556726,0.035130910527282025,0.11341814827186714,0.19276505273000707,0.09681823362139197,0.14203946375714077,8.55923114913401e-05,1.0015746694600707,1248,1229,1,18,1.4423076923076923,11.900000000008731,0.0,0.0,0.0,0.0,0.0,0.0,1.9487154483795166,2.4983441829681396,4.602705001831055,1.3674982786178589,3.1608946323394775,9.233926773071289,
9,street01,gru_dynamics,ok,"building01,building02,parking00,parking01,parking02,playground00,street00","street02,building00",12483,1248.199999999997,OEM719_RTK,ODO_SPEED,0.39367336099621514,0.25621606401828867,0.7368186087975179,0.8626535293521657,0.3261280717370776,0.5739127236042068,1.3114593884150252,0.033929169298935,0.11298015384474465,0.20006063091518733,0.09549791902015846,0.127250993099212,7.668084876434606e-05,1.0004589337200658,1248,1214,1,33,2.644230769230769,11.900000000008731,0.021233290433883667,0.05019218474626541,0.0822618156671524,0.02228657715022564,0.13980431854724884,0.19997864961624146,1.0,1.0,1.0,1.0,1.0,1.0,
9,street01,gru_q,ok,"building01,building02,parking00,parking01,parking02,playground00,street00","street02,building00",12483,1248.199999999997,OEM719_RTK,ODO_SPEED,0.6403475093794937,0.29803150302047504,1.5544314114262465,2.318435082390063,0.5739815019091665,0.5933804231478412,1.413233183688036,0.07445132604006202,0.19035747729508937,0.3145196679215962,0.09678163438265787,0.29755207548490803,0.00017930347845683574,1.0057428089855784,1248,1081,12,155,12.419871794871796,15.900000000008731,0.0,0.0,0.0,0.0,0.0,0.0,1.0705987215042114,1.3347067832946777,9.344294548034668,2.2037248611450195,9.93647289276123,9.99985408782959,
9,street01,gru_dual,ok,"building01,building02,parking00,parking01,parking02,playground00,street00","street02,building00",12483,1248.199999999997,OEM719_RTK,ODO_SPEED,0.4048822550312061,0.256507584241017,0.7740862489993312,1.1304866486724818,0.3366141846309629,0.4396448180599482,1.3358509163978065,0.045701004467551806,0.12991360294034154,0.21829471138391426,0.09874665893958078,0.13006894338124447,7.837893232455456e-05,1.00080066275512,1248,1207,2,39,3.125,11.900000000008731,0.022732891142368317,0.051290545612573624,0.12080840766429901,0.022725213319063187,0.14385901391506195,0.199961319565773,1.0953372716903687,1.5305205583572388,5.287623882293701,1.0444446802139282,1.0736370086669922,7.813729286193848,
10,street02,fixed_v5,ok,"building02,parking00,parking01,parking02,playground00,street00,street01","building00,building01",13799,1379.800000000003,OEM719_RTK,ODO_SPEED,0.4750301325419272,0.35376502375975455,0.8500113318512476,0.9560499731809706,0.4280499984936227,0.47781488168546404,1.0019259058176067,0.040592742852802954,0.11430276273612801,0.18330767483014457,0.08845983596592998,0.18197312137386762,9.857639059913779e-05,1.0047267889261555,1379,1206,12,161,11.6751269035533,11.900000000008731,0.0,0.0,0.0,0.0,0.0,0.0,1.0,1.0,1.0,1.0,1.0,1.0,
10,street02,heuristic_v6,ok,"building02,parking00,parking01,parking02,playground00,street00,street01","building00,building01",13799,1379.800000000003,OEM719_RTK,ODO_SPEED,0.428190891884225,0.2540097628330802,0.8436618176953592,0.9529044410324007,0.3754882789344328,0.4425311882659653,0.7906185621234607,0.02645566779051986,0.08116891142071798,0.1387664710675161,0.08782897514891963,0.14281800890379037,7.736573249939828e-05,1.001645898812832,1379,1362,0,17,1.2327773749093547,6.900000000008731,0.0,0.0,0.0,0.0,0.0,0.0,1.9115756750106812,2.4922847747802734,4.378536224365234,1.3893033266067505,3.306306838989258,7.928411483764648,
10,street02,gru_dynamics,ok,"building02,parking00,parking01,parking02,playground00,street00,street01","building00,building01",13799,1379.800000000003,OEM719_RTK,ODO_SPEED,0.46403335353627967,0.27998441562147364,0.8479007907395856,0.9661082173968993,0.35363058957790483,0.47781607562202805,1.291821819872242,0.036129302774512824,0.1073883851391544,0.18152735622692473,0.07591232730583494,0.15767674690433162,8.541483749849485e-05,1.0006036332759218,1379,1234,10,135,9.789702683103698,11.900000000008731,0.02257629856467247,0.04441216588020325,0.08809149265289307,0.024480964988470078,0.15179215371608734,0.2387228161096573,1.0,1.0,1.0,1.0,1.0,1.0,
10,street02,gru_q,ok,"building02,parking00,parking01,parking02,playground00,street00,street01","building00,building01",13799,1379.800000000003,OEM719_RTK,ODO_SPEED,0.4301450747244965,0.27570855240204134,0.8405475783769405,0.9571125175463637,0.38374672731645687,0.43572036574005446,0.8542366298829587,0.029909373904182385,0.09558426233669678,0.16188776185917714,0.09521312322015561,0.1550637372068911,8.399934787766769e-05,1.0025155090711202,1379,1329,2,48,3.4807831762146484,11.900000000008731,0.0,0.0,0.0,0.0,0.0,0.0,1.0274648666381836,1.1117372512817383,7.271688461303711,2.2572004795074463,9.97304916381836,9.99993896484375,
10,street02,gru_dual,ok,"building02,parking00,parking01,parking02,playground00,street00,street01","building00,building01",13799,1379.800000000003,OEM719_RTK,ODO_SPEED,0.46181310659744834,0.2767391290412606,0.8468253436808157,0.9708043634233025,0.35540706898895863,0.4679155030269899,1.2311820844090704,0.03431850529795132,0.10247313874170182,0.1763622053880306,0.08189129439155081,0.16293946292781147,8.826569561658499e-05,1.0007054275005334,1379,1241,10,128,9.282088469905728,11.900000000008731,0.02187495492398739,0.042625658214092255,0.16679111123085022,0.02428376115858555,0.15066839754581451,0.23872387409210205,1.0196723937988281,1.0338996648788452,5.7525954246521,1.0435711145401,1.0063998699188232,9.408024787902832,
