sample_idx,cycle_ok,error,t_wall_unix_s,t_cycle_start_ns,t_edge_send_ns,t_edge_rx_ns,t_edge_mid_ns,http_latency_ms,rover_millis_s,source_sample_time_s,edge_arrival_time_s,estimate_time_s,alarm_time_s,clock_offset_s,clock_calibrated,clock_calibration_samples,packet_loss_count,stale_packet,queue_depth,T,seq,sample_ms,send_ms,millis,L,R,enc_left,enc_right,v,r,p,y,ax,ay,az,gx,gy,gz,mx,my,mz,temp,gps_valid,gps_age_ms,gps_fix_type,lat,lon,sat,hdop,alt_m,speed_mps,course_deg,gps_chars,gps_sentences,gps_failed_checksums
0,True,,1783957199.2168732,856457500000000,856457500000000,856458140000000,856457820000000,640.0,1692.425,1692.425,856458.14,856458.14,,854765.3949999999,False,1,0,False,0,1007,582,1692425,1692426,1692425,0,0,1,1,12.17318,0.719224,-1.109414,-123.4909,20.03906,14.64844,978.8184,-0.41125,-0.0075,-0.01375,28,-45,-46,50,True,539,3,37.24885517,-80.4181415,12,0.8,,,,1133775,3131,332
1,True,,1783957200.865314,856459156000000,856459156000000,856459781000000,856459468500000,625.0,1694.078,1694.078,856459.781,856459.781,,854765.3927499999,False,2,0,False,0,1007,583,1694078,1694079,1694078,0,0,1,1,12.17318,0.821397,-1.469574,-123.0199,19.55078,12.69531,980.7715,0.58875,-1.8825,0.11125,26,-43,-46,49.44444,True,195,3,37.24885583,-80.41814417,12,0.8,,,,1134907,3135,332
2,True,,1783957202.5128367,856460796000000,856460796000000,856461453000000,856461124500000,657.0,1695.735,1695.735,856461.453,856461.453,,854765.3905,False,3,0,False,0,1007,584,1695735,1695737,1695735,0.140750912,0.140656928,-162,-154,12.17318,-1.115237,-9.616649,-125.17,187.5195,-27.83203,908.0176,-1.22375,7.305,-2.88875,26,-43,-47,49.44444,True,495,3,37.24885683,-80.418146,12,0.8,,,,1136040,3137,332
3,True,,1783957204.1805947,856462468000000,856462468000000,856463093000000,856462780500000,625.0,1697.395,1697.395,856463.093,856463.093,,854765.39,False,4,0,False,0,1007,585,1697395,1697397,1697395,0,0,-791,-740,12.17318,0.536758,-0.514983,-121.0878,12.71484,8.789063,977.8418,-0.09875,1.055,-0.45125,28,-47,-47,50,True,510,3,37.24885783,-80.41814783,12,0.8,,,,1137120,3141,333
4,True,,1783957205.8273664,856464109000000,856464109000000,856464812000000,856464460500000,703.0,1699.041,1699.041,856464.812,856464.812,,854765.3905,True,5,0,False,0,1007,586,1699041,1699043,1699041,0,0,-605,-557,12.17318,0.508517,-1.496312,-120.1462,34.19922,5.859375,971.9824,-0.91125,-0.1325,-0.32625,23,-45,-50,49.44444,True,159,3,37.24885967,-80.41814667,12,0.8,,,,1138199,3145,333
5,True,,1783957207.53506,856465812000000,856465812000000,856466593000000,856466202500000,781.0,1700.751,1700.751,856466.593,856466.593,,854765.3927499999,True,6,0,False,0,1007,587,1700751,1700753,1700751,-0.392316517,-0.393440073,-189,-152,12.17318,-0.745003,-5.48262,-121.0272,3.925781,-52.24609,1081.357,-6.09875,-5.7575,3.54875,26,-50,-55,49.44444,True,536,3,37.24885983,-80.41814633,12,0.8,,,,1139341,3147,333
6,True,,1783957209.3212855,856467609000000,856467609000000,856468265000000,856467937000000,656.0,1702.548,1702.548,856468.265,856468.265,,854765.3905,True,7,0,False,0,1007,588,1702548,1702549,1702548,0,0,2921,2940,11.99289,0.893155,-1.351606,-127.7669,29.31641,16.60156,975.4004,-0.47375,-2.1325,-0.32625,34,-45,-37,49.44444,True,662,3,37.24885933,-80.41814617,12,0.8,,,,1140318,3151,334
7,True,,1783957210.9807913,856469265000000,856469265000000,856469921000000,856469593000000,656.0,1704.2,1704.2,856469.921,856469.921,,854765.39175,True,8,0,False,0,1007,589,1704200,1704202,1704200,-0.505519168,-0.505111874,4767,4775,11.99289,0.918077,-0.756861,-131.4243,-46.36719,28.32031,964.6582,-1.47375,-2.945,-5.45125,33,-41,-48,50,True,321,3,37.24885733,-80.418143,12,0.8,,,,1141383,3155,335
8,True,,1783957212.634197,856470921000000,856470921000000,856471578000000,856471249500000,657.0,1705.867,1705.867,856471.578,856471.578,,854765.3905,True,9,0,False,0,1007,590,1705867,1705869,1705867,-0.110471898,-0.088390498,10028,10027,11.99289,-0.989079,8.767646,-133.0799,-153.7891,-3.417969,943.1738,-1.34875,-6.445,-1.63875,40,-35,-43,49.44444,True,97,3,37.2488605,-80.4181455,12,0.8,,,,1142486,3158,335
9,True,,1783957214.3020387,856472593000000,856472593000000,856473265000000,856472929000000,672.0,1707.543,1707.543,856473.265,856473.265,,854765.39,True,10,0,False,0,1007,591,1707543,1707544,1707543,0,0,10045,10046,11.99289,-0.477388,0.187212,-135.377,9.296875,-6.347656,981.2598,-0.28625,13.8675,0.11125,36,-36,-43,50,True,661,3,37.24886033,-80.41814567,12,0.8,,,,1143489,3161,336
10,True,,1783957215.9801574,856474265000000,856474265000000,856474984000000,856474624500000,719.0,1709.206,1709.206,856474.984,856474.984,,854765.3905,True,11,0,False,0,1007,592,1709206,1709207,1709206,0,0,10045,10046,11.99289,-0.294942,-0.652745,-135.0802,6.855469,-5.859375,983.7012,0.15125,-1.82,0.11125,36,-37,-45,49.44444,True,324,3,37.24886117,-80.4181435,12,0.8,,,,1144559,3165,337
11,True,,1783957217.6991465,856475984000000,856475984000000,856476625000000,856476304500000,641.0,1710.908,1710.908,856476.625,856476.625,,854765.39175,True,12,0,False,0,1007,593,1710908,1710910,1710908,0.042977071,-0.064465606,9813,10398,11.99289,10.00546,-2.356811,-166.4298,13.20313,26.36719,992.9785,1.46375,0.93,-28.82625,36,-31,-44,50.55556,True,24,3,37.248862,-80.41814217,12,0.8,,,,1145698,3169,337
12,True,,1783957219.3428934,856477625000000,856477625000000,856478281000000,856477953000000,656.0,1712.569,1712.569,856478.281,856478.281,,854765.3905,True,13,0,False,0,1007,594,1712569,1712570,1712569,0,0,9767,10480,12.1291,-0.548317,-0.727707,-135.9259,14.66797,-9.765625,980.7715,-0.78625,0.4925,-0.38875,33,-33,-44,49.44444,True,687,3,37.2488605,-80.418139,12,0.8,,,,1146793,3171,337
13,True,,1783957221.0026822,856479281000000,856479281000000,856479921000000,856479601000000,640.0,1714.218,1714.218,856479.921,856479.921,,854765.39,True,14,0,False,0,1007,595,1714218,1714220,1714218,0,0,9767,10480,12.1291,-0.575416,-0.769565,-136.9345,14.66797,-8.789063,980.7715,0.08875,0.305,-0.26375,34,-31,-45,49.44444,True,335,3,37.24885983,-80.41813817,12,0.8,,,,1147879,3175,338
14,True,,1783957222.6503055,856480937000000,856480937000000,856482015000000,856481476000000,1078.0,1716.295,1716.295,856482.015,856482.015,,854765.3895,True,15,0,False,0,1007,596,1716295,1716296,1716295,0,0,9767,10480,12.1291,-0.561387,-0.89968,-136.6188,12.22656,-9.765625,979.3066,-0.03625,-3.07,-0.20125,34,-33,-47,49.44444,True,129,3,37.24886,-80.41813733,12,0.8,,,,1149378,3179,338
15,True,,1783957224.7361586,856483015000000,856483015000000,856483718000000,856483366500000,703.0,1717.997,1717.997,856483.718,856483.718,,854765.38925,True,16,0,False,0,1007,597,1717997,1717998,1717997,0,0,9767,10480,12.1291,-0.21331,-0.98268,-136.2183,12.22656,-8.300781,980.2832,-0.28625,-0.32,-0.20125,32,-33,-44,50,True,52,3,37.248859,-80.41813733,12,0.8,,,,1150518,3183,338
16,True,,1783957226.4308865,856484718000000,856484718000000,856485421000000,856485069500000,703.0,1719.645,1719.645,856485.421,856485.421,,854765.3895,True,17,0,False,0,1007,598,1719645,1719646,1719645,-0.399886946,-0.484480285,10333,11196,12.1291,2.721917,-7.322596,-159.1745,152.8516,-44.43359,1045.225,-6.22375,-6.07,-15.13875,27,-22,-53,49.44444,True,757,3,37.2488585,-80.41813733,12,0.8,,,,1151527,3185,339
17,True,,1783957228.1442807,856486421000000,856486421000000,856487078000000,856486749500000,657.0,1721.358,1721.358,856487.078,856487.078,,854765.39,True,18,0,False,0,1007,599,1721358,1721360,1721358,0,0,13352,14335,12.1291,1.693175,-4.704354,-131.5229,72.77344,18.55469,973.4473,-3.09875,-3.695,-1.20125,30,-36,-40,50,True,479,3,37.24885933,-80.418134,12,0.8,,,,1152616,3189,340
18,True,,1783957229.7970695,856488078000000,856488078000000,856488812000000,856488445000000,734.0,1723.007,1723.007,856488.812,856488.812,,854765.3905,True,19,0,False,0,1007,600,1723007,1723009,1723007,0,0,13212,14280,12.09442,1.89936,-2.639397,-129.0654,43.96484,17.08984,968.0762,-0.59875,-0.195,-0.13875,27,-38,-42,50,True,119,3,37.24886417,-80.41813483,12,0.8,,,,1153703,3193,340
19,True,,1783957231.5251749,856489812000000,856489812000000,856490468000000,856490140000000,656.0,1724.748,1724.748,856490.468,856490.468,,854765.3910000001,True,20,0,False,0,1007,601,1724748,1724750,1724748,0,0,13212,14280,12.09442,0.380413,-0.544621,-128.2929,26.875,20.50781,979.7949,-0.09875,0.8675,-0.01375,31,-35,-42,50,True,862,3,37.24886617,-80.41813383,12,0.8,,,,1154757,3195,341
20,True,,1783957233.1845865,856491468000000,856491468000000,856492109000000,856491788500000,641.0,1726.398,1726.398,856492.109,856492.109,,854765.3905,True,21,0,False,0,1007,602,1726398,1726399,1726398,0,0,12716,13841,12.09442,0.59381,-1.673979,-145.7904,26.38672,14.16016,982.2363,-0.09875,-0.695,-0.01375,27,-19,-44,50,True,515,3,37.24886717,-80.418129,12,0.8,,,,1155838,3199,342
21,True,,1783957234.8312323,856493109000000,856493109000000,856493828000000,856493468500000,719.0,1728.043,1728.043,856493.828,856493.828,,854765.3910000001,True,22,0,False,0,1007,603,1728043,1728044,1728043,0.279510635,0.257972953,12212,13329,12.09442,-1.26955,-9.207579,-148.59,209.9805,-20.01953,978.8184,0.90125,7.055,-0.20125,26,-18,-44,50,True,162,3,37.2488685,-80.41812367,12,0.86,,,,1156924,3203,342
22,True,,1783957236.5424366,856494828000000,856494828000000,856495609000000,856495218500000,781.0,1729.766,1729.766,856495.609,856495.609,,854765.3915,True,23,0,False,0,1007,604,1729766,1729767,1729766,-0.09579342,0.143671836,10574,11661,12.09442,2.965948,-2.327574,-140.2356,-33.18359,19.04297,1088.193,-0.91125,5.9925,52.04875,22,-29,-53,49.44444,True,545,3,37.248869,-80.41812433,12,0.86,,,,1158079,3205,342
23,True,,1783957238.3235528,856496609000000,856496609000000,856497312000000,856496960500000,703.0,1731.549,1731.549,856497.312,856497.312,,854765.39175,True,24,0,False,0,1007,605,1731549,1731550,1731549,0,0,11651,9968,12.09442,-0.17609,-0.455121,-107.4969,18.08594,-1.464844,977.3535,0.27625,-0.695,0.29875,16,-52,-45,49.44444,True,664,3,37.24887083,-80.4181235,12,0.86,,,,1159051,3209,342
24,True,,1783957240.0221791,856498312000000,856498312000000,856499046000000,856498679000000,734.0,1733.237,1733.237,856499.046,856499.046,,854765.392,True,25,0,False,0,1007,606,1733237,1733239,1733237,0,0,11651,9968,12.16914,-0.113512,-1.003336,-108.7958,13.69141,-1.464844,978.3301,-0.28625,-0.5075,0.29875,16,-51,-45,50,True,357,3,37.2488715,-80.418118,12,0.86,,,,1160152,3213,343
25,True,,1783957241.763665,856500046000000,856500046000000,856500765000000,856500405500000,719.0,1734.975,1734.975,856500.765,856500.765,,854765.392,True,25,0,False,0,1007,607,1734975,1734977,1734975,0.425150327,-0.404687265,11097,10526,12.16914,21.71444,27.07324,57.82027,-12.1875,-20.99609,1178.525,2.40125,-7.5075,-251.4512,31,-60,-52,49.44444,True,94,3,37.24887133,-80.41811667,12,0.86,,,,1161316,3217,343
26,True,,1783957243.4766042,856501765000000,856501765000000,856502421000000,856502093000000,656.0,1736.711,1736.711,856502.421,856502.421,,854765.392,True,25,0,False,0,1007,608,1736711,1736713,1736711,0,0,8014,13590,12.16914,-0.164558,-0.693421,-95.45145,14.66797,-4.882813,980.7715,-0.47375,-0.7575,-0.32625,4,-49,-47,51.11111,True,828,3,37.24887017,-80.41811767,12,0.86,,,,1162353,3219,343
27,True,,1783957245.1467078,856503437000000,856503437000000,856504078000000,856503757500000,641.0,1738.358,1738.358,856504.078,856504.078,,854765.393,True,25,0,False,0,1007,609,1738358,1738360,1738358,0,0,8014,13590,12.16914,-0.042137,-0.628142,-95.20091,15.15625,-4.882813,981.2598,0.08875,-0.195,-0.13875,3,-49,-46,49.44444,True,476,3,37.24887,-80.41812183,12,0.86,,,,1163428,3223,344
28,True,,1783957246.7929869,856505078000000,856505078000000,856505796000000,856505437000000,718.0,1740.005,1740.005,856505.796,856505.796,,854765.3964999999,True,25,0,False,0,1007,610,1740005,1740007,1740005,0,0,8014,13590,12.16914,-0.107573,-1.134078,-95.11736,14.17969,-2.929688,982.2363,-0.16125,-2.82,0.29875,3,-51,-47,49.44444,True,122,3,37.24886967,-80.41811933,12,0.8,,,,1164506,3227,344
29,True,,1783957248.5143085,856506796000000,856506796000000,856507546000000,856507171000000,750.0,1741.765,1741.765,856507.546,856507.546,,854765.3964999999,True,25,0,False,0,1007,611,1741765,1741766,1741765,0,0,8014,13590,12.16914,-0.081203,-0.793428,-95.69136,16.13281,-5.859375,974.4238,-0.59875,-0.57,-0.26375,4,-50,-46,49.44444,True,883,3,37.24886983,-80.41811983,12,0.86,,,,1165557,3229,345
30,True,,1783957250.26252,856508546000000,856508546000000,856509281000000,856508913500000,735.0,1743.504,1743.504,856509.281,856509.281,,854765.3964999999,True,25,0,False,0,1007,612,1743504,1743505,1743504,0,0,7167,14366,11.91677,-0.449574,-0.91173,-119.0052,14.66797,-10.74219,976.377,-0.72375,-0.945,-0.01375,27,-50,-48,49.44444,True,622,3,37.24886883,-80.4181175,12,0.81,,,,1166656,3233,346
31,True,,1783957252.0032876,856510281000000,856510281000000,856510937000000,856510609000000,656.0,1745.215,1745.215,856510.937,856510.937,,854765.3964999999,True,25,0,False,0,1007,613,1745215,1745217,1745215,-0.182995206,-0.182846952,7751,15132,11.91677,-0.319526,-21.13112,-134.209,409.6875,20.01953,897.7637,2.52625,-12.3825,-2.07625,31,-46,-54,50,True,335,3,37.248871,-80.41811983,12,0.81,,,,1167736,3237,347
32,True,,1783957253.6493967,856511937000000,856511937000000,856512640000000,856512288500000,703.0,1746.918,1746.918,856512.64,856512.64,,854765.3964999999,True,25,0,False,0,1007,614,1746918,1746919,1746918,0,0,10952,18440,11.91677,0.179078,-1.636755,-125.0974,37.61719,-0.488281,998.3496,-1.09875,-1.7575,0.29875,30,-43,-47,49.44444,True,38,3,37.24887483,-80.4181185,12,0.86,,,,1168873,3241,347
33,True,,1783957255.3530083,856513640000000,856513640000000,856514312000000,856513976000000,672.0,1748.571,1748.571,856514.312,856514.312,,854765.3994999999,True,25,0,False,0,1007,615,1748571,1748572,1748571,0.171908283,0.171834661,10128,17615,11.91677,-1.431316,-7.836681,-133.2201,167.5,-22.46094,994.9316,4.83875,-9.195,-1.20125,33,-37,-45,49.44444,True,689,3,37.24887567,-80.4181185,12,0.86,,,,1169948,3243,348
34,True,,1783957257.0236194,856515312000000,856515312000000,856516062000000,856515687000000,750.0,1750.252,1750.252,856516.062,856516.062,,854765.405,True,25,0,False,0,1007,616,1750252,1750254,1750252,-0.134002724,-0.111685514,9667,17168,11.91677,-0.449075,-14.96393,-127.1492,244.1602,9.277344,854.3066,-0.34875,-25.7575,5.61125,31,-51,-47,49.44444,True,369,3,37.24887683,-80.41812167,12,0.81,,,,1171061,3247,349
35,True,,1783957258.774429,856517062000000,856517062000000,856517703000000,856517382500000,641.0,1751.994,1751.994,856517.703,856517.703,,854765.3994999999,True,25,0,False,0,1007,617,1751994,1751996,1751994,0,0,12346,19861,11.91677,0.792748,-0.497629,-132.0013,1.484375,-22.94922,970.5176,-1.09875,1.4925,1.36125,34,-39,-44,49.44444,True,115,3,37.24888183,-80.4181265,12,0.81,,,,1172235,3251,349
36,True,,1783957260.4294329,856518718000000,856518718000000,856519359000000,856519038500000,641.0,1753.645,1753.645,856519.359,856519.359,,854765.3994999999,True,25,0,False,0,1007,618,1753645,1753646,1753645,0,0,10745,18261,12.16905,0.079052,-2.226387,-129.9737,49.33594,-7.8125,966.123,0.27625,-0.8825,-0.07625,33,-42,-48,49.44444,True,760,3,37.24888367,-80.4181275,12,0.81,,,,1173244,3253,350
37,True,,1783957262.0784154,856520359000000,856520359000000,856521031000000,856520695000000,672.0,1755.305,1755.305,856521.031,856521.031,,854765.3994999999,True,25,0,False,0,1007,619,1755305,1755306,1755305,-0.022195416,-0.044325446,11995,19514,12.16905,0.022848,3.758367,-129.7727,-63.45703,-25.87891,1027.158,0.71375,-2.0075,-8.01375,33,-39,-43,49.44444,True,418,3,37.248882,-80.41812583,12,0.81,,,,1174278,3257,351
38,True,,1783957263.7420962,856522031000000,856522031000000,856522671000000,856522351000000,640.0,1756.965,1756.965,856522.671,856522.671,,854765.3994999999,True,25,0,False,0,1007,620,1756965,1756967,1756965,-0.342464363,0.282483325,12339,19249,12.16905,19.93793,11.52046,-7.984313,-8.769531,61.52344,1027.646,-12.91125,-8.07,198.9238,25,-48,-63,49.44444,True,81,3,37.24888583,-80.41812433,12,0.81,,,,1175374,3261,351
39,True,,1783957265.3977382,856523687000000,856523687000000,856524343000000,856524015000000,656.0,1758.614,1758.614,856524.343,856524.343,,854765.4010000001,True,25,0,False,0,1007,621,1758614,1758615,1758614,0,0,14950,16808,12.16905,1.364828,14.51756,-58.3418,19.55078,-3.90625,980.7715,-0.28625,-0.82,0.04875,19,-15,-47,49.44444,True,732,3,37.24888383,-80.41812767,11,0.97,,,,1176399,3263,352
40,True,,1783957267.0545995,856525343000000,856525343000000,856525984000000,856525663500000,641.0,1760.264,1760.264,856525.984,856525.984,,854765.4010000001,True,25,0,False,0,1007,622,1760264,1760266,1760264,0,-0.021497746,14476,17294,12.16905,5.517034,6.278357,-27.19328,31.26953,9.277344,987.6074,-0.91125,-2.5075,-6.82625,6,-12,-50,50.55556,True,383,3,37.24888417,-80.4181285,11,0.97,,,,1177390,3267,352
41,True,,1783957268.7105925,856527000000000,856527000000000,856527718000000,856527359000000,718.0,1761.932,1761.932,856527.718,856527.718,,854765.4010000001,True,25,0,False,0,1007,623,1761932,1761934,1761932,0.141203791,-0.161310882,12609,19207,12.16905,10.28806,-4.502504,-147.1967,-22.92969,62.98828,935.8496,-4.03625,5.555,-85.45125,19,-50,-47,49.44444,True,52,3,37.24888317,-80.41813,11,0.97,,,,1178473,3271,352
42,True,,1783957270.4416275,856528718000000,856528718000000,856529453000000,856529085500000,735.0,1763.675,1763.675,856529.453,856529.453,,854765.405,True,25,0,False,0,1007,624,1763675,1763676,1763675,0,0,12407,19367,12.13689,-0.424447,-1.473207,-116.4178,22.96875,-8.300781,978.8184,-0.53625,-0.07,-0.32625,22,-47,-48,50,True,797,3,37.24888433,-80.41812733,11,0.97,,,,1179522,3273,353
43,True,,1783957272.1749625,856530453000000,856530453000000,856531109000000,856530781000000,656.0,1765.393,1765.393,856531.109,856531.109,,854765.4010000001,True,25,0,False,0,1007,625,1765393,1765394,1765393,-0.409321127,-0.408059659,13039,20223,12.13689,1.119414,-5.902409,-127.0557,-89.82422,-1.464844,904.1113,0.65125,2.68,-3.88875,24,-51,-54,49.44444,True,513,3,37.24888483,-80.41812317,10,1.03,,,,1180639,3277,353
44,True,,1783957273.8253376,856532109000000,856532109000000,856532796000000,856532452500000,687.0,1767.068,1767.068,856532.796,856532.796,,854765.4010000001,True,25,0,False,0,1007,626,1767068,1767070,1767068,0.107197724,0.107060428,15985,23272,12.13689,-1.22771,7.574434,-129.4841,-150.3711,-21.48438,1026.182,-1.09875,12.3675,-3.88875,39,-39,-46,49.44444,True,189,3,37.24888983,-80.4181215,11,0.97,,,,1181724,3281,353
45,True,,1783957275.5112274,856533796000000,856533796000000,856534484000000,856534140000000,688.0,1768.728,1768.728,856534.484,856534.484,,854765.405,True,25,0,False,0,1007,627,1768728,1768729,1768728,0.408398825,0.386848886,14417,21751,12.13689,-2.537997,3.580758,-125.4766,-69.80469,-14.16016,1032.529,-1.53625,-6.7575,0.42375,40,-47,-54,50,True,522,3,37.2488905,-80.4181215,11,0.97,,,,1182795,3283,353
46,True,,1783957277.1971922,856535484000000,856535484000000,856536125000000,856535804500000,641.0,1770.412,1770.412,856536.125,856536.125,,854765.4010000001,True,25,0,False,0,1007,628,1770412,1770414,1770412,0,0,11047,18469,12.13689,-0.254148,-1.207637,-126.7099,21.01563,-2.441406,982.7246,-0.03625,-1.57,0.04875,30,-42,-49,50,True,531,3,37.2488865,-80.4181225,11,0.97,,,,1183900,3287,354
47,True,,1783957278.8467002,856537125000000,856537125000000,856537781000000,856537453000000,656.0,1772.06,1772.06,856537.781,856537.781,,854765.3995,True,25,0,False,0,1007,629,1772060,1772062,1772060,0,0,11047,18469,12.13689,-0.378668,-0.722973,-126.9971,15.15625,-5.859375,982.2363,0.40125,-0.57,0.04875,31,-40,-49,49.44444,True,178,3,37.24888117,-80.41812617,11,0.97,,,,1184962,3291,354
48,True,,1783957280.500062,856538781000000,856538781000000,856539593000000,856539187000000,812.0,1773.728,1773.728,856539.593,856539.593,,854765.3995,True,25,0,False,0,1007,630,1773728,1773729,1773728,0.21494675,0.193341594,10933,18359,12.1611,1.075792,7.677832,-122.4732,-123.5156,-43.45703,1031.064,-0.91125,-28.195,-0.45125,33,-44,-51,49.44444,True,499,3,37.24887967,-80.41812583,12,0.97,,,,1186051,3293,354
49,True,,1783957282.3139472,856540593000000,856540593000000,856541328000000,856540960500000,735.0,1775.535,1775.535,856541.328,856541.328,,854765.3995,True,25,0,False,0,1007,631,1775535,1775536,1775535,0,0,7697,15072,12.1611,-0.25063,-0.92128,-134.27,18.08594,-3.417969,972.4707,0.65125,-0.82,-0.20125,32,-34,-47,49.44444,True,652,3,37.24887733,-80.41812533,12,0.92,,,,1187176,3297,355
50,True,,1783957284.0469418,856542328000000,856542328000000,856542984000000,856542656000000,656.0,1777.265,1777.265,856542.984,856542.984,,854765.3994999999,True,25,0,False,0,1007,632,1777265,1777267,1777265,-0.075231363,-0.094039203,9884,17308,12.1611,-0.703355,7.671198,-127.3123,-138.6523,14.64844,971.9824,-0.22375,4.805,1.23625,41,-38,-47,49.44444,True,384,3,37.248873,-80.418131,11,0.97,,,,1188299,3301,356
51,True,,1783957285.6983914,856543984000000,856543984000000,856544718000000,856544351000000,734.0,1778.919,1778.919,856544.718,856544.718,,854765.3995,True,25,0,False,0,1007,633,1778919,1778920,1778919,-0.371728866,-0.372324065,10531,17948,12.1611,-1.536437,-8.504307,-130.7119,214.8633,-10.74219,1032.529,-0.28625,0.2425,1.73625,33,-45,-52,49.44444,True,39,3,37.2488705,-80.41813233,12,0.81,,,,1189376,3305,356
52,True,,1783957287.4315383,856545718000000,856545718000000,856546375000000,856546046500000,657.0,1780.658,1780.658,856546.375,856546.375,,854765.3995,True,25,0,False,0,1007,634,1780658,1780659,1780658,0,0,13112,20481,12.1611,-0.400434,-0.877174,-119.881,15.64453,-7.8125,980.7715,-0.03625,-2.1325,0.29875,27,-48,-46,49.44444,True,774,3,37.2488685,-80.418134,12,0.92,,,,1190446,3307,357
53,True,,1783957289.0895314,856547375000000,856547375000000,856548046000000,856547710500000,671.0,1782.314,1782.314,856548.046,856548.046,,854765.3965,True,25,0,False,0,1007,635,1782314,1782315,1782314,-0.513524659,0.5133723,14955,18713,12.1611,12.5989,-16.25744,179.8892,-166.4844,-21.48438,991.5137,-4.72375,8.93,317.4237,-8,-40,-60,49.44444,True,431,3,37.248869,-80.4181315,12,0.81,,,,1191488,3311,357
54,True,,1783957290.7704613,856549046000000,856549046000000,856549703000000,856549374500000,657.0,1783.987,1783.987,856549.703,856549.703,,854765.3940000001,True,25,0,False,0,1007,636,1783987,1783989,1783987,-0.504393336,0.504099443,20479,13145,11.92097,21.63642,0.021676,139.796,-120.5859,-208.9844,942.6855,-8.59875,-0.1325,319.3612,30,-34,-55,49.44444,True,108,3,37.248864,-80.41813283,12,0.93,,,,1192588,3315,357
55,True,,1783957292.4240656,856550703000000,856550703000000,856551359000000,856551031000000,656.0,1785.645,1785.645,856551.359,856551.359,,854765.3935,True,25,0,False,0,1007,637,1785645,1785646,1785645,0,0,24749,8876,11.92097,-0.612396,0.579647,-104.9111,45.42969,10.25391,990.5371,-0.28625,0.305,-0.20125,21,-63,-45,49.44444,True,764,3,37.24886067,-80.4181315,12,0.86,,,,1193593,3317,358
56,True,,1783957294.079235,856552359000000,856552359000000,856553031000000,856552695000000,672.0,1787.297,1787.297,856553.031,856553.031,,854765.3935,True,25,0,False,0,1007,638,1787297,1787299,1787297,0.500607949,-0.499610589,23047,10543,11.92097,5.798424,14.44995,62.06328,-57.10938,77.63672,1022.764,5.15125,-4.2575,-322.8263,17,-16,-53,50,True,416,3,37.2488615,-80.41813383,12,0.92,,,,1194622,3321,359
57,True,,1783957295.7514002,856554031000000,856554031000000,856554750000000,856554390500000,719.0,1789.001,1789.001,856554.75,856554.75,,854765.3935,True,25,0,False,0,1007,639,1789001,1789003,1789001,0.492580194,-0.492177375,17344,16256,11.92097,14.28542,0.229295,170.1416,-85.42969,46.38672,1149.229,7.65125,15.305,-322.0763,29,-66,-50,49.44444,True,122,3,37.24885767,-80.41813083,12,0.86,,,,1195753,3325,359
58,True,,1783957297.4668732,856555750000000,856555750000000,856556390000000,856556070000000,640.0,1790.678,1790.678,856556.39,856556.39,,854765.3929999999,True,25,0,False,0,1007,640,1790678,1790679,1790678,0,0,14426,19149,11.92097,22.9405,-10.95677,155.7545,18.08594,2.929688,980.7715,-0.53625,0.68,0.17375,-6,-41,-50,49.44444,True,795,3,37.24885667,-80.4181245,12,0.86,,,,1196746,3327,360
59,True,,1783957299.1104145,856557390000000,856557390000000,856558109000000,856557749500000,719.0,1792.341,1792.341,856558.109,856558.109,,854765.3929999999,True,25,0,False,0,1007,641,1792341,1792342,1792341,0,0,13382,18311,11.92097,0.73906,-1.468754,-94.57766,-16.09375,-3.90625,984.1895,0.02625,1.2425,-0.07625,1,-60,-46,49.44444,True,460,3,37.24885917,-80.41812267,12,0.86,,,,1197817,3331,361
60,True,,1783957300.8278427,856559109000000,856559109000000,856559765000000,856559437000000,656.0,1794.045,1794.045,856559.765,856559.765,,854765.3929999999,True,25,0,False,0,1007,642,1794045,1794047,1794045,0,0,13382,18309,12.16101,0.394657,-0.126144,-90.26865,2.949219,3.417969,982.7246,-0.34875,-2.2575,-0.13875,-1,-60,-45,49.44444,True,164,3,37.248857,-80.418123,12,0.86,,,,1198949,3335,361
61,True,,1783957302.4793847,856560765000000,856560765000000,856561406000000,856561085500000,641.0,1795.687,1795.687,856561.406,856561.406,,854765.3929999999,True,25,0,False,0,1007,643,1795687,1795688,1795687,0,0,13382,18309,12.16101,0.342185,-0.084075,-90.57018,2.460938,2.929688,979.3066,-0.72375,-1.695,0.36125,1,-61,-45,49.44444,True,472,3,37.2488565,-80.41812183,10,1.48,,,,1200016,3337,361
62,True,,1783957304.1228638,856562406000000,856562406000000,856563078000000,856562742000000,672.0,1797.358,1797.358,856563.078,856563.078,,854765.3929999999,True,25,0,False,0,1007,644,1797358,1797360,1797358,-0.221725206,-0.243969631,13714,18627,12.16101,0.286364,-6.732312,-98.92661,85.46875,-186.0352,1183.408,-3.28625,21.1175,-5.51375,-1,-53,-53,49.44444,True,482,3,37.24885733,-80.41811917,10,1.48,,,,1201095,3341,362
63,True,,1783957305.7943673,856564078000000,856564078000000,856564765000000,856564421500000,687.0,1799.032,1799.032,856564.765,856564.765,,854765.3929999999,True,25,0,False,0,1007,645,1799032,1799034,1799032,0.04477391,0.044667575,17160,22082,12.16101,-0.758751,-2.460881,-88.10363,45.91797,-34.66797,991.5137,0.46375,-2.57,-2.26375,-4,-66,-44,49.44444,True,150,3,37.24885467,-80.41811767,11,0.92,,,,1202177,3345,362
64,True,,1783957307.4899292,856565781000000,856565781000000,856566531000000,856566156000000,750.0,1800.714,1800.714,856566.531,856566.531,,854765.3929999999,True,25,0,False,0,1007,646,1800714,1800716,1800714,0,0,17138,22080,12.16101,-0.35464,-2.089547,-83.13956,33.71094,-9.277344,980.2832,-0.91125,0.9925,-0.20125,-11,-63,-44,49.44444,True,512,3,37.24885683,-80.41811733,11,0.92,,,,1203270,3347,362
65,True,,1783957309.2436895,856567531000000,856567531000000,856568156000000,856567843500000,625.0,1802.448,1802.448,856568.156,856568.156,,854765.3929999999,True,25,0,False,0,1007,647,1802448,1802450,1802448,0.171908283,-0.107473375,17065,22130,12.16101,-3.580276,-2.089793,-102.5517,-10.72266,-9.277344,982.7246,0.40125,-15.57,-94.13875,-1,-69,-44,49.44444,True,567,3,37.24886317,-80.41811967,11,0.92,,,,1204394,3351,363
66,True,,1783957310.8794968,856569156000000,856569156000000,856569796000000,856569476000000,640.0,1804.085,1804.085,856569.796,856569.796,,854765.3925,True,25,0,False,0,1007,648,1804085,1804087,1804085,0,0,14551,23920,11.9251,12.5863,4.809103,134.4407,20.52734,-1.464844,974.9121,0.33875,1.305,0.17375,19,-13,-50,49.44444,True,206,3,37.24886683,-80.4181245,11,0.89,,,,1205471,3355,363
67,True,,1783957312.5167637,856570796000000,856570796000000,856571531000000,856571163500000,735.0,1805.728,1805.728,856571.531,856571.531,,854765.3925,True,25,0,False,0,1007,649,1805728,1805729,1805728,0,0,14551,23920,11.9251,9.694539,0.613492,162.8509,10.76172,-8.300781,981.2598,0.02625,0.2425,0.04875,19,-12,-49,49.44444,True,521,3,37.24886917,-80.41812883,11,0.96,,,,1206523,3357,363
68,True,,1783957314.2535474,856572531000000,856572531000000,856573281000000,856572906000000,750.0,1807.468,1807.468,856573.281,856573.281,,854765.3929999999,True,25,0,False,0,1007,650,1807468,1807470,1807468,0,0,14551,23920,11.9251,-0.088559,-1.040933,-150.2086,9.785156,-10.74219,980.2832,-0.47375,-2.0075,0.17375,20,-13,-49,49.44444,True,591,3,37.2488725,-80.41813433,11,0.96,,,,1207630,3361,364
69,True,,1783957316.000625,856574281000000,856574281000000,856574921000000,856574601000000,640.0,1809.213,1809.213,856574.921,856574.921,,854765.3929999999,True,25,0,False,0,1007,651,1809213,1809214,1809213,0,0,14551,23920,11.9251,-0.021368,-1.051977,-147.3696,8.808594,-10.25391,980.7715,0.08875,-0.445,-0.26375,20,-15,-49,49.44444,True,334,3,37.248875,-80.418137,11,0.96,,,,1208696,3365,365
70,True,,1783957317.645504,856575921000000,856575921000000,856576593000000,856576257000000,672.0,1810.878,1810.878,856576.593,856576.593,,854765.3925,True,25,0,False,0,1007,652,1810878,1810880,1810878,0,0,14551,23920,11.9251,-1.0041,-0.278933,-147.5591,8.320313,-7.8125,981.748,0.08875,1.18,-0.26375,22,-12,-49,49.44444,True,117,3,37.24887783,-80.41814217,11,0.96,,,,1209774,3368,365
