sample_idx,cycle_ok,error,run_id,route,surface,surface_profile,speed_label,network_condition,trial_id,attack_type,square_side_length_m,square_repeats,square_turn_profile,square_turn_left_cmd,square_turn_right_cmd,square_turn_seconds,square_turn_schedule_s,square_straight_left_cmd,square_straight_right_cmd,t_wall_unix_s,t_cycle_start_ns,t_edge_send_ns,t_edge_rx_ns,t_edge_mid_ns,http_latency_ms,rover_millis_s,source_sample_time_s,edge_arrival_time_s,estimate_time_s,alarm_time_s,clock_offset_s,clock_calibrated,clock_calibration_samples,packet_loss_count,request_failure_count,sequence_gap_count,stale_packet,queue_depth,T,seq,sample_ms,send_ms,millis,L,R,enc_left,enc_right,v,r,p,y,ax,ay,az,gx,gy,gz,mx,my,mz,temp,gps_valid,gps_age_ms,gps_fix_type,lat,lon,sat,hdop,alt_m,speed_mps,course_deg,gps_chars,gps_sentences,gps_failed_checksums
0,True,,speed-medium_surface-smooth_kitchen_floor_latency-wifi_baseline_route-square0p5x3_attack-none_trial-1,square0p5x3,smooth_kitchen_floor,smooth,medium,wifi_baseline,1,none,0.5,3,smooth,0.076,-0.076,1.59,,-0.2,-0.2,1784648201.6186728,509445812000000,509445812000000,509446453000000,509446132500000,641.0,781.533,781.533,509446.453,509446.453,,508664.5995,False,1,0,0,0,False,0,1007,272,781533,781534,781533,0,0,65732,98196,11.21705,0.15447,-0.857264,-150.1832,11.75781,-0.136719,981.6992,-0.11,0.6475,-0.16125,21,-13,-56,47.77778,True,50,3,37.24889383,-80.41808767,10,1.68,,,,355154,1104,116
1,True,,speed-medium_surface-smooth_kitchen_floor_latency-wifi_baseline_route-square0p5x3_attack-none_trial-1,square0p5x3,smooth_kitchen_floor,smooth,medium,wifi_baseline,1,none,0.5,3,smooth,0.076,-0.076,1.59,,-0.2,-0.2,1784648202.4822795,509446687000000,509446687000000,509447328000000,509447007500000,641.0,782.395,782.395,509447.328,509447.328,,508664.606,False,2,0,0,0,False,0,1007,273,782395,782397,782395,0,0,65732,98196,11.21705,-0.02365,-0.58545,-150.4447,12.24609,0.351563,982.6758,-0.0475,-0.4775,0.15125,23,-14,-59,48.88889,True,65,3,37.2488945,-80.41808783,10,1.68,,,,355660,1106,116
2,True,,speed-medium_surface-smooth_kitchen_floor_latency-wifi_baseline_route-square0p5x3_attack-none_trial-1,square0p5x3,smooth_kitchen_floor,smooth,medium,wifi_baseline,1,none,0.5,3,smooth,0.076,-0.076,1.59,,-0.2,-0.2,1784648203.4582167,509447656000000,509447656000000,509448375000000,509448015500000,719.0,783.374,783.374,509448.375,509448.375,,508664.6125,False,3,0,0,0,False,0,1007,274,783374,783376,783374,0,0,65732,98196,11.21705,0.38033,-0.907037,-149.9359,12.24609,2.304688,981.6992,-0.61,-1.1025,0.08875,21,-14,-59,47.77778,True,109,3,37.24889517,-80.4180875,10,1.68,,,,356281,1108,116
3,True,,speed-medium_surface-smooth_kitchen_floor_latency-wifi_baseline_route-square0p5x3_attack-none_trial-1,square0p5x3,smooth_kitchen_floor,smooth,medium,wifi_baseline,1,none,0.5,3,smooth,0.076,-0.076,1.59,,-0.2,-0.2,1784648204.2659135,509448468000000,509448468000000,509449296000000,509448882000000,828.0,784.2,784.2,509449.296,509449.296,,508664.627,False,4,0,0,0,False,0,1007,275,784200,784202,784200,0,0,65732,98196,11.21705,-0.139969,-0.021048,-150.1285,11.75781,0.839844,978.7695,-0.235,14.71,-0.47375,22,-12,-58,47.77778,True,61,3,37.248895,-80.41808667,10,1.68,,,,356748,1110,116
4,True,,speed-medium_surface-smooth_kitchen_floor_latency-wifi_baseline_route-square0p5x3_attack-none_trial-1,square0p5x3,smooth_kitchen_floor,smooth,medium,wifi_baseline,1,none,0.5,3,smooth,0.076,-0.076,1.59,,-0.2,-0.2,1784648205.1277514,509449328000000,509449328000000,509450015000000,509449671500000,687.0,785.06,785.06,509450.015,509450.015,,508664.6125,True,5,0,0,0,False,0,1007,276,785060,785061,785060,0,0,65732,98196,11.21705,0.493424,-0.671118,-149.8558,9.316406,4.746094,977.793,0.015,0.96,-0.09875,21,-14,-58,48.33333,True,2,3,37.24889467,-80.41808633,10,1.68,,,,357249,1112,116
5,True,,speed-medium_surface-smooth_kitchen_floor_latency-wifi_baseline_route-square0p5x3_attack-none_trial-1,square0p5x3,smooth_kitchen_floor,smooth,medium,wifi_baseline,1,none,0.5,3,smooth,0.076,-0.076,1.59,,-0.2,-0.2,1784648205.8906107,509450093000000,509450093000000,509450937000000,509450515000000,844.0,785.799,785.799,509450.937,509450.937,,508664.627,True,6,0,0,0,False,0,1007,277,785799,785800,785799,0,0,65732,98196,11.21705,0.403424,-0.802982,-149.7648,9.316406,1.816406,980.7227,-0.2975,-0.54,0.02625,21,-14,-57,47.77778,True,741,3,37.24889467,-80.41808633,10,1.68,,,,357576,1112,117
6,True,,speed-medium_surface-smooth_kitchen_floor_latency-wifi_baseline_route-square0p5x3_attack-none_trial-1,square0p5x3,smooth_kitchen_floor,smooth,medium,wifi_baseline,1,none,0.5,3,smooth,0.076,-0.076,1.59,,-0.2,-0.2,1784648206.7859068,509450984000000,509450984000000,509451656000000,509451320000000,672.0,786.698,786.698,509451.656,509451.656,,508664.62200000003,True,7,0,0,0,False,0,1007,278,786698,786699,786698,0,0,65732,98196,11.21705,0.104891,-0.688093,-149.4954,12.24609,1.816406,976.8164,-0.1725,-1.1025,0.27625,22,-14,-58,47.77778,True,160,3,37.24889433,-80.418085,10,1.68,,,,357954,1114,118
7,True,,speed-medium_surface-smooth_kitchen_floor_latency-wifi_baseline_route-square0p5x3_attack-none_trial-1,square0p5x3,smooth_kitchen_floor,smooth,medium,wifi_baseline,1,none,0.5,3,smooth,0.076,-0.076,1.59,,-0.2,-0.2,1784648207.758091,509451953000000,509451953000000,509452671000000,509452312000000,718.0,787.669,787.669,509452.671,509452.671,,508664.63175,True,8,0,0,0,False,0,1007,279,787669,787670,787669,0,-0.0859787,65732,98222,11.21705,1.418136,-2.433203,-155.4573,5.410156,-1.113281,1004.648,0.3275,0.835,-22.78625,22,-17,-54,47.22222,True,170,3,37.2488945,-80.41808583,10,1.68,,,,358461,1116,119
8,True,,speed-medium_surface-smooth_kitchen_floor_latency-wifi_baseline_route-square0p5x3_attack-none_trial-1,square0p5x3,smooth_kitchen_floor,smooth,medium,wifi_baseline,1,none,0.5,3,smooth,0.076,-0.076,1.59,,-0.2,-0.2,1784648208.7274466,509452921000000,509452921000000,509453625000000,509453273000000,704.0,788.654,788.654,509453.625,509453.625,,508664.62200000003,True,9,0,0,0,False,0,1007,280,788654,788655,788654,-0.150462725,-0.1719574,65980,99077,11.16518,3.627797,-6.303503,-158.2957,73.28125,78.96484,816.6602,-16.61,1.335,-7.34875,13,-18,-58,47.77778,True,170,3,37.24889483,-80.41808517,10,1.68,,,,358968,1118,120
9,True,,speed-medium_surface-smooth_kitchen_floor_latency-wifi_baseline_route-square0p5x3_attack-none_trial-1,square0p5x3,smooth_kitchen_floor,smooth,medium,wifi_baseline,1,none,0.5,3,smooth,0.076,-0.076,1.59,,-0.2,-0.2,1784648209.4558847,509453656000000,509453656000000,509454421000000,509454038500000,765.0,789.373,789.373,509454.421,509454.421,,508664.63175,True,10,0,0,0,False,0,1007,281,789373,789375,789373,-0.188125438,-0.206912111,66728,99930,11.16518,-2.74524,-1.573543,-162.3133,149.9414,69.6875,1107.676,7.015,10.585,-4.66125,19,-2,-56,47.77778,True,59,3,37.24889583,-80.41808783,10,1.68,,,,359319,1120,121
10,True,,speed-medium_surface-smooth_kitchen_floor_latency-wifi_baseline_route-square0p5x3_attack-none_trial-1,square0p5x3,smooth_kitchen_floor,smooth,medium,wifi_baseline,1,none,0.5,3,smooth,0.076,-0.076,1.59,,-0.2,-0.2,1784648210.2891765,509454484000000,509454484000000,509455234000000,509454859000000,750.0,790.208,790.208,509455.234,509455.234,,508664.64149999997,True,11,0,0,0,False,0,1007,282,790208,790210,790208,-0.164665089,-0.185121603,67711,100993,11.16518,-1.557078,2.613024,-163.5015,-423.7891,-145.6445,1066.66,10.0775,2.585,-1.47375,11,0,-56,47.77778,True,49,3,37.24889633,-80.41808917,10,1.68,,,,359796,1122,121
11,True,,speed-medium_surface-smooth_kitchen_floor_latency-wifi_baseline_route-square0p5x3_attack-none_trial-1,square0p5x3,smooth_kitchen_floor,smooth,medium,wifi_baseline,1,none,0.5,3,smooth,0.076,-0.076,1.59,,-0.2,-0.2,1784648211.3483684,509455546000000,509455546000000,509456265000000,509455905500000,719.0,791.264,791.264,509456.265,509456.265,,508664.64149999997,True,12,0,0,0,False,0,1007,283,791264,791266,791264,-0.193452075,-0.172006545,69078,102388,11.16518,-2.618715,-0.193228,-162.8837,-119.5898,31.11328,1166.758,-6.0475,-7.9775,3.02625,8,1,-44,47.77778,True,44,3,37.24889517,-80.41808683,10,1.68,,,,360501,1124,121
12,True,,speed-medium_surface-smooth_kitchen_floor_latency-wifi_baseline_route-square0p5x3_attack-none_trial-1,square0p5x3,smooth_kitchen_floor,smooth,medium,wifi_baseline,1,none,0.5,3,smooth,0.076,-0.076,1.59,,-0.2,-0.2,1784648212.3242912,509456531000000,509456531000000,509457171000000,509456851000000,640.0,792.235,792.235,509457.171,509457.171,,508664.64149999997,True,13,0,0,0,False,0,1007,284,792235,792236,792235,-0.187960931,-0.169418807,70365,103667,11.16518,-4.310207,-0.378601,-164.0503,-140.0977,-116.8359,864.0234,-4.6725,-9.8525,1.52625,18,2,-38,47.77778,True,37,3,37.24889833,-80.41809017,10,1.68,,,,361119,1126,121
13,True,,speed-medium_surface-smooth_kitchen_floor_latency-wifi_baseline_route-square0p5x3_attack-none_trial-1,square0p5x3,smooth_kitchen_floor,smooth,medium,wifi_baseline,1,none,0.5,3,smooth,0.076,-0.076,1.59,,-0.2,-0.2,1784648213.4910514,509457687000000,509457687000000,509458406000000,509458046500000,719.0,793.407,793.407,509458.406,509458.406,,508664.6405,True,14,0,0,0,False,0,1007,285,793407,793409,793407,-0.020648103,-0.04127355,70944,104299,11.16518,0.571478,0.807157,-160.4418,-58.06641,-9.414063,1003.672,-0.36,4.835,-0.91125,10,-4,-38,47.77778,True,142,3,37.24890033,-80.41809617,10,1.69,,,,361938,1128,121
14,True,,speed-medium_surface-smooth_kitchen_floor_latency-wifi_baseline_route-square0p5x3_attack-none_trial-1,square0p5x3,smooth_kitchen_floor,smooth,medium,wifi_baseline,1,none,0.5,3,smooth,0.076,-0.076,1.59,,-0.2,-0.2,1784648214.3103166,509458515000000,509458515000000,509459234000000,509458874500000,719.0,794.228,794.228,509459.234,509459.234,,508664.64149999997,True,15,0,0,0,False,0,1007,286,794228,794230,794228,0,-0.021464012,70945,104300,11.16518,1.357307,-1.332223,-159.7118,31.28906,-9.414063,983.6523,0.14,-0.54,-2.03625,14,-8,-37,47.22222,True,43,3,37.248904,-80.41810333,10,1.69,,,,362401,1130,121
15,True,,speed-medium_surface-smooth_kitchen_floor_latency-wifi_baseline_route-square0p5x3_attack-none_trial-1,square0p5x3,smooth_kitchen_floor,smooth,medium,wifi_baseline,1,none,0.5,3,smooth,0.076,-0.076,1.59,,-0.2,-0.2,1784648215.3684394,509459562000000,509459562000000,509460234000000,509459898000000,672.0,795.278,795.278,509460.234,509460.234,,508664.6405,True,16,0,0,0,False,0,1007,287,795278,795280,795278,0,-0.043007782,70943,104562,11.16518,1.436903,-0.676954,-162.641,19.08203,-9.414063,962.6563,-0.735,-0.7275,-16.84875,12,-6,-39,47.77778,True,44,3,37.24890633,-80.41810783,10,1.69,,,,363100,1132,121
16,True,,speed-medium_surface-smooth_kitchen_floor_latency-wifi_baseline_route-square0p5x3_attack-none_trial-1,square0p5x3,smooth_kitchen_floor,smooth,medium,wifi_baseline,1,none,0.5,3,smooth,0.076,-0.076,1.59,,-0.2,-0.2,1784648216.2465467,509460453000000,509460453000000,509461109000000,509460781000000,656.0,796.177,796.177,509461.109,509461.109,,508664.6395,True,17,0,0,0,False,0,1007,288,796177,796179,796177,0.021796715,-0.065352277,70875,104941,11.16518,6.969775,-3.732977,-168.4145,-21.44531,-16.73828,984.1406,0.765,-6.165,-29.72375,3,-13,-38,48.33333,True,49,3,37.24890817,-80.41811117,10,1.69,,,,363644,1134,121
17,True,,speed-medium_surface-smooth_kitchen_floor_latency-wifi_baseline_route-square0p5x3_attack-none_trial-1,square0p5x3,smooth_kitchen_floor,smooth,medium,wifi_baseline,1,none,0.5,3,smooth,0.076,-0.076,1.59,,-0.2,-0.2,1784648217.372702,509461578000000,509461578000000,509462234000000,509461906000000,656.0,797.299,797.299,509462.234,509462.234,,508664.63075,True,18,0,0,0,False,0,1007,289,797299,797301,797299,0,0,70717,105210,11.16518,10.69504,-11.60502,-159.9683,15.17578,-3.066406,977.3047,-0.11,0.335,-0.03625,-3,-22,-39,47.77778,True,119,3,37.24890833,-80.41811233,10,1.69,,,,364410,1136,121
18,True,,speed-medium_surface-smooth_kitchen_floor_latency-wifi_baseline_route-square0p5x3_attack-none_trial-1,square0p5x3,smooth_kitchen_floor,smooth,medium,wifi_baseline,1,none,0.5,3,smooth,0.076,-0.076,1.59,,-0.2,-0.2,1784648218.512408,509462703000000,509462718000000,509463437000000,509463077500000,719.0,798.421,798.421,509463.437,509463.437,,508664.6395,True,19,0,0,0,False,0,1007,290,798421,798423,798421,0,0,70713,105210,11.21726,8.991642,-10.9557,-151.9969,2.480469,0.839844,979.2578,-0.735,0.5225,0.58875,-4,-20,-38,47.77778,True,94,3,37.24890583,-80.41810967,10,1.69,,,,365180,1138,121
19,True,,speed-medium_surface-smooth_kitchen_floor_latency-wifi_baseline_route-square0p5x3_attack-none_trial-1,square0p5x3,smooth_kitchen_floor,smooth,medium,wifi_baseline,1,none,0.5,3,smooth,0.076,-0.076,1.59,,-0.2,-0.2,1784648219.4312263,509463640000000,509463640000000,509464328000000,509463984000000,688.0,799.353,799.353,509464.328,509464.328,,508664.63525,True,20,0,0,0,False,0,1007,291,799353,799355,799353,0,-0.081839937,70713,105235,11.21726,7.937551,-10.66045,-144.9076,3.457031,-0.136719,977.793,-0.7975,1.46,-23.47375,-1,-22,-38,47.77778,True,93,3,37.2489025,-80.41810567,10,1.69,,,,365755,1140,121
20,True,,speed-medium_surface-smooth_kitchen_floor_latency-wifi_baseline_route-square0p5x3_attack-none_trial-1,square0p5x3,smooth_kitchen_floor,smooth,medium,wifi_baseline,1,none,0.5,3,smooth,0.076,-0.076,1.59,,-0.2,-0.2,1784648220.3144748,509464515000000,509464515000000,509465156000000,509464835500000,641.0,800.223,800.223,509465.156,509465.156,,508664.631,True,21,0,0,0,False,0,1007,292,800223,800225,800223,-0.112847044,-0.15050035,70851,105903,11.21726,8.390712,-16.98292,-139.2067,126.9922,8.652344,835.2148,-1.485,4.71,-16.59875,-7,-35,-41,47.77778,True,36,3,37.24890267,-80.41810583,10,1.69,,,,366269,1142,121
21,True,,speed-medium_surface-smooth_kitchen_floor_latency-wifi_baseline_route-square0p5x3_attack-none_trial-1,square0p5x3,smooth_kitchen_floor,smooth,medium,wifi_baseline,1,none,0.5,3,smooth,0.076,-0.076,1.59,,-0.2,-0.2,1784648221.2396863,509465437000000,509465437000000,509466187000000,509465812000000,750.0,801.147,801.147,509466.187,509466.187,,508664.63525,True,22,0,0,0,False,0,1007,293,801147,801149,801147,-0.169270566,-0.206963858,71843,107033,11.21726,8.509978,-11.2035,-133.8434,-37.55859,102.8906,1082.285,5.4525,-1.665,-2.47375,-2,-33,-44,47.77778,True,34,3,37.24890367,-80.418107,10,1.69,,,,366839,1144,121
22,True,,speed-medium_surface-smooth_kitchen_floor_latency-wifi_baseline_route-square0p5x3_attack-none_trial-1,square0p5x3,smooth_kitchen_floor,smooth,medium,wifi_baseline,1,none,0.5,3,smooth,0.076,-0.076,1.59,,-0.2,-0.2,1784648222.1953042,509466390000000,509466390000000,509467046000000,509466718000000,656.0,802.112,802.112,509467.046,509467.046,,508664.631,True,23,0,0,0,False,0,1007,294,802112,802114,802112,-0.193369203,-0.192983401,73064,108318,11.21726,3.547449,-7.2717,-112.522,-38.53516,112.168,718.0273,-4.735,7.8975,-2.47375,-5,-37,-45,47.22222,True,52,3,37.24891067,-80.41810983,10,1.69,,,,367443,1146,121
23,True,,speed-medium_surface-smooth_kitchen_floor_latency-wifi_baseline_route-square0p5x3_attack-none_trial-1,square0p5x3,smooth_kitchen_floor,smooth,medium,wifi_baseline,1,none,0.5,3,smooth,0.076,-0.076,1.59,,-0.2,-0.2,1784648222.8964336,509467093000000,509467093000000,509467843000000,509467468000000,750.0,802.81,802.81,509467.843,509467.843,,508664.63525,True,24,0,0,0,False,0,1007,295,802810,802811,802810,-0.193396819,-0.214977461,73981,109266,11.21726,2.998173,-7.479091,-108.3188,99.16016,88.73047,800.0586,2.2025,4.6475,-4.84875,2,-49,-47,47.77778,True,749,3,37.24891067,-80.41810983,10,1.69,,,,367735,1146,122
24,True,,speed-medium_surface-smooth_kitchen_floor_latency-wifi_baseline_route-square0p5x3_attack-none_trial-1,square0p5x3,smooth_kitchen_floor,smooth,medium,wifi_baseline,1,none,0.5,3,smooth,0.076,-0.076,1.59,,-0.2,-0.2,1784648223.691652,509467890000000,509467890000000,509468546000000,509468218000000,656.0,803.602,803.602,509468.546,509468.546,,508664.631,True,25,0,0,0,False,0,1007,296,803602,803603,803602,-0.172031128,-0.172400716,75015,110314,11.21726,0.357933,-7.671343,-103.8337,29.82422,-21.13281,827.4023,-5.735,17.585,-0.47375,-5,-46,-54,47.77778,True,36,3,37.24890967,-80.4181095,10,1.69,,,,368128,1148,123
25,True,,speed-medium_surface-smooth_kitchen_floor_latency-wifi_baseline_route-square0p5x3_attack-none_trial-1,square0p5x3,smooth_kitchen_floor,smooth,medium,wifi_baseline,1,none,0.5,3,smooth,0.076,-0.076,1.59,,-0.2,-0.2,1784648224.7569792,509468953000000,509468953000000,509469671000000,509469312000000,718.0,804.67,804.67,509469.671,509469.671,,508664.6395,True,25,0,0,0,False,0,1007,297,804670,804671,804670,-0.042593836,-0.042575757,75612,110953,11.21726,0.920472,-4.136723,-96.54834,-36.58203,6.210938,933.8477,0.0775,2.5225,0.77625,-6,-48,-51,47.22222,True,266,3,37.24890983,-80.41811083,10,1.69,,,,368766,1150,123
26,True,,speed-medium_surface-smooth_kitchen_floor_latency-wifi_baseline_route-square0p5x3_attack-none_trial-1,square0p5x3,smooth_kitchen_floor,smooth,medium,wifi_baseline,1,none,0.5,3,smooth,0.076,-0.076,1.59,,-0.2,-0.2,1784648225.646115,509469843000000,509469843000000,509470593000000,509470218000000,750.0,805.574,805.574,509470.593,509470.593,,508664.64149999997,True,25,0,0,0,False,0,1007,298,805574,805575,805574,0,-0.042324255,75705,111056,11.21726,-0.08258,-3.339641,-94.10806,16.64063,-8.4375,978.7695,-0.9225,-2.665,-11.78625,-4,-48,-49,47.22222,True,114,3,37.24890783,-80.418112,10,1.69,,,,369275,1152,124
27,True,,speed-medium_surface-smooth_kitchen_floor_latency-wifi_baseline_route-square0p5x3_attack-none_trial-1,square0p5x3,smooth_kitchen_floor,smooth,medium,wifi_baseline,1,none,0.5,3,smooth,0.076,-0.076,1.59,,-0.2,-0.2,1784648226.8053,509471000000000,509471000000000,509471718000000,509471359000000,718.0,806.715,806.715,509471.718,509471.718,,508664.64149999997,True,25,0,0,0,False,0,1007,299,806715,806716,806715,0.04298935,-0.064484025,75690,111400,11.21726,0.580941,-1.992574,-105.3931,-12.16797,-8.925781,975.8398,1.39,-2.29,-20.72375,10,-59,-48,47.77778,True,341,3,37.24890533,-80.41811017,10,1.69,,,,369913,1154,124
28,True,,speed-medium_surface-smooth_kitchen_floor_latency-wifi_baseline_route-square0p5x3_attack-none_trial-1,square0p5x3,smooth_kitchen_floor,smooth,medium,wifi_baseline,1,none,0.5,3,smooth,0.076,-0.076,1.59,,-0.2,-0.2,1784648227.7257366,509471921000000,509471921000000,509472640000000,509472280500000,719.0,807.641,807.641,509472.64,509472.64,,508664.6395,True,25,0,0,0,False,0,1007,300,807641,807642,807641,0.063963182,-0.063926947,75375,111891,11.21726,1.900002,0.019035,-114.7296,-59.04297,12.55859,1015.879,4.0775,-4.165,-35.59875,19,-66,-51,47.22222,True,124,3,37.24890283,-80.418107,10,1.69,,,,370422,1156,125
29,True,,speed-medium_surface-smooth_kitchen_floor_latency-wifi_baseline_route-square0p5x3_attack-none_trial-1,square0p5x3,smooth_kitchen_floor,smooth,medium,wifi_baseline,1,none,0.5,3,smooth,0.076,-0.076,1.59,,-0.2,-0.2,1784648228.8540764,509473062000000,509473062000000,509473703000000,509473382500000,641.0,808.765,808.765,509473.703,509473.703,,508664.6395,True,25,0,0,0,False,0,1007,301,808765,808766,808765,0,0,75258,112103,11.19297,0.284966,-1.280907,-112.4523,18.10547,-7.460938,977.3047,-0.0475,0.6475,-0.41125,22,-63,-52,47.77778,True,322,3,37.24890483,-80.4181105,10,1.69,,,,371071,1158,125
30,True,,speed-medium_surface-smooth_kitchen_floor_latency-wifi_baseline_route-square0p5x3_attack-none_trial-1,square0p5x3,smooth_kitchen_floor,smooth,medium,wifi_baseline,1,none,0.5,3,smooth,0.076,-0.076,1.59,,-0.2,-0.2,1784648229.7675235,509473968000000,509473968000000,509474796000000,509474382000000,828.0,809.685,809.685,509474.796,509474.796,,508664.6395,True,25,0,0,0,False,0,1007,302,809685,809686,809685,0,0,75256,112103,11.19297,-0.184703,-0.215653,-113.1562,2.96875,-5.507813,978.7695,-0.11,-0.665,0.46375,25,-61,-52,47.77778,True,117,3,37.24890533,-80.41811317,10,1.69,,,,371580,1160,126
31,True,,speed-medium_surface-smooth_kitchen_floor_latency-wifi_baseline_route-square0p5x3_attack-none_trial-1,square0p5x3,smooth_kitchen_floor,smooth,medium,wifi_baseline,1,none,0.5,3,smooth,0.076,-0.076,1.59,,-0.2,-0.2,1784648230.686357,509474890000000,509474890000000,509475609000000,509475249500000,719.0,810.591,810.591,509475.609,509475.609,,508664.64149999997,True,25,0,0,0,False,0,1007,303,810591,810592,810591,0,-0.021497746,75256,112105,11.19297,-0.510283,-1.043895,-112.8454,39.10156,-21.13281,964.1211,-0.36,-0.54,-4.78625,27,-66,-51,47.77778,True,108,3,37.24890833,-80.418121,10,1.69,,,,372089,1162,127
32,True,,speed-medium_surface-smooth_kitchen_floor_latency-wifi_baseline_route-square0p5x3_attack-none_trial-1,square0p5x3,smooth_kitchen_floor,smooth,medium,wifi_baseline,1,none,0.5,3,smooth,0.076,-0.076,1.59,,-0.2,-0.2,1784648231.822458,509476031000000,509476031000000,509476734000000,509476382500000,703.0,811.732,811.732,509476.734,509476.734,,508664.64149999997,True,25,0,0,0,False,0,1007,304,811732,811733,811732,-0.150462725,-0.1719574,75609,113051,11.19297,-0.908738,-4.088386,-128.6809,66.93359,9.628906,660.8984,-4.0475,1.0225,-14.28625,35,-51,-51,47.77778,True,339,3,37.2489105,-80.41812633,9,1.85,,,,372723,1164,127
33,True,,speed-medium_surface-smooth_kitchen_floor_latency-wifi_baseline_route-square0p5x3_attack-none_trial-1,square0p5x3,smooth_kitchen_floor,smooth,medium,wifi_baseline,1,none,0.5,3,smooth,0.076,-0.076,1.59,,-0.2,-0.2,1784648232.7937508,509477000000000,509477000000000,509477656000000,509477328000000,656.0,812.71,812.71,509477.656,509477.656,,508664.64149999997,True,25,0,0,0,False,0,1007,305,812710,812712,812710,-0.181937999,-0.204649316,76748,114323,11.19297,1.861684,-4.454188,-123.8901,160.1953,-10.87891,915.7813,11.9525,4.335,-1.22375,25,-47,-50,47.77778,True,177,3,37.24890883,-80.41812983,9,1.85,,,,373228,1166,128
34,True,,speed-medium_surface-smooth_kitchen_floor_latency-wifi_baseline_route-square0p5x3_attack-none_trial-1,square0p5x3,smooth_kitchen_floor,smooth,medium,wifi_baseline,1,none,0.5,3,smooth,0.076,-0.076,1.59,,-0.2,-0.2,1784648233.7065663,509477906000000,509477906000000,509478578000000,509478242000000,672.0,813.618,813.618,509478.578,509478.578,,508664.6395,True,25,0,0,0,False,0,1007,306,813618,813619,813618,-0.193369203,-0.193148556,77918,115537,11.19297,-1.998497,-2.453607,-122.2094,-23.39844,-347.793,1532.48,6.14,-4.2275,-2.09875,29,-54,-46,47.77778,True,108,3,37.24890933,-80.41813433,9,1.85,,,,373733,1168,129
35,True,,speed-medium_surface-smooth_kitchen_floor_latency-wifi_baseline_route-square0p5x3_attack-none_trial-1,square0p5x3,smooth_kitchen_floor,smooth,medium,wifi_baseline,1,none,0.5,3,smooth,0.076,-0.076,1.59,,-0.2,-0.2,1784648234.7967136,509479000000000,509479000000000,509479703000000,509479351500000,703.0,814.704,814.704,509479.703,509479.703,,508664.6395,True,25,0,0,0,False,0,1007,307,814704,814705,814704,-0.12896805,-0.128986477,79311,116953,11.19297,2.006143,1.58535,-117.5769,-138.6328,29.16016,1351.816,-1.5475,-4.29,1.08875,26,-50,-38,47.77778,True,284,3,37.24890983,-80.41813667,9,1.85,,,,374367,1170,129
36,True,,speed-medium_surface-smooth_kitchen_floor_latency-wifi_baseline_route-square0p5x3_attack-none_trial-1,square0p5x3,smooth_kitchen_floor,smooth,medium,wifi_baseline,1,none,0.5,3,smooth,0.076,-0.076,1.59,,-0.2,-0.2,1784648235.7332134,509479937000000,509479937000000,509480625000000,509480281000000,688.0,815.647,815.647,509480.625,509480.625,,508664.6395,True,25,0,0,0,False,0,1007,308,815647,815649,815647,0,-0.042970934,79825,117513,11.19297,-1.276842,1.808472,-119.2337,-40,-34.80469,964.1211,0.2025,-2.4775,-13.41125,26,-51,-33,47.77778,True,143,3,37.24890817,-80.4181365,9,1.85,,,,374872,1172,130
37,True,,speed-medium_surface-smooth_kitchen_floor_latency-wifi_baseline_route-square0p5x3_attack-none_trial-1,square0p5x3,smooth_kitchen_floor,smooth,medium,wifi_baseline,1,none,0.5,3,smooth,0.076,-0.076,1.59,,-0.2,-0.2,1784648236.4596093,509480656000000,509480656000000,509481343000000,509480999500000,687.0,816.37,816.37,509481.343,509481.343,,508664.6395,True,25,0,0,0,False,0,1007,309,816370,816372,816370,0,-0.042946404,79824,117737,11.19297,0.563259,-1.007038,-124.7471,8.339844,-1.601563,1008.555,0.265,2.085,-15.53625,31,-51,-36,47.77778,True,91,3,37.24890767,-80.41813667,9,1.85,,,,375221,1174,131
38,True,,speed-medium_surface-smooth_kitchen_floor_latency-wifi_baseline_route-square0p5x3_attack-none_trial-1,square0p5x3,smooth_kitchen_floor,smooth,medium,wifi_baseline,1,none,0.5,3,smooth,0.076,-0.076,1.59,,-0.2,-0.2,1784648237.2483213,509481453000000,509481453000000,509482093000000,509481773000000,640.0,817.161,817.161,509482.093,509482.093,,508664.634,True,25,0,0,0,False,0,1007,310,817161,817163,817161,0,-0.061522172,79824,118049,11.19297,-0.009704,0.129482,-128.6052,-9.726563,-15.27344,964.1211,0.765,-1.3525,-17.97375,35,-47,-33,47.22222,True,40,3,37.24890583,-80.41813483,9,1.85,,,,375653,1176,131
39,True,,speed-medium_surface-smooth_kitchen_floor_latency-wifi_baseline_route-square0p5x3_attack-none_trial-1,square0p5x3,smooth_kitchen_floor,smooth,medium,wifi_baseline,1,none,0.5,3,smooth,0.076,-0.076,1.59,,-0.2,-0.2,1784648238.122165,509482328000000,509482328000000,509482984000000,509482656000000,656.0,818.04,818.04,509482.984,509482.984,,508664.631,True,25,0,0,0,False,0,1007,311,818040,818042,818040,0,0,79824,118277,11.19297,0.516535,0.729588,-130.1158,-37.07031,19.88281,984.1406,-0.235,-1.915,-1.28625,34,-42,-35,47.77778,True,42,3,37.248907,-80.41814033,9,1.85,,,,376172,1177,131
40,True,,speed-medium_surface-smooth_kitchen_floor_latency-wifi_baseline_route-square0p5x3_attack-none_trial-1,square0p5x3,smooth_kitchen_floor,smooth,medium,wifi_baseline,1,none,0.5,3,smooth,0.076,-0.076,1.59,,-0.2,-0.2,1784648238.8822446,509483078000000,509483078000000,509483734000000,509483406000000,656.0,818.795,818.795,509483.734,509483.734,,508664.631,True,25,0,0,0,False,0,1007,312,818795,818796,818795,0,0,79824,118277,11.21722,0.045785,0.57478,-130.523,3.457031,-5.507813,978.2813,-0.1725,-0.165,0.02625,37,-41,-37,47.77778,True,111,3,37.248907,-80.41814033,9,1.85,,,,376518,1178,132
41,True,,speed-medium_surface-smooth_kitchen_floor_latency-wifi_baseline_route-square0p5x3_attack-none_trial-1,square0p5x3,smooth_kitchen_floor,smooth,medium,wifi_baseline,1,none,0.5,3,smooth,0.076,-0.076,1.59,,-0.2,-0.2,1784648239.619347,509483828000000,509483828000000,509484531000000,509484179500000,703.0,819.53,819.53,509484.531,509484.531,,508664.634,True,25,0,0,0,False,0,1007,313,819530,819532,819530,0,0,79824,118277,11.21722,-0.022799,-0.149102,-130.1122,1.015625,-3.554688,978.7695,-0.6725,-2.7275,0.21375,35,-43,-37,47.77778,True,38,3,37.2489065,-80.41814117,10,1.85,,,,376891,1180,133
42,True,,speed-medium_surface-smooth_kitchen_floor_latency-wifi_baseline_route-square0p5x3_attack-none_trial-1,square0p5x3,smooth_kitchen_floor,smooth,medium,wifi_baseline,1,none,0.5,3,smooth,0.076,-0.076,1.59,,-0.2,-0.2,1784648240.453377,509484656000000,509484656000000,509485296000000,509484976000000,640.0,820.366,820.366,509485.296,509485.296,,508664.634,True,25,0,0,0,False,0,1007,314,820366,820367,820366,0,-0.01880549,79825,118280,11.21722,-0.333676,-1.697286,-129.7337,60.58594,-25.03906,988.5352,0.515,-3.665,-6.53625,34,-46,-32,47.77778,True,41,3,37.24890667,-80.41814017,10,1.85,,,,377369,1182,133
43,True,,speed-medium_surface-smooth_kitchen_floor_latency-wifi_baseline_route-square0p5x3_attack-none_trial-1,square0p5x3,smooth_kitchen_floor,smooth,medium,wifi_baseline,1,none,0.5,3,smooth,0.076,-0.076,1.59,,-0.2,-0.2,1784648241.3517451,509485546000000,509485546000000,509486265000000,509485905500000,719.0,821.267,821.267,509486.265,509486.265,,508664.634,True,25,0,0,0,False,0,1007,315,821267,821269,821267,-0.150387531,-0.168995947,80120,118985,11.21722,-0.69429,-0.239568,-141.9722,-115.1953,-1.113281,802.9883,-0.7975,-8.04,-1.09875,47,-36,-34,47.22222,True,113,3,37.24890617,-80.41814033,10,1.85,,,,377910,1184,133
44,True,,speed-medium_surface-smooth_kitchen_floor_latency-wifi_baseline_route-square0p5x3_attack-none_trial-1,square0p5x3,smooth_kitchen_floor,smooth,medium,wifi_baseline,1,none,0.5,3,smooth,0.076,-0.076,1.59,,-0.2,-0.2,1784648242.3748279,509486578000000,509486578000000,509487281000000,509486929500000,703.0,822.289,822.289,509487.281,509487.281,,508664.6385,True,25,0,0,0,False,0,1007,316,822289,822291,822289,-0.188078406,-0.188078406,81261,120249,11.21722,0.567224,-3.982264,-140.9868,74.74609,71.64063,772.7148,-2.0475,20.835,-2.34875,43,-40,-40,47.77778,True,46,3,37.24890483,-80.41814017,10,1.85,,,,378581,1186,133
45,True,,speed-medium_surface-smooth_kitchen_floor_latency-wifi_baseline_route-square0p5x3_attack-none_trial-1,square0p5x3,smooth_kitchen_floor,smooth,medium,wifi_baseline,1,none,0.5,3,smooth,0.076,-0.076,1.59,,-0.2,-0.2,1784648243.3800108,509487578000000,509487578000000,509488312000000,509487945000000,734.0,823.292,823.292,509488.312,509488.312,,508664.6395,True,25,0,0,0,False,0,1007,317,823292,823294,823292,-0.193452075,-0.214977461,82504,121576,11.21722,-2.500511,-2.277668,-144.3414,73.28125,-190.5664,1174.082,13.265,-5.29,-0.97375,51,-31,-54,47.22222,True,37,3,37.24890583,-80.418139,10,1.69,,,,379233,1188,133
46,True,,speed-medium_surface-smooth_kitchen_floor_latency-wifi_baseline_route-square0p5x3_attack-none_trial-1,square0p5x3,smooth_kitchen_floor,smooth,medium,wifi_baseline,1,none,0.5,3,smooth,0.076,-0.076,1.59,,-0.2,-0.2,1784648244.4025476,509488609000000,509488609000000,509489250000000,509488929500000,641.0,824.313,824.313,509489.25,509489.25,,508664.6385,True,25,0,0,0,False,0,1007,318,824313,824315,824313,-0.169270566,-0.188101919,83839,122947,11.21722,0.103646,0.193671,-144.3524,-248.9844,-87.53906,1152.109,5.2025,-16.79,-4.47375,42,-32,-56,47.22222,True,40,3,37.2489045,-80.41814933,10,1.69,,,,379903,1190,133
47,True,,speed-medium_surface-smooth_kitchen_floor_latency-wifi_baseline_route-square0p5x3_attack-none_trial-1,square0p5x3,smooth_kitchen_floor,smooth,medium,wifi_baseline,1,none,0.5,3,smooth,0.076,-0.076,1.59,,-0.2,-0.2,1784648245.457425,509489656000000,509489656000000,509490359000000,509490007500000,703.0,825.37,825.37,509490.359,509490.359,,508664.6385,True,25,0,0,0,False,0,1007,319,825370,825371,825370,-0.052923927,-0.03553678,84407,123526,11.21722,2.048532,-3.525352,-141.216,46.91406,-3.554688,916.7578,0.9525,-3.1025,2.08875,32,-39,-58,47.77778,True,41,3,37.24890633,-80.41815583,10,1.69,,,,380609,1192,133
48,True,,speed-medium_surface-smooth_kitchen_floor_latency-wifi_baseline_route-square0p5x3_attack-none_trial-1,square0p5x3,smooth_kitchen_floor,smooth,medium,wifi_baseline,1,none,0.5,3,smooth,0.076,-0.076,1.59,,-0.2,-0.2,1784648246.3259046,509490531000000,509490531000000,509491171000000,509490851000000,640.0,826.242,826.242,509491.171,509491.171,,508664.6375,True,25,0,0,0,False,0,1007,320,826242,826243,826242,-0.021503891,0,84512,123639,11.21722,0.736938,-1.586131,-139.9352,-0.9375,-11.36719,981.2109,-0.2975,-1.1025,-4.53625,34,-33,-54,47.22222,True,44,3,37.24890417,-80.41815017,10,1.69,,,,381125,1194,133
49,True,,speed-medium_surface-smooth_kitchen_floor_latency-wifi_baseline_route-square0p5x3_attack-none_trial-1,square0p5x3,smooth_kitchen_floor,smooth,medium,wifi_baseline,1,none,0.5,3,smooth,0.076,-0.076,1.59,,-0.2,-0.2,1784648247.5829823,509491781000000,509491781000000,509492500000000,509492140500000,719.0,827.502,827.502,509492.5,509492.515,,508664.6385,True,25,0,0,0,False,0,1007,321,827502,827504,827502,0.021494675,-0.064613252,84508,124063,11.21722,-0.975524,-1.650698,-146.0938,39.10156,-46.03516,1002.207,1.9525,1.1475,-22.78625,36,-27,-55,47.77778,True,160,3,37.2489025,-80.41814533,10,1.69,,,,382039,1196,133
50,True,,speed-medium_surface-smooth_kitchen_floor_latency-wifi_baseline_route-square0p5x3_attack-none_trial-1,square0p5x3,smooth_kitchen_floor,smooth,medium,wifi_baseline,1,none,0.5,3,smooth,0.076,-0.076,1.59,,-0.2,-0.2,1784648248.720792,509492921000000,509492921000000,509493640000000,509493280500000,719.0,828.63,828.63,509493.64,509493.64,,508664.6385,True,25,0,0,0,False,0,1007,322,828630,828631,828630,0.021494675,-0.021494675,84302,124506,11.21722,3.185801,-2.142461,-159.8096,28.35938,17.44141,976.8164,-0.2975,4.1475,-18.47375,34,-21,-54,47.77778,True,283,3,37.24890183,-80.4181415,10,1.69,,,,382725,1198,133
51,True,,speed-medium_surface-smooth_kitchen_floor_latency-wifi_baseline_route-square0p5x3_attack-none_trial-1,square0p5x3,smooth_kitchen_floor,smooth,medium,wifi_baseline,1,none,0.5,3,smooth,0.076,-0.076,1.59,,-0.2,-0.2,1784648249.8454309,509494046000000,509494046000000,509494765000000,509494405500000,719.0,829.76,829.76,509494.765,509494.765,,508664.6385,True,25,0,0,0,False,0,1007,323,829760,829761,829760,0,-0.021448713,84221,124729,11.20493,2.622683,-1.229689,-160.0227,1.992188,11.09375,986.582,0.5775,2.3975,-4.16125,33,-18,-53,47.77778,True,311,3,37.248907,-80.4181415,10,1.69,,,,383352,1200,133
52,True,,speed-medium_surface-smooth_kitchen_floor_latency-wifi_baseline_route-square0p5x3_attack-none_trial-1,square0p5x3,smooth_kitchen_floor,smooth,medium,wifi_baseline,1,none,0.5,3,smooth,0.076,-0.076,1.59,,-0.2,-0.2,1784648250.7444413,509494953000000,509494953000000,509495671000000,509495312000000,718.0,830.683,830.683,509495.671,509495.687,,508664.6375,True,25,0,0,0,False,0,1007,324,830683,830684,830683,0,0,84220,124730,11.20493,2.004304,-1.028876,-157.9028,10.78125,4.746094,982.6758,-0.36,1.085,0.21375,30,-19,-56,47.77778,True,120,3,37.24890683,-80.41813883,10,1.69,,,,383850,1202,134
53,True,,speed-medium_surface-smooth_kitchen_floor_latency-wifi_baseline_route-square0p5x3_attack-none_trial-1,square0p5x3,smooth_kitchen_floor,smooth,medium,wifi_baseline,1,none,0.5,3,smooth,0.076,-0.076,1.59,,-0.2,-0.2,1784648251.6872838,509495890000000,509495890000000,509496609000000,509496249500000,719.0,831.599,831.599,509496.609,509496.609,,508664.6375,True,25,0,0,0,False,0,1007,325,831599,831600,831599,0,-0.043087837,84220,124739,11.20493,0.594633,-3.85148,-157.369,78.65234,-38.22266,962.168,1.14,3.46,-14.59875,30,-18,-52,47.22222,True,118,3,37.24890667,-80.41813383,10,1.69,,,,384348,1204,135
54,True,,speed-medium_surface-smooth_kitchen_floor_latency-wifi_baseline_route-square0p5x3_attack-none_trial-1,square0p5x3,smooth_kitchen_floor,smooth,medium,wifi_baseline,1,none,0.5,3,smooth,0.076,-0.076,1.59,,-0.2,-0.2,1784648252.8151991,509497015000000,509497015000000,509497734000000,509497374500000,719.0,832.726,832.726,509497.734,509497.734,,508664.6385,True,25,0,0,0,False,0,1007,326,832726,832727,832726,-0.150462725,-0.172031128,84576,125718,11.20493,2.474913,-1.114235,-162.6492,85,-9.414063,1094.004,8.14,-8.665,-7.59875,20,-11,-59,47.22222,True,325,3,37.24890883,-80.41814267,10,1.69,,,,384975,1206,135
55,True,,speed-medium_surface-smooth_kitchen_floor_latency-wifi_baseline_route-square0p5x3_attack-none_trial-1,square0p5x3,smooth_kitchen_floor,smooth,medium,wifi_baseline,1,none,0.5,3,smooth,0.076,-0.076,1.59,,-0.2,-0.2,1784648253.7356262,509497937000000,509497937000000,509498640000000,509498288500000,703.0,833.648,833.648,509498.64,509498.64,,508664.6385,True,25,0,0,0,False,0,1007,327,833648,833649,833648,-0.193562682,-0.193923031,85641,126905,11.20493,2.309146,-0.78638,-164.6455,-30.23438,41.85547,1193.613,1.39,3.6475,-6.78625,26,-10,-60,47.22222,True,120,3,37.24890133,-80.4181315,10,1.69,,,,385473,1208,136
56,True,,speed-medium_surface-smooth_kitchen_floor_latency-wifi_baseline_route-square0p5x3_attack-none_trial-1,square0p5x3,smooth_kitchen_floor,smooth,medium,wifi_baseline,1,none,0.5,3,smooth,0.076,-0.076,1.59,,-0.2,-0.2,1784648254.4782302,509498687000000,509498687000000,509499375000000,509499031000000,688.0,834.397,834.397,509499.375,509499.375,,508664.6375,True,25,0,0,0,False,0,1007,328,834397,834398,834397,-0.206963858,-0.207300849,86590,127916,11.20493,-2.408597,-0.160067,-166.8988,7.363281,-222.3047,1042.246,2.0775,-3.7275,-0.78625,17,-1,-62,47.77778,True,114,3,37.24890333,-80.41812617,9,2.02,,,,385847,1210,137
57,True,,speed-medium_surface-smooth_kitchen_floor_latency-wifi_baseline_route-square0p5x3_attack-none_trial-1,square0p5x3,smooth_kitchen_floor,smooth,medium,wifi_baseline,1,none,0.5,3,smooth,0.076,-0.076,1.59,,-0.2,-0.2,1784648255.227395,509499421000000,509499421000000,509500187000000,509499804000000,766.0,835.152,835.152,509500.187,509500.187,,508664.6375,True,25,0,0,0,False,0,1007,329,835152,835154,835152,-0.204488618,-0.204377513,87582,128938,11.20493,0.615224,0.196852,-167.5147,2.96875,235.7031,884.043,-18.86,2.7725,2.08875,15,-2,-54,47.77778,True,48,3,37.248905,-80.41812683,9,2.02,,,,386240,1212,137
58,True,,speed-medium_surface-smooth_kitchen_floor_latency-wifi_baseline_route-square0p5x3_attack-none_trial-1,square0p5x3,smooth_kitchen_floor,smooth,medium,wifi_baseline,1,none,0.5,3,smooth,0.076,-0.076,1.59,,-0.2,-0.2,1784648256.036902,509500234000000,509500234000000,509500890000000,509500562000000,656.0,835.96,835.96,509500.89,509500.89,,508664.6375,True,25,0,0,0,False,0,1007,330,835960,835962,835960,-0.20501802,-0.204878438,88649,130054,11.20493,-1.874738,-0.969259,-169.9967,94.27734,-103.6523,1080.82,17.64,-10.79,-16.09875,10,1,-52,47.77778,True,18,3,37.248903,-80.41812617,9,2.02,,,,386678,1213,137
59,True,,speed-medium_surface-smooth_kitchen_floor_latency-wifi_baseline_route-square0p5x3_attack-none_trial-1,square0p5x3,smooth_kitchen_floor,smooth,medium,wifi_baseline,1,none,0.5,3,smooth,0.076,-0.076,1.59,,-0.2,-0.2,1784648256.741631,509500937000000,509500937000000,509501625000000,509501281000000,688.0,836.648,836.648,509501.625,509501.625,,508664.6375,True,25,0,0,0,False,0,1007,331,836648,836649,836648,-0.150634879,-0.12913408,89555,130985,11.20493,-0.825458,1.47305,-171.3183,-194.2969,-19.17969,1290.293,1.515,-6.9775,-1.91125,16,0,-46,47.77778,True,36,3,37.248903,-80.41812617,9,2.02,,,,386959,1214,138
60,True,,speed-medium_surface-smooth_kitchen_floor_latency-wifi_baseline_route-square0p5x3_attack-none_trial-1,square0p5x3,smooth_kitchen_floor,smooth,medium,wifi_baseline,1,none,0.5,3,smooth,0.076,-0.076,1.59,,-0.2,-0.2,1784648257.4544792,509501656000000,509501656000000,509502328000000,509501992000000,672.0,837.397,837.397,509502.328,509502.328,,508664.634,True,25,0,0,0,False,0,1007,332,837397,837398,837397,-0.044397381,-0.066586248,90016,131455,11.20493,-2.297724,3.655691,-174.5772,-124.4727,-3.066406,962.6563,0.39,-1.3525,-4.34875,14,3,-47,47.77778,True,111,3,37.24890383,-80.41813083,10,1.69,,,,387335,1216,139
61,True,,speed-medium_surface-smooth_kitchen_floor_latency-wifi_baseline_route-square0p5x3_attack-none_trial-1,square0p5x3,smooth_kitchen_floor,smooth,medium,wifi_baseline,1,none,0.5,3,smooth,0.076,-0.076,1.59,,-0.2,-0.2,1784648258.2027476,509502406000000,509502406000000,509503046000000,509502726000000,640.0,838.112,838.112,509503.046,509503.046,,508664.634,True,25,0,0,0,False,0,1007,333,838112,838113,838112,0,-0.056430576,90019,131777,11.20493,-0.858805,1.521853,-178.3531,-22.42188,13.53516,1010.02,0.265,0.085,-18.47375,5,1,-43,47.77778,True,33,3,37.248904,-80.41813333,10,1.69,,,,387686,1218,139
62,True,,speed-medium_surface-smooth_kitchen_floor_latency-wifi_baseline_route-square0p5x3_attack-none_trial-1,square0p5x3,smooth_kitchen_floor,smooth,medium,wifi_baseline,1,none,0.5,3,smooth,0.076,-0.076,1.59,,-0.2,-0.2,1784648258.8985028,509503093000000,509503093000000,509503875000000,509503484000000,782.0,838.833,838.833,509503.875,509503.875,,508664.6375,True,25,0,0,0,False,0,1007,334,838833,838834,838833,0,-0.069647921,90019,132070,11.20493,3.824555,-1.493152,172.3584,-8.261719,2.792969,1044.199,-0.2975,0.085,-18.34875,2,-6,-41,47.77778,True,754,3,37.248904,-80.41813333,10,1.69,,,,387953,1218,140
63,True,,speed-medium_surface-smooth_kitchen_floor_latency-wifi_baseline_route-square0p5x3_attack-none_trial-1,square0p5x3,smooth_kitchen_floor,smooth,medium,wifi_baseline,1,none,0.5,3,smooth,0.076,-0.076,1.59,,-0.2,-0.2,1784648259.7137341,509503921000000,509503921000000,509504562000000,509504241500000,641.0,839.629,839.629,509504.562,509504.562,,508664.6375,True,25,0,0,0,False,0,1007,335,839629,839631,839629,0.04298935,-0.064484025,89986,132418,11.18143,8.588693,-7.540661,166.3316,21.03516,8.652344,1064.707,1.515,2.085,-31.72375,-8,-11,-42,47.77778,True,44,3,37.2489025,-80.41813333,10,1.69,,,,388320,1220,141
64,True,,speed-medium_surface-smooth_kitchen_floor_latency-wifi_baseline_route-square0p5x3_attack-none_trial-1,square0p5x3,smooth_kitchen_floor,smooth,medium,wifi_baseline,1,none,0.5,3,smooth,0.076,-0.076,1.59,,-0.2,-0.2,1784648260.802183,509505000000000,509505000000000,509505718000000,509505359000000,718.0,840.723,840.723,509505.718,509505.718,,508664.6375,True,25,0,0,0,False,0,1007,336,840723,840724,840723,0.021494675,0,89883,132669,11.18143,13.25042,-11.63438,170.969,-2.402344,4.257813,984.1406,-0.1725,-0.4775,-0.47375,-8,-18,-39,47.77778,True,291,3,37.24890033,-80.4181295,10,1.69,,,,388947,1222,141
65,True,,speed-medium_surface-smooth_kitchen_floor_latency-wifi_baseline_route-square0p5x3_attack-none_trial-1,square0p5x3,smooth_kitchen_floor,smooth,medium,wifi_baseline,1,none,0.5,3,smooth,0.076,-0.076,1.59,,-0.2,-0.2,1784648261.7248383,509505921000000,509505921000000,509506640000000,509506280500000,719.0,841.637,841.637,509506.64,509506.64,,508664.6385,True,25,0,0,0,False,0,1007,337,841637,841638,841637,0,0,89883,132669,11.18143,13.16782,-11.08172,174.379,-8.75,6.699219,993.9063,0.14,1.585,-0.16125,-9,-18,-41,47.22222,True,112,3,37.24890033,-80.41812733,9,1.75,,,,389443,1224,142
66,True,,speed-medium_surface-smooth_kitchen_floor_latency-wifi_baseline_route-square0p5x3_attack-none_trial-1,square0p5x3,smooth_kitchen_floor,smooth,medium,wifi_baseline,1,none,0.5,3,smooth,0.076,-0.076,1.59,,-0.2,-0.2,1784648262.8520916,509507046000000,509507046000000,509507765000000,509507405500000,719.0,842.765,842.765,509507.765,509507.765,,508664.6385,True,25,0,0,0,False,0,1007,338,842765,842766,842765,0,0,89879,132669,11.18143,12.09981,-12.39233,-174.2843,4.433594,4.257813,979.7461,-0.1725,0.46,-0.22375,-8,-18,-37,47.22222,True,325,3,37.24890217,-80.41812767,10,1.69,,,,390070,1226,142
67,True,,speed-medium_surface-smooth_kitchen_floor_latency-wifi_baseline_route-square0p5x3_attack-none_trial-1,square0p5x3,smooth_kitchen_floor,smooth,medium,wifi_baseline,1,none,0.5,3,smooth,0.076,-0.076,1.59,,-0.2,-0.2,1784648263.770887,509507968000000,509507968000000,509508687000000,509508327500000,719.0,843.686,843.686,509508.687,509508.687,,508664.6385,True,25,0,0,0,False,0,1007,339,843686,843687,843686,-0.021494675,-0.042970934,89884,132678,11.18143,11.8271,-16.46658,-169.0131,91.34766,-41.15234,1004.16,0.765,-1.8525,-14.41125,-8,-23,-43,47.77778,True,118,3,37.2489035,-80.41812883,10,1.69,,,,390566,1228,143
68,True,,speed-medium_surface-smooth_kitchen_floor_latency-wifi_baseline_route-square0p5x3_attack-none_trial-1,square0p5x3,smooth_kitchen_floor,smooth,medium,wifi_baseline,1,none,0.5,3,smooth,0.076,-0.076,1.59,,-0.2,-0.2,1784648264.6922612,509508890000000,509508890000000,509509609000000,509509249500000,719.0,844.609,844.609,509509.609,509509.609,,508664.6405,True,25,0,0,0,False,0,1007,340,844609,844610,844609,-0.150419748,-0.171565251,90173,133397,11.18143,14.43661,-15.77813,-159.8651,97.69531,-68.49609,1043.711,-3.7975,-9.7275,-5.53625,-8,-34,-43,47.22222,True,123,3,37.24890467,-80.41812867,10,1.69,,,,391062,1230,144
69,True,,speed-medium_surface-smooth_kitchen_floor_latency-wifi_baseline_route-square0p5x3_attack-none_trial-1,square0p5x3,smooth_kitchen_floor,smooth,medium,wifi_baseline,1,none,0.5,3,smooth,0.076,-0.076,1.59,,-0.2,-0.2,1784648265.823238,509510031000000,509510031000000,509510734000000,509510382500000,703.0,845.741,845.741,509510.734,509510.734,,508664.6405,True,25,0,0,0,False,0,1007,341,845741,845742,845741,-0.191320221,-0.191212161,91423,134805,11.18143,5.690061,-11.48373,-127.9308,31.77734,-60.19531,1299.082,-4.985,6.335,-1.03625,-2,-36,-42,47.22222,True,329,3,37.24890117,-80.41812533,10,1.69,,,,391687,1232,144
70,True,,speed-medium_surface-smooth_kitchen_floor_latency-wifi_baseline_route-square0p5x3_attack-none_trial-1,square0p5x3,smooth_kitchen_floor,smooth,medium,wifi_baseline,1,none,0.5,3,smooth,0.076,-0.076,1.59,,-0.2,-0.2,1784648266.7955863,509511000000000,509511000000000,509511765000000,509511382500000,765.0,846.74,846.74,509511.765,509511.765,,508664.6405,True,25,0,0,0,False,0,1007,342,846740,846741,846740,-0.184985677,-0.208204878,92690,136150,11.18143,1.262358,-6.49541,-102.8357,-214.8047,-227.1875,1130.137,-6.235,1.46,-1.53625,-8,-39,-44,47.77778,True,197,3,37.2489,-80.41812233,10,1.69,,,,392185,1234,145
71,True,,speed-medium_surface-smooth_kitchen_floor_latency-wifi_baseline_route-square0p5x3_attack-none_trial-1,square0p5x3,smooth_kitchen_floor,smooth,medium,wifi_baseline,1,none,0.5,3,smooth,0.076,-0.076,1.59,,-0.2,-0.2,1784648267.7658298,509511968000000,509511968000000,509512671000000,509512319500000,703.0,847.676,847.676,509512.671,509512.687,,508664.6405,True,25,0,0,0,False,0,1007,343,847676,847677,847676,-0.150505727,-0.172302004,93888,137377,11.18143,1.192441,-1.374283,-96.96046,-92.73438,67.24609,1079.844,-8.0475,-8.29,-2.72375,-5,-36,-47,47.22222,True,134,3,37.24890167,-80.41812133,10,1.69,,,,392683,1236,146
72,True,,speed-medium_surface-smooth_kitchen_floor_latency-wifi_baseline_route-square0p5x3_attack-none_trial-1,square0p5x3,smooth_kitchen_floor,smooth,medium,wifi_baseline,1,none,0.5,3,smooth,0.076,-0.076,1.59,,-0.2,-0.2,1784648268.6866412,509512890000000,509512890000000,509513609000000,509513249500000,719.0,848.597,848.597,509513.609,509513.609,,508664.64050000004,True,25,0,0,0,False,0,1007,344,848597,848598,848597,-0.021494675,-0.04298935,94402,137893,11.18143,0.238745,-1.746865,-93.86973,-84.43359,6.210938,1002.695,-1.86,1.585,-3.97375,-4,-38,-51,47.77778,True,123,3,37.2489055,-80.41812733,10,1.69,,,,393194,1238,147
73,True,,speed-medium_surface-smooth_kitchen_floor_latency-wifi_baseline_route-square0p5x3_attack-none_trial-1,square0p5x3,smooth_kitchen_floor,smooth,medium,wifi_baseline,1,none,0.5,3,smooth,0.076,-0.076,1.59,,-0.2,-0.2,1784648269.812989,509514015000000,509514015000000,509514718000000,509514366500000,703.0,849.732,849.732,509514.718,509514.734,,508664.64050000004,True,25,0,0,0,False,0,1007,345,849732,849733,849732,0,-0.042330208,94491,138020,11.20101,-0.155505,-3.628471,-95.61685,14.19922,-9.902344,977.793,-0.985,0.6475,-15.03625,-3,-41,-49,47.77778,True,333,3,37.24890533,-80.4181285,10,1.69,,,,393834,1240,147
74,True,,speed-medium_surface-smooth_kitchen_floor_latency-wifi_baseline_route-square0p5x3_attack-none_trial-1,square0p5x3,smooth_kitchen_floor,smooth,medium,wifi_baseline,1,none,0.5,3,smooth,0.076,-0.076,1.59,,-0.2,-0.2,1784648270.7339368,509514937000000,509514937000000,509515640000000,509515288500000,703.0,850.668,850.668,509515.64,509515.64,,508664.64050000004,True,25,0,0,0,False,0,1007,346,850668,850669,850668,0.023208812,-0.069615696,94462,138436,11.20101,0.228353,-0.901535,-103.3604,-28.28125,2.792969,974.8633,-0.11,-2.6025,-26.47375,5,-53,-47,47.22222,True,134,3,37.24890517,-80.41813033,10,1.69,,,,394332,1242,148
75,True,,speed-medium_surface-smooth_kitchen_floor_latency-wifi_baseline_route-square0p5x3_attack-none_trial-1,square0p5x3,smooth_kitchen_floor,smooth,medium,wifi_baseline,1,none,0.5,3,smooth,0.076,-0.076,1.59,,-0.2,-0.2,1784648271.5918548,509515796000000,509515796000000,509516468000000,509516132000000,672.0,851.504,851.504,509516.468,509516.468,,508664.6405,True,25,0,0,0,False,0,1007,347,851504,851506,851504,0.04298935,-0.064484025,94210,138786,11.20101,0.189457,-1.365944,-108.7711,6.386719,-11.85547,954.3555,0.89,-1.665,-32.41125,11,-57,-50,47.22222,True,48,3,37.24890217,-80.418128,10,1.69,,,,394811,1244,149
76,True,,speed-medium_surface-smooth_kitchen_floor_latency-wifi_baseline_route-square0p5x3_attack-none_trial-1,square0p5x3,smooth_kitchen_floor,smooth,medium,wifi_baseline,1,none,0.5,3,smooth,0.076,-0.076,1.59,,-0.2,-0.2,1784648272.3168378,509516515000000,509516515000000,509517187000000,509516851000000,672.0,852.219,852.219,509517.187,509517.187,,508664.6405,True,25,0,0,0,False,0,1007,348,852219,852220,852219,0,-0.018753923,94090,138966,11.20101,0.309798,-0.930371,-110.6068,7.851563,2.792969,983.1641,0.515,-0.665,-9.22375,19,-58,-47,47.22222,True,36,3,37.24890517,-80.41813283,10,1.69,,,,395161,1246,149
77,True,,speed-medium_surface-smooth_kitchen_floor_latency-wifi_baseline_route-square0p5x3_attack-none_trial-1,square0p5x3,smooth_kitchen_floor,smooth,medium,wifi_baseline,1,none,0.5,3,smooth,0.076,-0.076,1.59,,-0.2,-0.2,1784648273.057102,509517265000000,509517265000000,509518015000000,509517640000000,750.0,852.973,852.973,509518.015,509518.015,,508664.6405,True,25,0,0,0,False,0,1007,349,852973,852975,852973,0,0,94090,139078,11.20101,0.66079,-1.096524,-109.6338,-14.12109,15.97656,984.6289,-0.5475,0.335,-1.66125,16,-55,-51,47.22222,True,33,3,37.24890417,-80.41813317,10,1.69,,,,395553,1247,149
78,True,,speed-medium_surface-smooth_kitchen_floor_latency-wifi_baseline_route-square0p5x3_attack-none_trial-1,square0p5x3,smooth_kitchen_floor,smooth,medium,wifi_baseline,1,none,0.5,3,smooth,0.076,-0.076,1.59,,-0.2,-0.2,1784648273.8657014,509518062000000,509518062000000,509518718000000,509518390000000,656.0,853.775,853.775,509518.718,509518.718,,508664.6405,True,25,0,0,0,False,0,1007,350,853775,853776,853775,0,0,94090,139078,11.20101,-0.076921,-0.342585,-107.4988,0.039063,-3.066406,977.793,-0.86,-0.915,0.46375,17,-55,-48,47.77778,True,160,3,37.24890417,-80.41813317,10,1.69,,,,395824,1248,150
79,True,,speed-medium_surface-smooth_kitchen_floor_latency-wifi_baseline_route-square0p5x3_attack-none_trial-1,square0p5x3,smooth_kitchen_floor,smooth,medium,wifi_baseline,1,none,0.5,3,smooth,0.076,-0.076,1.59,,-0.2,-0.2,1784648274.7717223,509518968000000,509518968000000,509519640000000,509519304000000,672.0,854.692,854.692,509519.64,509519.64,,508664.636,True,25,0,0,0,False,0,1007,351,854692,854693,854692,0,-0.045844828,94090,139085,11.20101,-1.489123,-1.858521,-109.0072,57.65625,-54.33594,993.418,0.515,-1.54,-12.53625,19,-57,-50,47.77778,True,115,3,37.24890517,-80.41813733,10,1.69,,,,396322,1250,151
80,True,,speed-medium_surface-smooth_kitchen_floor_latency-wifi_baseline_route-square0p5x3_attack-none_trial-1,square0p5x3,smooth_kitchen_floor,smooth,medium,wifi_baseline,1,none,0.5,3,smooth,0.076,-0.076,1.59,,-0.2,-0.2,1784648275.753479,509519953000000,509519953000000,509520671000000,509520312000000,718.0,855.668,855.668,509520.671,509520.671,,508664.636,True,25,0,0,0,False,0,1007,352,855668,855669,855668,-0.150398269,-0.171565251,94322,139874,11.20101,-0.398347,-1.545788,-121.3057,46.91406,15,1115.488,-3.4225,5.21,-9.03625,30,-53,-50,47.22222,True,176,3,37.24890367,-80.41813917,10,1.69,,,,396820,1252,152
81,True,,speed-medium_surface-smooth_kitchen_floor_latency-wifi_baseline_route-square0p5x3_attack-none_trial-1,square0p5x3,smooth_kitchen_floor,smooth,medium,wifi_baseline,1,none,0.5,3,smooth,0.076,-0.076,1.59,,-0.2,-0.2,1784648276.597401,509520796000000,509520796000000,509521484000000,509521140000000,688.0,856.519,856.519,509521.484,509521.484,,508664.636,True,25,0,0,0,False,0,1007,353,856519,856520,856519,-0.175748547,-0.175902645,95206,140902,11.20101,0.278966,0.922134,-119.3262,104.5313,-70.44922,1410.41,4.015,0.46,-2.72375,28,-50,-45,47.22222,True,59,3,37.2489055,-80.41814717,10,1.69,,,,397314,1254,153
82,True,,speed-medium_surface-smooth_kitchen_floor_latency-wifi_baseline_route-square0p5x3_attack-none_trial-1,square0p5x3,smooth_kitchen_floor,smooth,medium,wifi_baseline,1,none,0.5,3,smooth,0.076,-0.076,1.59,,-0.2,-0.2,1784648277.3069327,509521515000000,509521515000000,509522203000000,509521859000000,688.0,857.229,857.229,509522.203,509522.203,,508664.6345,True,25,0,0,0,False,0,1007,354,857229,857231,857229,-0.183366896,-0.183069424,96084,141842,11.20101,2.328835,-1.748345,-119.2989,23.96484,156.1133,868.9063,-9.485,9.585,0.33875,25,-49,-42,47.77778,True,36,3,37.24890317,-80.41814817,10,1.69,,,,397661,1256,153
83,True,,speed-medium_surface-smooth_kitchen_floor_latency-wifi_baseline_route-square0p5x3_attack-none_trial-1,square0p5x3,smooth_kitchen_floor,smooth,medium,wifi_baseline,1,none,0.5,3,smooth,0.076,-0.076,1.59,,-0.2,-0.2,1784648278.046893,509522250000000,509522250000000,509522921000000,509522585500000,671.0,857.969,857.969,509522.921,509522.921,,508664.6345,True,25,0,0,0,False,0,1007,355,857969,857971,857969,-0.20756082,-0.189118558,97043,142836,11.20101,4.030258,-1.439017,-119.5521,-4.84375,28.67188,1264.902,0.89,-3.665,1.15125,28,-55,-40,47.77778,True,19,3,37.24890167,-80.41815,10,1.69,,,,398038,1257,153
84,True,,speed-medium_surface-smooth_kitchen_floor_latency-wifi_baseline_route-square0p5x3_attack-none_trial-1,square0p5x3,smooth_kitchen_floor,smooth,medium,wifi_baseline,1,none,0.5,3,smooth,0.076,-0.076,1.59,,-0.2,-0.2,1784648278.7588553,509522953000000,509522953000000,509523609000000,509523281000000,656.0,858.673,858.673,509523.609,509523.609,,508664.6345,True,25,0,0,0,False,0,1007,356,858673,858674,858673,-0.190539542,-0.190459146,97960,143753,11.20101,2.642216,0.302869,-117.7003,5.898438,34.04297,912.3633,12.015,2.585,-1.03625,27,-56,-39,47.22222,True,57,3,37.24890167,-80.41815,10,1.69,,,,398314,1258,155
85,True,,speed-medium_surface-smooth_kitchen_floor_latency-wifi_baseline_route-square0p5x3_attack-none_trial-1,square0p5x3,smooth_kitchen_floor,smooth,medium,wifi_baseline,1,none,0.5,3,smooth,0.076,-0.076,1.59,,-0.2,-0.2,1784648279.644421,509523843000000,509523843000000,509524562000000,509524202500000,719.0,859.56,859.56,509524.562,509524.562,,508664.636,True,25,0,0,0,False,0,1007,357,859560,859561,859560,-0.0859787,-0.085954142,98997,144793,11.20101,-0.344826,1.411442,-117.72,-17.05078,-63.125,965.0977,1.265,6.3975,-2.72375,28,-55,-35,47.22222,True,92,3,37.24889967,-80.41815033,10,1.69,,,,398812,1260,156
86,True,,speed-medium_surface-smooth_kitchen_floor_latency-wifi_baseline_route-square0p5x3_attack-none_trial-1,square0p5x3,smooth_kitchen_floor,smooth,medium,wifi_baseline,1,none,0.5,3,smooth,0.076,-0.076,1.59,,-0.2,-0.2,1784648280.7600832,509524968000000,509524968000000,509525687000000,509525327500000,719.0,860.681,860.681,509525.687,509525.687,,508664.6405,True,25,0,0,0,False,0,1007,358,860681,860682,860681,0,-0.021494675,99148,144982,11.19318,-0.519031,-1.72297,-118.8354,18.59375,-8.4375,977.793,0.0775,-15.165,-5.41125,30,-56,-35,47.22222,True,303,3,37.248898,-80.41815017,10,1.69,,,,399439,1262,156
87,True,,speed-medium_surface-smooth_kitchen_floor_latency-wifi_baseline_route-square0p5x3_attack-none_trial-1,square0p5x3,smooth_kitchen_floor,smooth,medium,wifi_baseline,1,none,0.5,3,smooth,0.076,-0.076,1.59,,-0.2,-0.2,1784648281.6931431,509525890000000,509525890000000,509526609000000,509526249500000,719.0,861.607,861.607,509526.609,509526.609,,508664.6405,True,25,0,0,0,False,0,1007,359,861607,861608,861607,0,-0.064355314,99148,145255,11.19318,-0.497279,-0.747457,-126.1126,12.73438,-6.972656,948.9844,0.015,-2.915,-16.66125,34,-53,-35,47.22222,True,127,3,37.24889583,-80.41815233,10,1.69,,,,399937,1264,157
88,True,,speed-medium_surface-smooth_kitchen_floor_latency-wifi_baseline_route-square0p5x3_attack-none_trial-1,square0p5x3,smooth_kitchen_floor,smooth,medium,wifi_baseline,1,none,0.5,3,smooth,0.076,-0.076,1.59,,-0.2,-0.2,1784648282.819938,509527015000000,509527015000000,509527671000000,509527343000000,656.0,862.734,862.734,509527.671,509527.671,,508664.6405,True,25,0,0,0,False,0,1007,360,862734,862735,862734,0.042977071,-0.042970934,99017,145768,11.19318,1.739556,-1.890982,-146.6768,11.26953,0.351563,980.2344,-0.7975,0.3975,-23.97375,46,-39,-36,47.22222,True,324,3,37.2488965,-80.4181545,10,1.69,,,,400564,1266,157
89,True,,speed-medium_surface-smooth_kitchen_floor_latency-wifi_baseline_route-square0p5x3_attack-none_trial-1,square0p5x3,smooth_kitchen_floor,smooth,medium,wifi_baseline,1,none,0.5,3,smooth,0.076,-0.076,1.59,,-0.2,-0.2,1784648283.7307694,509527937000000,509527937000000,509528656000000,509528296500000,719.0,863.65,863.65,509528.656,509528.656,,508664.6405,True,25,0,0,0,False,0,1007,361,863650,863651,863650,0,0,98997,145772,11.19318,1.19135,-1.554816,-142.4545,9.804688,-3.554688,981.2109,-0.235,-1.165,0.15125,45,-40,-38,47.22222,True,114,3,37.24889433,-80.4181535,10,1.69,,,,401062,1268,158
90,True,,speed-medium_surface-smooth_kitchen_floor_latency-wifi_baseline_route-square0p5x3_attack-none_trial-1,square0p5x3,smooth_kitchen_floor,smooth,medium,wifi_baseline,1,none,0.5,3,smooth,0.076,-0.076,1.59,,-0.2,-0.2,1784648284.4815443,509528687000000,509528687000000,509529312000000,509528999500000,625.0,864.39,864.39,509529.312,509529.312,,508664.6405,True,25,0,0,0,False,0,1007,362,864390,864391,864390,0,0,98997,145772,11.19318,-0.017557,-0.722743,-140.4641,9.804688,-5.996094,979.2578,-0.6725,-0.29,-0.09875,45,-39,-36,47.77778,True,98,3,37.248893,-80.41815317,10,1.69,,,,401429,1270,159
91,True,,speed-medium_surface-smooth_kitchen_floor_latency-wifi_baseline_route-square0p5x3_attack-none_trial-1,square0p5x3,smooth_kitchen_floor,smooth,medium,wifi_baseline,1,none,0.5,3,smooth,0.076,-0.076,1.59,,-0.2,-0.2,1784648285.2484753,509529453000000,509529453000000,509530187000000,509529820000000,734.0,865.167,865.167,509530.187,509530.187,,508664.6405,True,25,0,0,0,False,0,1007,363,865167,865169,865167,0,0,98997,145772,11.19318,-0.150785,-0.628623,-139.8905,8.828125,-4.042969,982.6758,0.14,-0.1025,0.02625,45,-39,-37,47.77778,True,54,3,37.24889333,-80.418153,10,1.69,,,,401844,1272,159
92,True,,speed-medium_surface-smooth_kitchen_floor_latency-wifi_baseline_route-square0p5x3_attack-none_trial-1,square0p5x3,smooth_kitchen_floor,smooth,medium,wifi_baseline,1,none,0.5,3,smooth,0.076,-0.076,1.59,,-0.2,-0.2,1784648286.0376678,509530234000000,509530234000000,509530906000000,509530570000000,672.0,865.947,865.947,509530.906,509530.906,,508664.6345,True,25,0,0,0,False,0,1007,364,865947,865949,865947,0,-0.020115338,98997,145775,11.19318,-0.762214,-1.78702,-139.8513,57.16797,-38.71094,993.418,0.9525,-3.2275,-6.91125,49,-44,-35,47.22222,True,3,3,37.248894,-80.41815333,10,1.69,,,,402259,1273,159
93,True,,speed-medium_surface-smooth_kitchen_floor_latency-wifi_baseline_route-square0p5x3_attack-none_trial-1,square0p5x3,smooth_kitchen_floor,smooth,medium,wifi_baseline,1,none,0.5,3,smooth,0.076,-0.076,1.59,,-0.2,-0.2,1784648286.7390306,509530937000000,509530937000000,509531625000000,509531281000000,688.0,866.671,866.671,509531.625,509531.625,,508664.63200000004,True,25,0,0,0,False,0,1007,365,866671,866672,866671,-0.092407631,-0.115509539,99040,146296,11.19318,1.778017,-1.316104,-147.0502,-107.8711,91.66016,1311.777,0.765,-1.2275,-8.53625,52,-35,-39,47.77778,True,56,3,37.248894,-80.41815333,10,1.69,,,,402556,1274,160
94,True,,speed-medium_surface-smooth_kitchen_floor_latency-wifi_baseline_route-square0p5x3_attack-none_trial-1,square0p5x3,smooth_kitchen_floor,smooth,medium,wifi_baseline,1,none,0.5,3,smooth,0.076,-0.076,1.59,,-0.2,-0.2,1784648287.6140306,509531812000000,509531812000000,509532546000000,509532179000000,734.0,867.545,867.545,509532.546,509532.546,,508664.63200000004,True,25,0,0,0,False,0,1007,366,867545,867546,867545,-0.150462725,-0.193452075,99734,147203,11.19318,0.628828,-3.810565,-154.0153,105.0195,131.6992,786.875,-8.9225,2.0225,-4.22375,51,-21,-47,47.22222,True,81,3,37.24889567,-80.41815133,10,1.69,,,,403054,1276,161
95,True,,speed-medium_surface-smooth_kitchen_floor_latency-wifi_baseline_route-square0p5x3_attack-none_trial-1,square0p5x3,smooth_kitchen_floor,smooth,medium,wifi_baseline,1,none,0.5,3,smooth,0.076,-0.076,1.59,,-0.2,-0.2,1784648288.6251047,509532828000000,509532828000000,509533562000000,509533195000000,734.0,868.532,868.532,509533.562,509533.578,,508664.63200000004,True,25,0,0,0,False,0,1007,367,868532,868533,868532,-0.188172493,-0.188408121,100908,148462,11.19318,3.54209,-5.670938,-153.7876,103.5547,24.27734,1260.508,-10.86,3.8975,5.46375,52,-32,-53,47.22222,True,189,3,37.24889767,-80.4181535,10,1.69,,,,403681,1278,161
96,True,,speed-medium_surface-smooth_kitchen_floor_latency-wifi_baseline_route-square0p5x3_attack-none_trial-1,square0p5x3,smooth_kitchen_floor,smooth,medium,wifi_baseline,1,none,0.5,3,smooth,0.076,-0.076,1.59,,-0.2,-0.2,1784648289.4377007,509533640000000,509533640000000,509534390000000,509534015000000,750.0,869.355,869.355,509534.39,509534.39,,508664.63200000004,True,25,0,0,0,False,0,1007,368,869355,869357,869355,-0.184014747,-0.204349756,101954,149542,11.19318,2.442668,-2.903938,-154.0287,-185.0195,-3.066406,1287.852,-2.985,-12.3525,-1.47375,42,-27,-59,47.22222,True,48,3,37.24889983,-80.41815567,10,1.69,,,,404146,1280,161
97,True,,speed-medium_surface-smooth_kitchen_floor_latency-wifi_baseline_route-square0p5x3_attack-none_trial-1,square0p5x3,smooth_kitchen_floor,smooth,medium,wifi_baseline,1,none,0.5,3,smooth,0.076,-0.076,1.59,,-0.2,-0.2,1784648290.2267237,509534421000000,509534421000000,509535218000000,509534819500000,797.0,870.138,870.138,509535.218,509535.218,,508664.63200000004,True,25,0,0,0,False,0,1007,369,870138,870140,870138,-0.206886247,-0.207067431,102984,150588,11.19318,4.224124,-2.40427,-145.6403,-37.55859,107.7734,1139.902,-0.1725,-0.415,7.02625,34,-35,-59,47.22222,True,84,3,37.24890317,-80.41815317,10,1.69,,,,404564,1282,161
98,True,,speed-medium_surface-smooth_kitchen_floor_latency-wifi_baseline_route-square0p5x3_attack-none_trial-1,square0p5x3,smooth_kitchen_floor,smooth,medium,wifi_baseline,1,none,0.5,3,smooth,0.076,-0.076,1.59,,-0.2,-0.2,1784648291.059299,509535265000000,509535265000000,509535921000000,509535593000000,656.0,870.977,870.977,509535.921,509535.921,,508664.63,True,25,0,0,0,False,0,1007,370,870977,870978,870977,-0.065982777,-0.044001382,103983,151562,11.20901,0.72096,-0.826462,-131.8011,72.30469,-12.34375,973.3984,0.0775,4.6475,2.33875,26,-37,-49,47.22222,True,37,3,37.24890533,-80.41815183,10,1.69,,,,404933,1283,162
99,True,,speed-medium_surface-smooth_kitchen_floor_latency-wifi_baseline_route-square0p5x3_attack-none_trial-1,square0p5x3,smooth_kitchen_floor,smooth,medium,wifi_baseline,1,none,0.5,3,smooth,0.076,-0.076,1.59,,-0.2,-0.2,1784648291.770207,509535968000000,509535968000000,509536640000000,509536304000000,672.0,871.7,871.7,509536.64,509536.64,,508664.63,True,25,0,0,0,False,0,1007,371,871700,871701,871700,0,0,103990,151569,11.20901,0.101234,-0.770383,-129.573,2.480469,-6.972656,979.2578,-0.61,-0.9775,0.21375,28,-35,-48,47.22222,True,84,3,37.24890533,-80.41815183,10,1.7,,,,405201,1284,163
100,True,,speed-medium_surface-smooth_kitchen_floor_latency-wifi_baseline_route-square0p5x3_attack-none_trial-1,square0p5x3,smooth_kitchen_floor,smooth,medium,wifi_baseline,1,none,0.5,3,smooth,0.076,-0.076,1.59,,-0.2,-0.2,1784648292.7547047,509536953000000,509536953000000,509537640000000,509537296500000,687.0,872.695,872.695,509537.64,509537.64,,508664.63,True,25,0,0,0,False,0,1007,372,872695,872696,872695,0,-0.046331863,103989,151645,11.20901,0.946239,-1.026382,-136.0325,-0.449219,-13.80859,984.1406,-0.61,-1.79,-15.16125,32,-35,-49,47.22222,True,195,3,37.2489055,-80.41814967,10,1.7,,,,405699,1286,164
101,True,,speed-medium_surface-smooth_kitchen_floor_latency-wifi_baseline_route-square0p5x3_attack-none_trial-1,square0p5x3,smooth_kitchen_floor,smooth,medium,wifi_baseline,1,none,0.5,3,smooth,0.076,-0.076,1.59,,-0.2,-0.2,1784648293.7782042,509537984000000,509537984000000,509538687000000,509538335500000,703.0,873.693,873.693,509538.687,509538.687,,508664.63,True,25,0,0,0,False,0,1007,373,873693,873694,873693,0.021494675,-0.043007782,103868,152083,11.20901,2.607102,-1.981028,-149.6218,11.26953,-19.17969,962.168,1.4525,-1.4775,-19.91125,31,-29,-49,47.22222,True,197,3,37.24890617,-80.41815467,10,1.7,,,,406197,1288,165
102,True,,speed-medium_surface-smooth_kitchen_floor_latency-wifi_baseline_route-square0p5x3_attack-none_trial-1,square0p5x3,smooth_kitchen_floor,smooth,medium,wifi_baseline,1,none,0.5,3,smooth,0.076,-0.076,1.59,,-0.2,-0.2,1784648294.698301,509538906000000,509538906000000,509539609000000,509539257500000,703.0,874.613,874.613,509539.609,509539.625,,508664.63,True,25,0,0,0,False,0,1007,374,874613,874614,874613,0,0,103863,152106,11.20901,2.226567,-2.183149,-145.3405,2.480469,-9.414063,979.2578,-0.6725,-1.79,-0.16125,29,-27,-49,47.77778,True,120,3,37.24890383,-80.41815917,10,1.7,,,,406695,1290,166
103,True,,speed-medium_surface-smooth_kitchen_floor_latency-wifi_baseline_route-square0p5x3_attack-none_trial-1,square0p5x3,smooth_kitchen_floor,smooth,medium,wifi_baseline,1,none,0.5,3,smooth,0.076,-0.076,1.59,,-0.2,-0.2,1784648295.8222644,509540031000000,509540031000000,509540734000000,509540382500000,703.0,875.742,875.742,509540.734,509540.734,,508664.634,True,25,0,0,0,False,0,1007,375,875742,875743,875742,0,0,103863,152106,11.20901,0.812851,-1.539172,-139.0025,4.921875,-6.484375,981.2109,-0.2975,-1.3525,0.77625,28,-29,-50,47.77778,True,326,3,37.24890117,-80.41816083,10,1.7,,,,407322,1292,166
104,True,,speed-medium_surface-smooth_kitchen_floor_latency-wifi_baseline_route-square0p5x3_attack-none_trial-1,square0p5x3,smooth_kitchen_floor,smooth,medium,wifi_baseline,1,none,0.5,3,smooth,0.076,-0.076,1.59,,-0.2,-0.2,1784648296.738841,509540937000000,509540937000000,509541656000000,509541296500000,719.0,876.659,876.659,509541.656,509541.656,,508664.6375,True,25,0,0,0,False,0,1007,376,876659,876660,876659,0,-0.043081668,103863,152112,11.20901,-1.17328,-3.418313,-139.6304,79.62891,-81.67969,971.9336,1.765,4.085,-11.72375,34,-32,-49,47.22222,True,114,3,37.24889933,-80.4181575,10,1.7,,,,407820,1294,167
105,True,,speed-medium_surface-smooth_kitchen_floor_latency-wifi_baseline_route-square0p5x3_attack-none_trial-1,square0p5x3,smooth_kitchen_floor,smooth,medium,wifi_baseline,1,none,0.5,3,smooth,0.076,-0.076,1.59,,-0.2,-0.2,1784648297.4884126,509541687000000,509541687000000,509542328000000,509542007500000,641.0,877.4,877.4,509542.328,509542.328,,508664.634,True,25,0,0,0,False,0,1007,377,877400,877402,877400,-0.080893938,-0.141602457,103915,152680,11.20901,-0.817822,-5.347709,-143.4378,193.3984,-73.37891,881.1133,4.515,6.3975,-21.72375,27,-27,-52,47.22222,True,44,3,37.24889883,-80.41815417,10,1.7,,,,408199,1296,168
106,True,,speed-medium_surface-smooth_kitchen_floor_latency-wifi_baseline_route-square0p5x3_attack-none_trial-1,square0p5x3,smooth_kitchen_floor,smooth,medium,wifi_baseline,1,none,0.5,3,smooth,0.076,-0.076,1.59,,-0.2,-0.2,1784648298.2268534,509542421000000,509542421000000,509543093000000,509542757000000,672.0,878.142,878.142,509543.093,509543.093,,508664.634,True,25,0,0,0,False,0,1007,378,878142,878144,878142,-0.172055718,-0.193784277,104651,153537,11.20901,0.50437,-1.950745,-143.8579,73.28125,13.04688,1107.188,9.5775,4.71,-5.97375,33,-28,-51,47.77778,True,54,3,37.24890167,-80.41814583,10,1.7,,,,408577,1298,168
107,True,,speed-medium_surface-smooth_kitchen_floor_latency-wifi_baseline_route-square0p5x3_attack-none_trial-1,square0p5x3,smooth_kitchen_floor,smooth,medium,wifi_baseline,1,none,0.5,3,smooth,0.076,-0.076,1.59,,-0.2,-0.2,1784648299.1998725,509543406000000,509543406000000,509544125000000,509543765500000,719.0,879.114,879.114,509544.125,509544.125,,508664.6375,True,25,0,0,0,False,0,1007,379,879114,879116,879114,-0.182871644,-0.20305361,105827,154761,11.20901,-0.751674,-1.655392,-143.41,110.8789,-1.113281,930.918,-0.36,10.1475,-4.78625,25,-21,-54,47.22222,True,61,3,37.248907,-80.41814433,10,1.7,,,,409192,1300,168
108,True,,speed-medium_surface-smooth_kitchen_floor_latency-wifi_baseline_route-square0p5x3_attack-none_trial-1,square0p5x3,smooth_kitchen_floor,smooth,medium,wifi_baseline,1,none,0.5,3,smooth,0.076,-0.076,1.59,,-0.2,-0.2,1784648299.95184,509544156000000,509544156000000,509544937000000,509544546500000,781.0,879.862,879.862,509544.937,509544.937,,508664.6405,True,25,0,0,0,False,0,1007,380,879862,879863,879862,-0.193396819,-0.193507363,106791,155736,11.20901,1.062209,-1.762532,-142.8148,95.74219,121.4453,1086.68,5.39,0.6475,-2.72375,28,-23,-50,47.22222,True,808,3,37.248907,-80.41814433,10,1.7,,,,409456,1300,169
109,True,,speed-medium_surface-smooth_kitchen_floor_latency-wifi_baseline_route-square0p5x3_attack-none_trial-1,square0p5x3,smooth_kitchen_floor,smooth,medium,wifi_baseline,1,none,0.5,3,smooth,0.076,-0.076,1.59,,-0.2,-0.2,1784648300.7779152,509544984000000,509544984000000,509545656000000,509545320000000,672.0,880.693,880.693,509545.656,509545.656,,508664.6405,True,25,0,0,0,False,0,1007,381,880693,880694,880693,-0.190942545,-0.212158383,107879,156818,11.20901,-1.314535,0.030031,-140.2195,-86.875,-258.9258,1174.082,1.64,4.1475,0.40125,24,-24,-50,47.22222,True,92,3,37.2489085,-80.41814267,10,1.7,,,,409825,1302,170
110,True,,speed-medium_surface-smooth_kitchen_floor_latency-wifi_baseline_route-square0p5x3_attack-none_trial-1,square0p5x3,smooth_kitchen_floor,smooth,medium,wifi_baseline,1,none,0.5,3,smooth,0.076,-0.076,1.59,,-0.2,-0.2,1784648301.7299855,509545937000000,509545937000000,509546687000000,509546312000000,750.0,881.638,881.638,509546.687,509546.687,,508664.6405,True,25,0,0,0,False,0,1007,382,881638,881639,881638,-0.0859787,-0.085966419,108950,157908,11.18934,-1.458042,2.346895,-139.8396,-50.74219,-14.78516,1049.082,-2.7975,1.71,0.08875,32,-22,-48,47.22222,True,128,3,37.24891033,-80.41814467,10,1.7,,,,410323,1304,171
111,True,,speed-medium_surface-smooth_kitchen_floor_latency-wifi_baseline_route-square0p5x3_attack-none_trial-1,square0p5x3,smooth_kitchen_floor,smooth,medium,wifi_baseline,1,none,0.5,3,smooth,0.076,-0.076,1.59,,-0.2,-0.2,1784648302.7718158,509546968000000,509546968000000,509547703000000,509547335500000,735.0,882.689,882.689,509547.703,509547.703,,508664.6405,True,25,0,0,0,False,0,1007,383,882689,882690,882689,0,-0.021114612,109169,158144,11.18934,-1.452535,0.737099,-140.6395,10.78125,-16.73828,991.9531,0.0775,0.5225,-4.91125,32,-23,-46,47.22222,True,248,3,37.248909,-80.41814283,10,1.7,,,,410963,1306,171
112,True,,speed-medium_surface-smooth_kitchen_floor_latency-wifi_baseline_route-square0p5x3_attack-none_trial-1,square0p5x3,smooth_kitchen_floor,smooth,medium,wifi_baseline,1,none,0.5,3,smooth,0.076,-0.076,1.59,,-0.2,-0.2,1784648303.7014906,509547906000000,509547906000000,509548625000000,509548265500000,719.0,883.621,883.621,509548.625,509548.625,,508664.6405,True,25,0,0,0,False,0,1007,384,883621,883622,883621,0.021215838,-0.063620603,109163,158390,11.18934,-1.1723,-1.013027,-149.246,26.89453,-10.39063,940.6836,0.4525,3.3975,-23.72375,30,-21,-47,47.77778,True,132,3,37.24890733,-80.418141,10,1.7,,,,411461,1308,172
113,True,,speed-medium_surface-smooth_kitchen_floor_latency-wifi_baseline_route-square0p5x3_attack-none_trial-1,square0p5x3,smooth_kitchen_floor,smooth,medium,wifi_baseline,1,none,0.5,3,smooth,0.076,-0.076,1.59,,-0.2,-0.2,1784648304.835259,509549031000000,509549031000000,509549750000000,509549390500000,719.0,884.747,884.747,509549.75,509549.75,,508664.64249999996,True,25,0,0,0,False,0,1007,385,884747,884748,884747,0.021503891,-0.043081668,109039,158908,11.18934,3.60702,-0.794665,-169.1428,2.96875,-3.554688,990.4883,1.0775,-1.8525,-22.72375,25,-13,-51,47.22222,True,324,3,37.24890817,-80.41813983,10,1.7,,,,412086,1310,172
114,True,,speed-medium_surface-smooth_kitchen_floor_latency-wifi_baseline_route-square0p5x3_attack-none_trial-1,square0p5x3,smooth_kitchen_floor,smooth,medium,wifi_baseline,1,none,0.5,3,smooth,0.076,-0.076,1.59,,-0.2,-0.2,1784648305.7569497,509549953000000,509549953000000,509550656000000,509550304500000,703.0,885.667,885.667,509550.656,509550.656,,508664.6405,True,25,0,0,0,False,0,1007,386,885667,885668,885667,-0.021494675,0,109007,159015,11.18934,4.033497,-1.750436,-166.1404,11.75781,-5.507813,979.7461,-0.36,-0.915,0.02625,20,-14,-53,47.22222,True,118,3,37.24890383,-80.41813733,10,1.7,,,,412582,1312,173
115,True,,speed-medium_surface-smooth_kitchen_floor_latency-wifi_baseline_route-square0p5x3_attack-none_trial-1,square0p5x3,smooth_kitchen_floor,smooth,medium,wifi_baseline,1,none,0.5,3,smooth,0.076,-0.076,1.59,,-0.2,-0.2,1784648306.5556319,509550750000000,509550750000000,509551484000000,509551117000000,734.0,886.471,886.471,509551.484,509551.484,,508664.64249999996,True,25,0,0,0,False,0,1007,387,886471,886473,886471,0,0,108993,159015,11.18934,3.094836,-1.624488,-164.9414,6.386719,-4.042969,980.2344,-0.4225,0.6475,-0.09875,21,-14,-53,47.22222,True,40,3,37.2489025,-80.41813467,10,1.7,,,,413028,1314,174
116,True,,speed-medium_surface-smooth_kitchen_floor_latency-wifi_baseline_route-square0p5x3_attack-none_trial-1,square0p5x3,smooth_kitchen_floor,smooth,medium,wifi_baseline,1,none,0.5,3,smooth,0.076,-0.076,1.59,,-0.2,-0.2,1784648307.3272624,509551531000000,509551531000000,509552171000000,509551851000000,640.0,887.236,887.236,509552.171,509552.171,,508664.6405,True,25,0,0,0,False,0,1007,388,887236,887238,887236,0,0,108993,159015,11.18934,3.267956,-1.833353,-161.2833,6.386719,-3.066406,978.7695,-0.4225,-0.165,-0.16125,19,-16,-54,47.22222,True,79,3,37.24889983,-80.4181345,10,1.7,,,,413428,1316,174
117,True,,speed-medium_surface-smooth_kitchen_floor_latency-wifi_baseline_route-square0p5x3_attack-none_trial-1,square0p5x3,smooth_kitchen_floor,smooth,medium,wifi_baseline,1,none,0.5,3,smooth,0.076,-0.076,1.59,,-0.2,-0.2,1784648308.0212412,509552218000000,509552218000000,509552921000000,509552569500000,703.0,887.931,887.931,509552.921,509552.937,,508664.6405,True,25,0,0,0,False,0,1007,389,887931,887933,887931,0,0,108993,159015,11.18934,2.621187,-1.475808,-160.2156,2.96875,1.816406,980.7227,-0.235,1.335,-0.22375,22,-12,-48,47.22222,True,774,3,37.24889983,-80.4181345,10,1.7,,,,413756,1316,174
118,True,,speed-medium_surface-smooth_kitchen_floor_latency-wifi_baseline_route-square0p5x3_attack-none_trial-1,square0p5x3,smooth_kitchen_floor,smooth,medium,wifi_baseline,1,none,0.5,3,smooth,0.076,-0.076,1.59,,-0.2,-0.2,1784648308.7574701,509552953000000,509552953000000,509553640000000,509553296500000,687.0,888.674,888.674,509553.64,509553.64,,508664.6405,True,25,0,0,0,False,0,1007,390,888674,888675,888674,-0.021494675,-0.107488731,108994,159068,11.18934,3.345962,-3.21618,-165.182,48.86719,-17.22656,960.7031,-2.1725,1.71,-29.91125,20,-15,-52,47.77778,True,64,3,37.248899,-80.41813383,10,1.7,,,,414064,1318,175
119,True,,speed-medium_surface-smooth_kitchen_floor_latency-wifi_baseline_route-square0p5x3_attack-none_trial-1,square0p5x3,smooth_kitchen_floor,smooth,medium,wifi_baseline,1,none,0.5,3,smooth,0.076,-0.076,1.59,,-0.2,-0.2,1784648309.8568676,509554062000000,509554062000000,509554781000000,509554421500000,719.0,889.771,889.771,509554.781,509554.781,,508664.64249999996,True,25,0,0,0,False,0,1007,391,889771,889772,889771,-0.193452075,-0.214977461,109914,160260,11.18934,6.697006,-5.580314,-161.4064,191.9336,153.1836,815.1953,-12.1725,9.21,-8.16125,12,-16,-63,47.22222,True,302,3,37.248897,-80.418132,10,1.7,,,,414575,1320,176
120,True,,speed-medium_surface-smooth_kitchen_floor_latency-wifi_baseline_route-square0p5x3_attack-none_trial-1,square0p5x3,smooth_kitchen_floor,smooth,medium,wifi_baseline,1,none,0.5,3,smooth,0.076,-0.076,1.59,,-0.2,-0.2,1784648310.7669976,509554968000000,509554968000000,509555687000000,509555327500000,719.0,890.693,890.693,509555.687,509555.687,,508664.6405,True,25,0,0,0,False,0,1007,392,890693,890694,890693,-0.193452075,-0.21494675,111036,161454,11.18934,3.502048,-2.280446,-161.2488,8.339844,126.8164,1080.332,-19.735,-1.1025,2.46375,3,-8,-60,47.22222,True,119,3,37.2488975,-80.4181305,10,1.7,,,,415086,1322,177
121,True,,speed-medium_surface-smooth_kitchen_floor_latency-wifi_baseline_route-square0p5x3_attack-none_trial-1,square0p5x3,smooth_kitchen_floor,smooth,medium,wifi_baseline,1,none,0.5,3,smooth,0.076,-0.076,1.59,,-0.2,-0.2,1784648311.6928985,509555890000000,509555890000000,509556609000000,509556249500000,719.0,891.607,891.607,509556.609,509556.609,,508664.6405,True,25,0,0,0,False,0,1007,393,891607,891608,891607,-0.202850381,-0.205124843,112225,162660,11.16489,5.840244,-5.09905,-160.5086,-21.93359,116.5625,903.0859,4.015,0.585,0.71375,3,-18,-52,47.22222,True,114,3,37.24889683,-80.41812917,10,1.7,,,,415597,1324,178
122,True,,speed-medium_surface-smooth_kitchen_floor_latency-wifi_baseline_route-square0p5x3_attack-none_trial-1,square0p5x3,smooth_kitchen_floor,smooth,medium,wifi_baseline,1,none,0.5,3,smooth,0.076,-0.076,1.59,,-0.2,-0.2,1784648312.824772,509557031000000,509557031000000,509557734000000,509557382500000,703.0,892.741,892.741,509557.734,509557.75,,508664.6405,True,25,0,0,0,False,0,1007,394,892741,892743,892741,-0.107473375,-0.107473375,113653,164097,11.16489,3.165577,0.818845,-160.0433,-149.375,-67.51953,1125.254,8.9525,-0.415,-4.41125,2,-6,-40,47.22222,True,332,3,37.24889133,-80.4181225,10,1.7,,,,416224,1326,178
123,True,,speed-medium_surface-smooth_kitchen_floor_latency-wifi_baseline_route-square0p5x3_attack-none_trial-1,square0p5x3,smooth_kitchen_floor,smooth,medium,wifi_baseline,1,none,0.5,3,smooth,0.076,-0.076,1.59,,-0.2,-0.2,1784648313.7429903,509557937000000,509557937000000,509558656000000,509558296500000,719.0,893.671,893.671,509558.656,509558.656,,508664.6405,True,25,0,0,0,False,0,1007,395,893671,893672,893671,0,-0.04598494,113797,164305,11.16489,4.691007,-4.310119,-161.1885,15.17578,-11.85547,998.7891,-0.4225,2.585,-12.59875,2,-10,-40,47.77778,True,128,3,37.248886,-80.418117,10,1.7,,,,416722,1328,179
124,True,,speed-medium_surface-smooth_kitchen_floor_latency-wifi_baseline_route-square0p5x3_attack-none_trial-1,square0p5x3,smooth_kitchen_floor,smooth,medium,wifi_baseline,1,none,0.5,3,smooth,0.076,-0.076,1.59,,-0.2,-0.2,1784648314.6662908,509558875000000,509558875000000,509559578000000,509559226500000,703.0,894.584,894.584,509559.578,509559.578,,508664.6415,True,25,0,0,0,False,0,1007,396,894584,894585,894584,0,-0.063522119,113797,164620,11.16489,7.296564,-6.116869,-167.4393,-0.9375,-24.55078,1016.367,2.89,-1.04,-22.47375,-1,-14,-41,47.22222,True,120,3,37.248887,-80.41811883,10,1.7,,,,417222,1330,180
125,True,,speed-medium_surface-smooth_kitchen_floor_latency-wifi_baseline_route-square0p5x3_attack-none_trial-1,square0p5x3,smooth_kitchen_floor,smooth,medium,wifi_baseline,1,none,0.5,3,smooth,0.076,-0.076,1.59,,-0.2,-0.2,1784648315.7904947,509559984000000,509559984000000,509560703000000,509560343500000,719.0,895.704,895.704,509560.703,509560.703,,508664.6415,True,25,0,0,0,False,0,1007,397,895704,895705,895704,0.021506965,-0.043063173,113686,165090,11.16489,13.56735,-12.88281,-161.9648,24.94141,1.816406,965.0977,-0.5475,-2.29,-15.09875,-5,-25,-37,47.22222,True,318,3,37.24889,-80.4181215,10,1.7,,,,417851,1332,180
126,True,,speed-medium_surface-smooth_kitchen_floor_latency-wifi_baseline_route-square0p5x3_attack-none_trial-1,square0p5x3,smooth_kitchen_floor,smooth,medium,wifi_baseline,1,none,0.5,3,smooth,0.076,-0.076,1.59,,-0.2,-0.2,1784648316.7459288,509560953000000,509560953000000,509561625000000,509561289000000,672.0,896.653,896.653,509561.625,509561.625,,508664.6405,True,25,0,0,0,False,0,1007,398,896653,896654,896653,0,0,113687,165100,11.16489,10.58792,-14.25443,-149.8398,-0.9375,-4.042969,978.7695,-0.0475,-14.79,-0.47375,-7,-26,-39,47.22222,True,148,3,37.24888967,-80.41812333,10,1.7,,,,418364,1334,181
127,True,,speed-medium_surface-smooth_kitchen_floor_latency-wifi_baseline_route-square0p5x3_attack-none_trial-1,square0p5x3,smooth_kitchen_floor,smooth,medium,wifi_baseline,1,none,0.5,3,smooth,0.076,-0.076,1.59,,-0.2,-0.2,1784648317.457776,509561656000000,509561656000000,509562343000000,509561999500000,687.0,897.369,897.369,509562.343,509562.343,,508664.6395,True,25,0,0,0,False,0,1007,399,897369,897371,897369,0,0,113687,165100,11.16489,7.840282,-13.4467,-137.201,0.039063,-4.53125,979.2578,0.015,0.6475,0.02625,-8,-25,-40,47.22222,True,71,3,37.24889,-80.41812517,10,1.7,,,,418710,1336,182
128,True,,speed-medium_surface-smooth_kitchen_floor_latency-wifi_baseline_route-square0p5x3_attack-none_trial-1,square0p5x3,smooth_kitchen_floor,smooth,medium,wifi_baseline,1,none,0.5,3,smooth,0.076,-0.076,1.59,,-0.2,-0.2,1784648318.4536684,509562656000000,509562656000000,509563359000000,509563007500000,703.0,898.362,898.362,509563.359,509563.359,,508664.6395,True,25,0,0,0,False,0,1007,400,898362,898364,898362,0,0,113687,165100,11.16489,4.143445,-10.97135,-120.401,1.015625,-8.4375,979.7461,-0.0475,0.2725,0.15125,-7,-26,-40,47.22222,True,94,3,37.24888817,-80.41812367,10,1.7,,,,419348,1338,182
129,True,,speed-medium_surface-smooth_kitchen_floor_latency-wifi_baseline_route-square0p5x3_attack-none_trial-1,square0p5x3,smooth_kitchen_floor,smooth,medium,wifi_baseline,1,none,0.5,3,smooth,0.076,-0.076,1.59,,-0.2,-0.2,1784648319.2037976,509563406000000,509563406000000,509564078000000,509563742000000,672.0,899.112,899.112,509564.078,509564.078,,508664.6395,True,25,0,0,0,False,0,1007,401,899112,899114,899112,0,-0.043001636,113687,165104,11.16489,1.919503,-9.591749,-113.6519,43.00781,-58.24219,978.7695,-1.1725,-4.04,-3.97375,-2,-29,-40,47.22222,True,47,3,37.248886,-80.41812217,10,1.7,,,,419735,1340,182
130,True,,speed-medium_surface-smooth_kitchen_floor_latency-wifi_baseline_route-square0p5x3_attack-none_trial-1,square0p5x3,smooth_kitchen_floor,smooth,medium,wifi_baseline,1,none,0.5,3,smooth,0.076,-0.076,1.59,,-0.2,-0.2,1784648319.9159706,509564125000000,509564125000000,509564765000000,509564445000000,640.0,899.825,899.825,509564.765,509564.765,,508664.6395,True,25,0,0,0,False,0,1007,402,899825,899826,899825,-0.107442677,-0.150462725,113725,165654,11.16489,4.087145,-12.68749,-107.2352,111.8555,104.8438,1074.473,-2.7975,3.3975,-14.91125,-8,-41,-38,47.22222,True,759,3,37.248886,-80.41812217,10,1.7,,,,420006,1340,183
131,True,,speed-medium_surface-smooth_kitchen_floor_latency-wifi_baseline_route-square0p5x3_attack-none_trial-1,square0p5x3,smooth_kitchen_floor,smooth,medium,wifi_baseline,1,none,0.5,3,smooth,0.076,-0.076,1.59,,-0.2,-0.2,1784648320.7068963,509564906000000,509564906000000,509565625000000,509565265500000,719.0,900.638,900.638,509565.625,509565.625,,508664.6395,True,25,0,0,0,False,0,1007,403,900638,900639,900638,-0.1616389,-0.184701826,114365,166519,11.16489,-0.121272,-6.576677,-100.7528,153.3594,-63.125,931.8945,6.14,4.2725,-7.28625,-3,-34,-39,47.22222,True,77,3,37.24888417,-80.41812367,10,1.7,,,,420373,1342,184
132,True,,speed-medium_surface-smooth_kitchen_floor_latency-wifi_baseline_route-square0p5x3_attack-none_trial-1,square0p5x3,smooth_kitchen_floor,smooth,medium,wifi_baseline,1,none,0.5,3,smooth,0.076,-0.076,1.59,,-0.2,-0.2,1784648321.834518,509566031000000,509566031000000,509566734000000,509566382500000,703.0,901.747,901.747,509566.734,509566.734,,508664.6385,True,25,0,0,0,False,0,1007,404,901747,901748,901747,-0.193452075,-0.193452075,115687,167957,11.16505,0.961191,-2.767933,-93.05385,-84.92188,74.08203,1082.773,15.39,-5.665,-5.22375,-5,-43,-38,47.22222,True,306,3,37.24888217,-80.41812333,10,1.7,,,,421013,1344,184
133,True,,speed-medium_surface-smooth_kitchen_floor_latency-wifi_baseline_route-square0p5x3_attack-none_trial-1,square0p5x3,smooth_kitchen_floor,smooth,medium,wifi_baseline,1,none,0.5,3,smooth,0.076,-0.076,1.59,,-0.2,-0.2,1784648322.754438,509566953000000,509566953000000,509567671000000,509567312000000,718.0,902.664,902.664,509567.671,509567.671,,508664.6385,True,25,0,0,0,False,0,1007,405,902664,902665,902664,-0.193452075,-0.21494675,116864,169194,11.16505,2.81568,0.623708,-95.94704,39.10156,123.3984,1041.27,-14.735,1.71,0.33875,4,-42,-41,47.22222,True,115,3,37.2488815,-80.4181245,10,1.7,,,,421511,1346,185
134,True,,speed-medium_surface-smooth_kitchen_floor_latency-wifi_baseline_route-square0p5x3_attack-none_trial-1,square0p5x3,smooth_kitchen_floor,smooth,medium,wifi_baseline,1,none,0.5,3,smooth,0.076,-0.076,1.59,,-0.2,-0.2,1784648323.5483973,509567750000000,509567750000000,509568484000000,509568117000000,734.0,903.474,903.474,509568.484,509568.484,,508664.6395,True,25,0,0,0,False,0,1007,406,903474,903475,903474,-0.156568913,-0.178909304,117915,170255,11.16505,2.297408,2.063416,-94.9623,-99.57031,149.7656,1067.637,-9.61,8.71,-3.47375,3,-37,-46,47.77778,True,58,3,37.24888133,-80.41812567,10,1.7,,,,421961,1348,186
135,True,,speed-medium_surface-smooth_kitchen_floor_latency-wifi_baseline_route-square0p5x3_attack-none_trial-1,square0p5x3,smooth_kitchen_floor,smooth,medium,wifi_baseline,1,none,0.5,3,smooth,0.076,-0.076,1.59,,-0.2,-0.2,1784648324.3257062,509568531000000,509568531000000,509569203000000,509568867000000,672.0,904.234,904.234,509569.203,509569.203,,508664.6385,True,25,0,0,0,False,0,1007,407,904234,904236,904234,-0.043975661,-0.02202001,118384,170721,11.16505,1.156613,-0.337209,-91.53206,-38.53516,60.41016,1053.965,-0.5475,6.1475,-1.91125,-1,-40,-49,47.22222,True,77,3,37.24888217,-80.41812917,10,1.7,,,,422357,1350,186
136,True,,speed-medium_surface-smooth_kitchen_floor_latency-wifi_baseline_route-square0p5x3_attack-none_trial-1,square0p5x3,smooth_kitchen_floor,smooth,medium,wifi_baseline,1,none,0.5,3,smooth,0.076,-0.076,1.59,,-0.2,-0.2,1784648325.066846,509569265000000,509569265000000,509569921000000,509569593000000,656.0,904.974,904.974,509569.921,509569.921,,508664.6375,True,25,0,0,0,False,0,1007,408,904974,904976,904974,0,0,118513,170833,11.16505,0.011074,-1.172382,-90.05435,7.363281,-28.45703,997.3242,-0.735,-0.8525,4.21375,-3,-44,-48,47.22222,True,26,3,37.24888533,-80.41813333,10,1.7,,,,422735,1351,186
137,True,,speed-medium_surface-smooth_kitchen_floor_latency-wifi_baseline_route-square0p5x3_attack-none_trial-1,square0p5x3,smooth_kitchen_floor,smooth,medium,wifi_baseline,1,none,0.5,3,smooth,0.076,-0.076,1.59,,-0.2,-0.2,1784648325.7631652,509569968000000,509569968000000,509570640000000,509570304000000,672.0,905.669,905.669,509570.64,509570.64,,508664.636,True,25,0,0,0,False,0,1007,409,905669,905670,905669,0,-0.064447198,118513,171014,11.16505,-0.18794,-1.041144,-96.07645,21.03516,-6.484375,989.5117,-1.735,1.5225,-18.41125,3,-48,-47,47.22222,True,57,3,37.24888533,-80.41813333,9,1.76,,,,423003,1352,187
138,True,,speed-medium_surface-smooth_kitchen_floor_latency-wifi_baseline_route-square0p5x3_attack-none_trial-1,square0p5x3,smooth_kitchen_floor,smooth,medium,wifi_baseline,1,none,0.5,3,smooth,0.076,-0.076,1.59,,-0.2,-0.2,1784648326.5966284,509570796000000,509570796000000,509571562000000,509571179000000,766.0,906.518,906.518,509571.562,509571.562,,508664.636,True,25,0,0,0,False,0,1007,410,906518,906520,906518,0.020552209,-0.061589327,118488,171369,11.16505,-0.178535,0.450194,-103.4998,-9.726563,-7.949219,968.0273,-0.4225,-2.79,-23.53625,12,-53,-47,47.77778,True,59,3,37.24888867,-80.418136,10,1.7,,,,423495,1354,188
139,True,,speed-medium_surface-smooth_kitchen_floor_latency-wifi_baseline_route-square0p5x3_attack-none_trial-1,square0p5x3,smooth_kitchen_floor,smooth,medium,wifi_baseline,1,none,0.5,3,smooth,0.076,-0.076,1.59,,-0.2,-0.2,1784648327.4047022,509571609000000,509571609000000,509572234000000,509571921500000,625.0,907.313,907.313,509572.234,509572.234,,508664.63550000003,True,25,0,0,0,False,0,1007,411,907313,907315,907313,0.064484025,-0.064465606,118259,171711,11.16505,1.22876,-3.100339,-119.6704,43.98438,-25.52734,936.7773,0.64,6.2725,-41.47375,18,-56,-45,47.22222,True,93,3,37.24889083,-80.41813783,9,1.75,,,,423925,1356,188
140,True,,speed-medium_surface-smooth_kitchen_floor_latency-wifi_baseline_route-square0p5x3_attack-none_trial-1,square0p5x3,smooth_kitchen_floor,smooth,medium,wifi_baseline,1,none,0.5,3,smooth,0.076,-0.076,1.59,,-0.2,-0.2,1784648328.4775474,509572671000000,509572671000000,509573406000000,509573038500000,735.0,908.387,908.387,509573.406,509573.406,,508664.63550000003,True,25,0,0,0,False,0,1007,412,908387,908389,908387,0.01880079,-0.037582796,117861,172204,11.16505,1.420842,-0.810661,-129.6502,-1.425781,8.164063,982.6758,0.0775,-2.04,-17.41125,34,-50,-45,47.22222,True,75,3,37.24889,-80.4181385,10,1.7,,,,424647,1358,188
141,True,,speed-medium_surface-smooth_kitchen_floor_latency-wifi_baseline_route-square0p5x3_attack-none_trial-1,square0p5x3,smooth_kitchen_floor,smooth,medium,wifi_baseline,1,none,0.5,3,smooth,0.076,-0.076,1.59,,-0.2,-0.2,1784648329.409589,509573609000000,509573609000000,509574328000000,509573968500000,719.0,909.321,909.321,509574.328,509574.328,,508664.636,True,25,0,0,0,False,0,1007,413,909321,909323,909321,0,0,117786,172271,11.16505,0.719421,-1.327897,-127.5781,6.875,-0.625,978.2813,-0.235,-1.2275,-0.09875,34,-49,-46,47.22222,True,79,3,37.24889067,-80.41814083,10,1.7,,,,425225,1360,188
142,True,,speed-medium_surface-smooth_kitchen_floor_latency-wifi_baseline_route-square0p5x3_attack-none_trial-1,square0p5x3,smooth_kitchen_floor,smooth,medium,wifi_baseline,1,none,0.5,3,smooth,0.076,-0.076,1.59,,-0.2,-0.2,1784648330.156303,509574359000000,509574359000000,509575046000000,509574702500000,687.0,910.067,910.067,509575.046,509575.046,,508664.63550000003,True,25,0,0,0,False,0,1007,414,910067,910069,910067,0,0,117786,172271,11.16505,0.303184,-1.299701,-126.5975,8.828125,-0.136719,979.2578,-0.4225,1.7725,0.27625,34,-48,-44,47.22222,True,10,3,37.24889,-80.41814,10,1.7,,,,425607,1362,188
143,True,,speed-medium_surface-smooth_kitchen_floor_latency-wifi_baseline_route-square0p5x3_attack-none_trial-1,square0p5x3,smooth_kitchen_floor,smooth,medium,wifi_baseline,1,none,0.5,3,smooth,0.076,-0.076,1.59,,-0.2,-0.2,1784648330.873426,509575078000000,509575078000000,509575765000000,509575421500000,687.0,910.784,910.784,509575.765,509575.765,,508664.636,True,25,0,0,0,False,0,1007,415,910784,910785,910784,0,-0.021494675,117786,172272,11.16505,-0.1211,-0.548729,-127.1127,10.78125,1.816406,975.8398,0.015,0.8975,-0.03625,39,-49,-41,47.22222,True,726,3,37.24889,-80.41814,10,1.7,,,,425917,1362,188
144,True,,speed-medium_surface-smooth_kitchen_floor_latency-wifi_baseline_route-square0p5x3_attack-none_trial-1,square0p5x3,smooth_kitchen_floor,smooth,medium,wifi_baseline,1,none,0.5,3,smooth,0.076,-0.076,1.59,,-0.2,-0.2,1784648331.603737,509575812000000,509575812000000,509576578000000,509576195000000,766.0,911.513,911.513,509576.578,509576.578,,508664.636,True,25,0,0,0,False,0,1007,416,911513,911515,911513,0,-0.094003952,117787,172345,11.16505,0.414777,-2.969034,-133.1316,31.77734,3.28125,955.8203,0.265,2.585,-24.16125,36,-50,-46,48.33333,True,92,3,37.24889033,-80.41813983,10,1.7,,,,426274,1364,189
145,True,,speed-medium_surface-smooth_kitchen_floor_latency-wifi_baseline_route-square0p5x3_attack-none_trial-1,square0p5x3,smooth_kitchen_floor,smooth,medium,wifi_baseline,1,none,0.5,3,smooth,0.076,-0.076,1.59,,-0.2,-0.2,1784648332.5450764,509576750000000,509576750000000,509577500000000,509577125000000,750.0,912.476,912.476,509577.5,509577.5,,508664.6375,True,25,0,0,0,False,0,1007,417,912476,912477,912476,-0.156313309,-0.200974254,118532,173353,11.14221,0.592592,-2.770555,-132.6216,40.56641,-214.0039,1602.793,7.5775,-7.6025,-6.66125,37,-46,-41,47.22222,True,139,3,37.24888883,-80.418139,10,1.7,,,,426867,1366,189
146,True,,speed-medium_surface-smooth_kitchen_floor_latency-wifi_baseline_route-square0p5x3_attack-none_trial-1,square0p5x3,smooth_kitchen_floor,smooth,medium,wifi_baseline,1,none,0.5,3,smooth,0.076,-0.076,1.59,,-0.2,-0.2,1784648333.508348,509577703000000,509577703000000,509578421000000,509578062000000,718.0,913.417,913.417,509578.421,509578.421,,508664.6375,True,25,0,0,0,False,0,1007,418,913417,913419,913417,-0.193452075,-0.214977461,119637,174564,11.14221,3.404264,-2.25361,-131.1398,-32.1875,97.51953,1102.305,-26.1725,-8.4775,1.83875,34,-53,-38,47.22222,True,88,3,37.248888,-80.41814067,10,1.7,,,,427455,1368,189
147,True,,speed-medium_surface-smooth_kitchen_floor_latency-wifi_baseline_route-square0p5x3_attack-none_trial-1,square0p5x3,smooth_kitchen_floor,smooth,medium,wifi_baseline,1,none,0.5,3,smooth,0.076,-0.076,1.59,,-0.2,-0.2,1784648334.4190364,509578625000000,509578625000000,509579343000000,509578984000000,718.0,914.345,914.345,509579.343,509579.343,,508664.6375,True,25,0,0,0,False,0,1007,419,914345,914347,914345,-0.20418337,-0.204044921,120822,175797,11.14221,-0.473729,-2.697954,-133.6292,242.7148,2.792969,983.6523,8.5775,6.46,1.96375,42,-45,-40,47.22222,True,93,3,37.2488875,-80.41814133,10,1.7,,,,428026,1370,189
148,True,,speed-medium_surface-smooth_kitchen_floor_latency-wifi_baseline_route-square0p5x3_attack-none_trial-1,square0p5x3,smooth_kitchen_floor,smooth,medium,wifi_baseline,1,none,0.5,3,smooth,0.076,-0.076,1.59,,-0.2,-0.2,1784648335.1709845,509579375000000,509579375000000,509580046000000,509579710500000,671.0,915.109,915.109,509580.046,509580.046,,508664.6375,True,25,0,0,0,False,0,1007,420,915109,915110,915109,-0.155505548,-0.17774687,121801,176801,11.14221,-0.845252,3.509661,-138.4068,-105.918,-39.6875,1050.547,6.3275,2.2725,-2.22375,52,-42,-44,47.77778,True,53,3,37.248889,-80.41814167,10,1.7,,,,428426,1372,189
149,True,,speed-medium_surface-smooth_kitchen_floor_latency-wifi_baseline_route-square0p5x3_attack-none_trial-1,square0p5x3,smooth_kitchen_floor,smooth,medium,wifi_baseline,1,none,0.5,3,smooth,0.076,-0.076,1.59,,-0.2,-0.2,1784648335.89208,509580093000000,509580093000000,509580875000000,509580484000000,782.0,915.802,915.802,509580.875,509580.875,,508664.6375,True,25,0,0,0,False,0,1007,421,915802,915803,915802,-0.042977071,-0.0859787,122249,177227,11.14221,0.686815,1.338423,-136.499,3.457031,-22.59766,1008.555,-0.735,-3.6025,-0.97375,45,-47,-49,47.22222,True,746,3,37.248889,-80.41814167,10,1.7,,,,428712,1372,190
150,True,,speed-medium_surface-smooth_kitchen_floor_latency-wifi_baseline_route-square0p5x3_attack-none_trial-1,square0p5x3,smooth_kitchen_floor,smooth,medium,wifi_baseline,1,none,0.5,3,smooth,0.076,-0.076,1.59,,-0.2,-0.2,1784648336.7875628,509580984000000,509580984000000,509581906000000,509581445000000,922.0,916.824,916.824,509581.906,509581.906,,508664.636,True,25,0,0,0,False,0,1007,422,916824,916825,916824,0,-0.04298935,122469,177460,11.14221,-1.33927,-1.15942,-138.1075,14.6875,-11.85547,997.8125,0.4525,-0.6025,-8.91125,47,-42,-48,47.22222,True,275,3,37.24888967,-80.4181425,10,1.7,,,,429096,1374,191
151,True,,speed-medium_surface-smooth_kitchen_floor_latency-wifi_baseline_route-square0p5x3_attack-none_trial-1,square0p5x3,smooth_kitchen_floor,smooth,medium,wifi_baseline,1,none,0.5,3,smooth,0.076,-0.076,1.59,,-0.2,-0.2,1784648337.7942328,509582000000000,509582000000000,509582734000000,509582367000000,734.0,917.788,917.788,509582.734,509582.734,,508664.63550000003,True,25,0,0,0,False,0,1007,423,917788,917789,917788,0.023148112,-0.069444335,122453,177805,11.14221,3.345305,-0.695072,-158.7122,-45.85938,22.8125,1006.602,1.39,2.5225,-30.28625,53,-34,-52,47.22222,True,213,3,37.248891,-80.418145,10,1.7,,,,429480,1376,192
152,True,,speed-medium_surface-smooth_kitchen_floor_latency-wifi_baseline_route-square0p5x3_attack-none_trial-1,square0p5x3,smooth_kitchen_floor,smooth,medium,wifi_baseline,1,none,0.5,3,smooth,0.076,-0.076,1.59,,-0.2,-0.2,1784648338.5691745,509582765000000,509582765000000,509583546000000,509583155500000,781.0,918.498,918.498,509583.546,509583.546,,508664.6375,True,25,0,0,0,False,0,1007,424,918498,918499,918498,0.044548549,-0.066852514,122307,178124,11.14221,2.921854,-0.406409,-166.5582,0.039063,-22.10938,981.6992,0.7025,-4.665,-32.72375,51,-23,-49,47.22222,True,64,3,37.24889583,-80.418147,10,1.7,,,,429822,1378,193
153,True,,speed-medium_surface-smooth_kitchen_floor_latency-wifi_baseline_route-square0p5x3_attack-none_trial-1,square0p5x3,smooth_kitchen_floor,smooth,medium,wifi_baseline,1,none,0.5,3,smooth,0.076,-0.076,1.59,,-0.2,-0.2,1784648339.373371,509583578000000,509583578000000,509584265000000,509583921500000,687.0,919.282,919.282,509584.265,509584.265,,508664.6375,True,25,0,0,0,False,0,1007,425,919282,919284,919282,0,-0.021531586,122055,178456,11.14221,2.260574,-2.374353,-173.5857,60.58594,37.94922,956.7969,0.4525,3.46,-9.97375,43,-9,-52,47.22222,True,58,3,37.24889533,-80.41814517,10,1.7,,,,430245,1380,193
154,True,,speed-medium_surface-smooth_kitchen_floor_latency-wifi_baseline_route-square0p5x3_attack-none_trial-1,square0p5x3,smooth_kitchen_floor,smooth,medium,wifi_baseline,1,none,0.5,3,smooth,0.076,-0.076,1.59,,-0.2,-0.2,1784648340.1089375,509584312000000,509584312000000,509584984000000,509584648000000,672.0,920.024,920.024,509584.984,509584.984,,508664.6375,True,25,0,0,0,False,0,1007,426,920024,920025,920024,0,0.021510039,122055,178464,11.14221,1.003834,-1.064669,-173.3371,1.015625,5.722656,979.7461,-0.61,0.585,0.52625,42,-5,-51,47.22222,True,33,3,37.2488955,-80.41814517,10,1.7,,,,430624,1381,193
155,True,,speed-medium_surface-smooth_kitchen_floor_latency-wifi_baseline_route-square0p5x3_attack-none_trial-1,square0p5x3,smooth_kitchen_floor,smooth,medium,wifi_baseline,1,none,0.5,3,smooth,0.076,-0.076,1.59,,-0.2,-0.2,1784648340.8748465,509585078000000,509585078000000,509585734000000,509585406000000,656.0,920.794,920.794,509585.734,509585.734,,508664.6375,True,25,0,0,0,False,0,1007,427,920794,920796,920794,0,0,122055,178464,11.14221,0.57141,-0.715055,-172.5557,7.363281,16.95313,978.7695,0.2025,-0.915,0.15125,40,-5,-51,47.22222,True,114,3,37.2488955,-80.41814517,10,1.7,,,,430976,1382,194
156,True,,speed-medium_surface-smooth_kitchen_floor_latency-wifi_baseline_route-square0p5x3_attack-none_trial-1,square0p5x3,smooth_kitchen_floor,smooth,medium,wifi_baseline,1,none,0.5,3,smooth,0.076,-0.076,1.59,,-0.2,-0.2,1784648341.6169562,509585812000000,509585812000000,509586515000000,509586163500000,703.0,921.536,921.536,509586.515,509586.515,,508664.6375,True,25,0,0,0,False,0,1007,428,921536,921538,921536,0,0,122055,178464,11.14221,0.564308,-0.649402,-172.1716,10.29297,3.28125,981.6992,0.5775,1.3975,0.08875,43,-7,-52,47.22222,True,43,3,37.24889633,-80.41814633,10,1.7,,,,431345,1384,195
157,True,,speed-medium_surface-smooth_kitchen_floor_latency-wifi_baseline_route-square0p5x3_attack-none_trial-1,square0p5x3,smooth_kitchen_floor,smooth,medium,wifi_baseline,1,none,0.5,3,smooth,0.076,-0.076,1.59,,-0.2,-0.2,1784648342.6604254,509586859000000,509586859000000,509587546000000,509587202500000,687.0,922.579,922.579,509587.546,509587.546,,508664.6375,True,25,0,0,0,False,0,1007,429,922579,922580,922579,0,0,122055,178464,11.20926,0.633002,-0.520478,-171.6517,9.316406,1.328125,981.2109,0.2025,0.5225,0.15125,43,-8,-51,47.77778,True,227,3,37.24889567,-80.418147,10,1.7,,,,431970,1386,195
158,True,,speed-medium_surface-smooth_kitchen_floor_latency-wifi_baseline_route-square0p5x3_attack-none_trial-1,square0p5x3,smooth_kitchen_floor,smooth,medium,wifi_baseline,1,none,0.5,3,smooth,0.076,-0.076,1.59,,-0.2,-0.2,1784648343.695323,509587890000000,509587890000000,509588671000000,509588280500000,781.0,923.624,923.624,509588.671,509588.671,,508664.6375,True,25,0,0,0,False,0,1007,430,923624,923625,923624,0,0,122055,178464,11.20926,0.36277,-0.563753,-171.4738,8.828125,4.257813,981.2109,-0.485,-1.2275,-0.03625,44,-7,-52,47.22222,True,244,3,37.248898,-80.4181485,10,1.7,,,,432595,1388,195
159,True,,speed-medium_surface-smooth_kitchen_floor_latency-wifi_baseline_route-square0p5x3_attack-none_trial-1,square0p5x3,smooth_kitchen_floor,smooth,medium,wifi_baseline,1,none,0.5,3,smooth,0.076,-0.076,1.59,,-0.2,-0.2,1784648344.7630203,509588968000000,509588968000000,509589671000000,509589319500000,703.0,924.683,924.683,509589.671,509589.671,,508664.63649999996,True,25,0,0,0,False,0,1007,431,924683,924684,924683,0,0,122055,178464,11.20926,0.400931,-0.710501,-171.0495,10.29297,2.304688,982.1875,-0.235,-1.2275,0.08875,43,-8,-51,47.22222,True,257,3,37.248897,-80.41814933,9,1.86,,,,433216,1390,195
