run_id,full_dataset_name,category,physical_recording,surface,speed,route,has_aligned_gt,data_available,duration_s,rows,used_for_calibration,notes
_smoke_attack_campai,_smoke_attack_campaign,OTHER_DEV,N/A,unknown,unknown,unknown,NO,METADATA_ONLY,N/A,N/A,UNKNOWN,Development/calibration
_smoke_attack_campai,_smoke_attack_campaign_manifest,OTHER_DEV,N/A,unknown,unknown,unknown,NO,METADATA_ONLY,N/A,N/A,UNKNOWN,Development/calibration
apriltag_carpet_2x1_,apriltag_carpet_2x1_fidelity,APRILTAG_DEV,N/A,carpet,unknown,square_2x1,NO,METADATA_ONLY,N/A,N/A,UNKNOWN,Larger route development
apriltag_carpet_2x1_,apriltag_carpet_2x1_fidelity_full,APRILTAG_DEV,N/A,carpet,unknown,square_2x1,NO,METADATA_ONLY,N/A,N/A,UNKNOWN,Larger route development
apriltag_carpet_2x1_,apriltag_carpet_2x1_full,APRILTAG_DEV,N/A,carpet,unknown,square_2x1,NO,METADATA_ONLY,N/A,N/A,UNKNOWN,Larger route development
apriltag_carpet_2x1_,apriltag_carpet_2x1_full_1x_calibrated,APRILTAG_DEV,N/A,carpet,unknown,square_2x1,NO,METADATA_ONLY,N/A,N/A,UNKNOWN,Larger route development
apriltag_carpet_2x1_,apriltag_carpet_2x1_full_1x_continuity_repaired,APRILTAG_DEV,N/A,carpet,unknown,square_2x1,NO,METADATA_ONLY,N/A,N/A,UNKNOWN,Larger route development
apriltag_carpet_2x1_,apriltag_carpet_2x1_full_1x_elevation_corrected,APRILTAG_DEV,N/A,carpet,unknown,square_2x1,NO,METADATA_ONLY,N/A,N/A,UNKNOWN,Larger route development
apriltag_carpet_2x1_,apriltag_carpet_2x1_quick,APRILTAG_DEV,N/A,carpet,unknown,square_2x1,NO,METADATA_ONLY,N/A,N/A,UNKNOWN,Larger route development
apriltag_carpet_2x1_,apriltag_carpet_2x1_quick_1x_calibrated,APRILTAG_DEV,N/A,carpet,unknown,square_2x1,NO,METADATA_ONLY,N/A,N/A,UNKNOWN,Larger route development
apriltag_carpet_2x1_,apriltag_carpet_2x1_temporal_calibration,APRILTAG_DEV,N/A,carpet,unknown,square_2x1,NO,METADATA_ONLY,N/A,N/A,UNKNOWN,Larger route development
apriltag_carpet_2x1_,apriltag_carpet_2x1_turn_audit,APRILTAG_DEV,N/A,carpet,unknown,square_2x1,NO,METADATA_ONLY,N/A,N/A,UNKNOWN,Larger route development
apriltag_carpet_low_,apriltag_carpet_low_speed_2m,OTHER_DEV,N/A,unknown,unknown,unknown,NO,METADATA_ONLY,N/A,N/A,UNKNOWN,Development/calibration
apriltag_carpet_low_,apriltag_carpet_low_speed_2m_full,OTHER_DEV,N/A,unknown,unknown,unknown,NO,METADATA_ONLY,N/A,N/A,UNKNOWN,Development/calibration
apriltag_motion_cali,apriltag_motion_calibration,OTHER_DEV,N/A,unknown,unknown,unknown,NO,METADATA_ONLY,N/A,N/A,UNKNOWN,Development/calibration
apriltag_still,apriltag_still,OTHER_DEV,N/A,unknown,unknown,unknown,NO,METADATA_ONLY,N/A,N/A,UNKNOWN,Development/calibration
apriltag_still2,apriltag_still2,OTHER_DEV,N/A,unknown,unknown,unknown,NO,METADATA_ONLY,N/A,N/A,UNKNOWN,Development/calibration
apriltag_still3,apriltag_still3,OTHER_DEV,N/A,unknown,unknown,unknown,NO,METADATA_ONLY,N/A,N/A,UNKNOWN,Development/calibration
apriltag_temporal_ca,apriltag_temporal_calibration,OTHER_DEV,N/A,unknown,unknown,unknown,NO,METADATA_ONLY,N/A,N/A,UNKNOWN,Development/calibration
apriltag_trapezoid_e,apriltag_trapezoid_every_frame,APRILTAG_DEV,N/A,unknown,unknown,trapezoid,NO,METADATA_ONLY,N/A,N/A,UNKNOWN,Route calibration/development
apriltag_trapezoid_f,apriltag_trapezoid_fidelity,APRILTAG_DEV,N/A,unknown,unknown,trapezoid,NO,METADATA_ONLY,N/A,N/A,UNKNOWN,Route calibration/development
apriltag_trapezoid_f,apriltag_trapezoid_fidelity_calibrated,APRILTAG_DEV,N/A,unknown,unknown,trapezoid,NO,METADATA_ONLY,N/A,N/A,UNKNOWN,Route calibration/development
apriltag_trapezoid_l,apriltag_trapezoid_layout_smoke,APRILTAG_DEV,N/A,unknown,unknown,trapezoid,NO,METADATA_ONLY,N/A,N/A,UNKNOWN,Route calibration/development
apriltag_trapezoid_m,apriltag_trapezoid_metric,APRILTAG_DEV,N/A,unknown,unknown,trapezoid,NO,VIDEO,N/A,N/A,UNKNOWN,Route calibration/development
apriltag_trapezoid_t,apriltag_trapezoid_tracked,APRILTAG_DEV,N/A,unknown,unknown,trapezoid,NO,METADATA_ONLY,N/A,N/A,UNKNOWN,Route calibration/development
apriltag_trapezoid_t,apriltag_trapezoid_tracking_smoke,APRILTAG_DEV,N/A,unknown,unknown,trapezoid,NO,METADATA_ONLY,N/A,N/A,UNKNOWN,Route calibration/development
apriltag_trial1_chec,apriltag_trial1_check,APRILTAG_DEV,N/A,unknown,unknown,square_1.5m,NO,METADATA_ONLY,N/A,N/A,UNKNOWN,
apriltag_trial1_ever,apriltag_trial1_every_frame,APRILTAG_DEV,N/A,unknown,unknown,square_1.5m,NO,METADATA_ONLY,N/A,N/A,UNKNOWN,
apriltag_trial1_fide,apriltag_trial1_fidelity,APRILTAG_DEV,N/A,unknown,unknown,square_1.5m,NO,METADATA_ONLY,N/A,N/A,UNKNOWN,
apriltag_trial1_froz,apriltag_trial1_frozen_validation,VALIDATION_CANDIDATE,N/A,unknown,unknown,square_1.5m,NO,VIDEO,N/A,N/A,UNKNOWN,Validation candidate
apriltag_trial1_full,apriltag_trial1_full_check,APRILTAG_DEV,N/A,unknown,unknown,square_1.5m,NO,METADATA_ONLY,N/A,N/A,UNKNOWN,
apriltag_trial1_squa,apriltag_trial1_square_1p5_elevation_corrected,APRILTAG_DEV,N/A,unknown,unknown,square_1.5m,NO,METADATA_ONLY,N/A,N/A,UNKNOWN,
apriltag_trial1_squa,apriltag_trial1_square_1p5_elevation_fidelity,APRILTAG_DEV,N/A,unknown,unknown,square_1.5m,NO,METADATA_ONLY,N/A,N/A,UNKNOWN,
apriltag_trial1_squa,apriltag_trial1_square_1p5_frozen_validation,VALIDATION_CANDIDATE,N/A,unknown,unknown,square_1.5m,NO,VIDEO,N/A,N/A,UNKNOWN,Validation candidate
apriltag_trial1_squa,apriltag_trial1_square_1p5_landscape_corrected,APRILTAG_DEV,N/A,unknown,unknown,square_1.5m,NO,METADATA_ONLY,N/A,N/A,UNKNOWN,
apriltag_trial1_squa,apriltag_trial1_square_1p5_landscape_fidelity,APRILTAG_DEV,N/A,unknown,unknown,square_1.5m,NO,METADATA_ONLY,N/A,N/A,UNKNOWN,
apriltag_trial1_squa,apriltag_trial1_square_1p5_tracking,APRILTAG_DEV,N/A,unknown,unknown,square_1.5m,NO,METADATA_ONLY,N/A,N/A,UNKNOWN,
apriltag_trial1_trac,apriltag_trial1_tracker_smoke,APRILTAG_DEV,N/A,unknown,unknown,square_1.5m,NO,METADATA_ONLY,N/A,N/A,UNKNOWN,
apriltag_trial1_usef,apriltag_trial1_useful_frames,APRILTAG_DEV,N/A,unknown,unknown,square_1.5m,NO,METADATA_ONLY,N/A,N/A,UNKNOWN,
apriltag_trial1_vali,apriltag_trial1_validation_tracking,APRILTAG_DEV,N/A,unknown,unknown,square_1.5m,NO,METADATA_ONLY,N/A,N/A,UNKNOWN,
apriltag_turn_event_,apriltag_turn_event_audit,OTHER_DEV,N/A,unknown,unknown,unknown,NO,METADATA_ONLY,N/A,N/A,UNKNOWN,Development/calibration
bench_telemetry,bench_telemetry,OTHER_DEV,N/A,unknown,unknown,unknown,NO,METADATA_ONLY,N/A,N/A,UNKNOWN,Development/calibration
camera_calibration,camera_calibration,OTHER_DEV,N/A,unknown,unknown,unknown,NO,METADATA_ONLY,N/A,N/A,UNKNOWN,Development/calibration
camera_calibration_0,camera_calibration_0p6x,OTHER_DEV,N/A,unknown,unknown,unknown,NO,METADATA_ONLY,N/A,N/A,UNKNOWN,Development/calibration
camera_calibration_l,camera_calibration_landscape,OTHER_DEV,N/A,unknown,unknown,unknown,NO,METADATA_ONLY,N/A,N/A,UNKNOWN,Development/calibration
carpet_1428_2x1_cont,carpet_1428_2x1_continuity_repaired,OTHER_DEV,N/A,unknown,unknown,unknown,NO,METADATA_ONLY,N/A,N/A,UNKNOWN,Development/calibration
carpet_1428_2x1_trac,carpet_1428_2x1_tracked_full,OTHER_DEV,N/A,unknown,unknown,unknown,NO,METADATA_ONLY,N/A,N/A,UNKNOWN,Development/calibration
carpet_1433_2x1_cont,carpet_1433_2x1_continuity_repaired,OTHER_DEV,N/A,unknown,unknown,unknown,NO,METADATA_ONLY,N/A,N/A,UNKNOWN,Development/calibration
carpet_1433_2x1_elev,carpet_1433_2x1_elevation_corrected,OTHER_DEV,N/A,unknown,unknown,unknown,NO,METADATA_ONLY,N/A,N/A,UNKNOWN,Development/calibration
carpet_1433_2x1_trac,carpet_1433_2x1_tracked_full,OTHER_DEV,N/A,unknown,unknown,unknown,NO,METADATA_ONLY,N/A,N/A,UNKNOWN,Development/calibration
carpet_2x1_rect_cont,carpet_2x1_rect_continuity_repaired,OTHER_DEV,N/A,unknown,unknown,unknown,NO,METADATA_ONLY,N/A,N/A,UNKNOWN,Development/calibration
carpet_2x1_rect_elev,carpet_2x1_rect_elevation_corrected,OTHER_DEV,N/A,unknown,unknown,unknown,NO,METADATA_ONLY,N/A,N/A,UNKNOWN,Development/calibration
carpet_2x1_rect_trac,carpet_2x1_rect_tracked_full,OTHER_DEV,N/A,unknown,unknown,unknown,NO,METADATA_ONLY,N/A,N/A,UNKNOWN,Development/calibration
carpet_low_speed_2m_,carpet_low_speed_2m_continuity_repaired,OTHER_DEV,N/A,unknown,unknown,unknown,NO,METADATA_ONLY,N/A,N/A,UNKNOWN,Development/calibration
carpet_low_speed_2m_,carpet_low_speed_2m_tracked_full,OTHER_DEV,N/A,unknown,unknown,unknown,NO,METADATA_ONLY,N/A,N/A,UNKNOWN,Development/calibration
covariance_poisoning,covariance_poisoning,OTHER_DEV,N/A,unknown,unknown,unknown,NO,METADATA_ONLY,N/A,N/A,UNKNOWN,Development/calibration
digital_twin_accurac,digital_twin_accuracy,OTHER_DEV,N/A,unknown,unknown,unknown,NO,METADATA_ONLY,N/A,N/A,UNKNOWN,Development/calibration
digital_twin_accurac,digital_twin_accuracy_current_no_slip,OTHER_DEV,N/A,unknown,unknown,unknown,NO,METADATA_ONLY,N/A,N/A,UNKNOWN,Development/calibration
digital_twin_accurac,digital_twin_accuracy_slip_aware,OTHER_DEV,N/A,unknown,unknown,unknown,NO,METADATA_ONLY,N/A,N/A,UNKNOWN,Development/calibration
hardware_replay_revi,hardware_replay_review,OTHER_DEV,N/A,unknown,unknown,unknown,NO,METADATA_ONLY,N/A,N/A,UNKNOWN,Development/calibration
i2nav_parking00,i2nav_parking00,OTHER_DEV,N/A,unknown,unknown,unknown,YES,CSV-GT;NPZ-GT,1140.8000000664033,11409,UNKNOWN,Development/calibration
i2nav_playground00,i2nav_playground00,OTHER_DEV,N/A,unknown,unknown,unknown,YES,CSV-GT;NPZ-GT,1325.0000000771252,13251,UNKNOWN,Development/calibration
i2nav_smoke,i2nav_smoke,OTHER_DEV,N/A,unknown,unknown,unknown,YES,CSV-GT;NPZ-GT,180.00000001047738,1801,UNKNOWN,Development/calibration
i2nav_street00,i2nav_street00,OTHER_DEV,N/A,unknown,unknown,unknown,YES,CSV-GT;NPZ-GT,1372.9000000799133,13730,UNKNOWN,Development/calibration
ibm_patchtsmixer_unc,ibm_patchtsmixer_uncertainty,OTHER_DEV,N/A,unknown,unknown,unknown,NO,METADATA_ONLY,N/A,N/A,UNKNOWN,Development/calibration
pairing_a_142023,pairing_a_142023,OTHER_DEV,N/A,unknown,unknown,unknown,NO,METADATA_ONLY,N/A,N/A,UNKNOWN,Development/calibration
pairing_a_142907,pairing_a_142907,OTHER_DEV,N/A,unknown,unknown,unknown,NO,METADATA_ONLY,N/A,N/A,UNKNOWN,Development/calibration
pairing_b_142023,pairing_b_142023,OTHER_DEV,N/A,unknown,unknown,unknown,NO,METADATA_ONLY,N/A,N/A,UNKNOWN,Development/calibration
pairing_b_142907,pairing_b_142907,OTHER_DEV,N/A,unknown,unknown,unknown,NO,METADATA_ONLY,N/A,N/A,UNKNOWN,Development/calibration
pairing_check_v1428_,pairing_check_v1428_csv142023,OTHER_DEV,N/A,unknown,unknown,unknown,NO,METADATA_ONLY,N/A,N/A,UNKNOWN,Development/calibration
pairing_check_v1428_,pairing_check_v1428_csv142907,OTHER_DEV,N/A,unknown,unknown,unknown,NO,METADATA_ONLY,N/A,N/A,UNKNOWN,Development/calibration
pairing_check_v1433_,pairing_check_v1433_csv142023,OTHER_DEV,N/A,unknown,unknown,unknown,NO,METADATA_ONLY,N/A,N/A,UNKNOWN,Development/calibration
pairing_check_v1433_,pairing_check_v1433_csv142907,OTHER_DEV,N/A,unknown,unknown,unknown,NO,METADATA_ONLY,N/A,N/A,UNKNOWN,Development/calibration
patchtsmixer_uncerta,patchtsmixer_uncertainty,OTHER_DEV,N/A,unknown,unknown,unknown,NO,METADATA_ONLY,N/A,N/A,UNKNOWN,Development/calibration
real_data_study,real_data_study,OTHER_DEV,N/A,unknown,unknown,unknown,NO,METADATA_ONLY,N/A,N/A,UNKNOWN,Development/calibration
real_data_study_buff,real_data_study_buffered_attacks,OTHER_DEV,N/A,unknown,unknown,unknown,NO,METADATA_ONLY,N/A,N/A,UNKNOWN,Development/calibration
stationary,stationary,OTHER_DEV,N/A,unknown,unknown,unknown,NO,METADATA_ONLY,N/A,N/A,UNKNOWN,Development/calibration
still_footage_tracke,still_footage_tracked_full,OTHER_DEV,N/A,unknown,unknown,unknown,NO,METADATA_ONLY,N/A,N/A,UNKNOWN,Development/calibration
trapezoid_continuity,trapezoid_continuity_repaired,OTHER_DEV,N/A,unknown,unknown,unknown,NO,METADATA_ONLY,N/A,N/A,UNKNOWN,Development/calibration
trapezoid_tracked_fu,trapezoid_tracked_full,OTHER_DEV,N/A,unknown,unknown,unknown,NO,METADATA_ONLY,N/A,N/A,UNKNOWN,Development/calibration
trial1_square_1p5_co,trial1_square_1p5_continuity_repaired,OTHER_DEV,N/A,unknown,unknown,unknown,NO,METADATA_ONLY,N/A,N/A,UNKNOWN,Development/calibration
trial1_square_1p5_el,trial1_square_1p5_elevation_corrected,OTHER_DEV,N/A,unknown,unknown,unknown,NO,METADATA_ONLY,N/A,N/A,UNKNOWN,Development/calibration
trial1_square_1p5_tr,trial1_square_1p5_tracked_full,OTHER_DEV,N/A,unknown,unknown,unknown,NO,METADATA_ONLY,N/A,N/A,UNKNOWN,Development/calibration
ugv01_apriltag_carpe,ugv01_apriltag_carpet_142023,UGV01_APRILTAG,UGV01_carpet_AprilTag,carpet,unknown,square,YES,CSV-GT;NPZ-GT,215.18685952126754,1893,UNKNOWN,Initial tracking from July 14
ugv01_apriltag_finet,ugv01_apriltag_finetune_142023,OTHER_DEV,N/A,unknown,unknown,unknown,NO,METADATA_ONLY,N/A,N/A,UNKNOWN,Development/calibration
ugv01_apriltag_finet,ugv01_apriltag_finetuned_carpet_142023,OTHER_DEV,N/A,unknown,unknown,unknown,YES,CSV-GT;NPZ-GT,215.18685952126754,1893,UNKNOWN,Development/calibration
ugv01_apriltag_finet,ugv01_apriltag_finetuned_full_142023,OTHER_DEV,N/A,unknown,unknown,unknown,NO,METADATA_ONLY,N/A,N/A,UNKNOWN,Development/calibration
ugv01_apriltag_finet,ugv01_apriltag_finetuned_full_142023_continuity_repaired,OTHER_DEV,N/A,unknown,unknown,unknown,NO,METADATA_ONLY,N/A,N/A,UNKNOWN,Development/calibration
ugv01_apriltag_old_c,ugv01_apriltag_old_current_142023,OTHER_DEV,N/A,unknown,unknown,unknown,NO,METADATA_ONLY,N/A,N/A,UNKNOWN,Development/calibration
validation_carpet_14,validation_carpet_142023_baseline,VALIDATION_CARPET,validation_carpet_142023,carpet,unknown,square,NO,METADATA_ONLY,N/A,N/A,UNKNOWN,Validation run 1
validation_carpet_14,validation_carpet_142023_candidate,VALIDATION_CARPET,validation_carpet_142023,carpet,unknown,square,NO,METADATA_ONLY,N/A,N/A,UNKNOWN,Validation run 1
validation_carpet_14,validation_carpet_142023_four_tag_continuity_repaired,VALIDATION_CARPET,validation_carpet_142023,carpet,unknown,square,NO,METADATA_ONLY,N/A,N/A,UNKNOWN,Validation run 1 (four-tag coverage)
validation_carpet_14,validation_carpet_142023_four_tag_elevation,VALIDATION_CARPET,validation_carpet_142023,carpet,unknown,square,NO,METADATA_ONLY,N/A,N/A,UNKNOWN,Validation run 1 (four-tag coverage) (elevation corrected)
validation_carpet_14,validation_carpet_142023_four_tag_full,VALIDATION_CARPET,validation_carpet_142023,carpet,unknown,square,NO,METADATA_ONLY,N/A,N/A,UNKNOWN,Validation run 1 (four-tag coverage) (full processing)
validation_carpet_14,validation_carpet_142023_full,VALIDATION_CARPET,validation_carpet_142023,carpet,unknown,square,NO,METADATA_ONLY,N/A,N/A,UNKNOWN,Validation run 1 (full processing)
validation_carpet_14,validation_carpet_142907_baseline,VALIDATION_CARPET,validation_carpet_142907,carpet,unknown,square,NO,METADATA_ONLY,N/A,N/A,UNKNOWN,Validation run 2 (alternative timing)
validation_carpet_14,validation_carpet_142907_candidate,VALIDATION_CARPET,validation_carpet_142907,carpet,unknown,square,NO,METADATA_ONLY,N/A,N/A,UNKNOWN,Validation run 2 (alternative timing)
validation_carpet_14,validation_carpet_142907_elevation_corrected,VALIDATION_CARPET,validation_carpet_142907,carpet,unknown,square,NO,METADATA_ONLY,N/A,N/A,UNKNOWN,Validation run 2 (alternative timing) (elevation corrected)
validation_carpet_14,validation_carpet_142907_full,VALIDATION_CARPET,validation_carpet_142907,carpet,unknown,square,NO,METADATA_ONLY,N/A,N/A,UNKNOWN,Validation run 2 (alternative timing) (full processing)
validation_carpet_ru,validation_carpet_run_a_quick,VALIDATION_CARPET,N/A,carpet,unknown,square,NO,METADATA_ONLY,N/A,N/A,UNKNOWN,
validation_carpet_ru,validation_carpet_run_b_quick,VALIDATION_CARPET,N/A,carpet,unknown,square,NO,METADATA_ONLY,N/A,N/A,UNKNOWN,
