base_L,base_R,base_T,base_p,base_r,base_temp,base_v,base_y,imu_T,imu_ax,imu_ay,imu_az,imu_gx,imu_gy,imu_gz,imu_mx,imu_my,imu_mz,imu_p,imu_r,imu_temp,imu_y,t_edge_rx_ns,t_wall_unix_s
0,0,1001,0.142468184,-1.314430475,49.44444275,12.38871956,-154.6461029,1002,1.54296875,-16.82617188,978.4765625,-0.148750067,0.216250002,-0.305000007,27,-12,-45,-0.067270473,-1.158157945,50,-154.4564056,353276515000000,1783454012.307555
0,0,1001,-0.080180489,-0.963083506,50,12.38871956,-154.214325,1002,1.0546875,-17.31445313,979.453125,-0.461250067,-0.346249998,0.319999993,29,-12,-46,0.03137283,-1.312071085,49.44444275,-155.1373291,353276875000000,1783454012.6660178
0,0,1001,-0.133677199,-0.846796691,49.44444275,12.38871956,-154.7577362,1002,0.56640625,-17.31445313,979.453125,-0.336250067,0.216250002,0.069999993,29,-12,-48,0.054272644,-1.320039988,50,-155.0593414,353277187000000,1783454012.9847498
0,0,1001,0.145423159,-0.700996995,49.44444275,12.38871956,-154.9764099,1002,0.078125,-16.82617188,982.8710938,-0.398750067,-0.221249998,-0.055000007,27,-12,-45,0.265358359,-0.860653877,50,-155.137619,353277484000000,1783454013.2832692
0,0,1001,0.047186889,-0.943698645,49.44444275,12.38871956,-154.8740692,1002,0.078125,-16.82617188,979.453125,-0.086250067,0.341250002,-0.117500007,29,-13,-45,-0.007971309,-0.959306717,49.44444275,-154.9214783,353277796000000,1783454013.5881765
0,0,1001,-0.867888033,-1.003320217,50,12.38871956,-154.8457947,1002,-1.38671875,-19.26757813,980.9179688,-0.086250067,0.153750002,0.007499993,27,-12,-47,0.03295017,-1.18988359,49.44444275,-155.0426483,353278125000000,1783454013.9217014
0,0,1001,0.85108006,-1.392421603,49.44444275,12.38871956,-154.4699554,1002,-0.8984375,-17.80273438,980.4296875,-0.086250067,0.091250002,-0.055000007,28,-12,-46,-0.048443623,-0.964899421,49.44444275,-154.2103424,353278453000000,1783454014.251859
0,0,1001,-0.106113747,-1.241218567,49.44444275,12.38871956,-154.6976013,1002,3.0078125,-20.73242188,981.8945313,-0.023750067,0.466250002,0.194999993,30,-11,-47,0.127416015,-1.393330097,49.44444275,-154.5861816,353278781000000,1783454014.5683658
0,0,1001,0.065219663,-1.166975975,50,12.38871956,-154.7680206,1002,3.0078125,-16.82617188,980.9179688,-0.148750067,0.216250002,0.007499993,28,-11,-45,0.105997741,-1.350437164,50,-154.7535248,353279125000000,1783454014.923732
0,0,1001,-0.244482964,-0.808085918,50,12.38871956,-155.385498,1002,1.54296875,-16.82617188,982.8710938,-0.461250067,0.466250002,0.069999993,28,-12,-45,-0.602890611,-1.187567115,50,-154.8563232,353279468000000,1783454015.2543135
0,0,1001,-0.20472078,-0.734463215,49.44444275,12.38871956,-154.2828979,1002,3.0078125,-19.75585938,980.4296875,-0.148750067,0.216250002,0.132499993,28,-12,-45,-0.170445055,-1.013666987,49.44444275,-154.6750183,353279781000000,1783454015.5764697
0,0,1001,0.090103306,-1.053727031,50,12.38871956,-154.5107574,1002,1.54296875,-17.80273438,979.9414063,-0.211250067,0.028750002,-0.305000007,28,-12,-44,0.042686541,-1.192980766,50,-154.5550537,353280125000000,1783454015.9214482
0,0,1001,-0.274484426,-0.675136209,50,12.38871956,-153.9524994,1002,1.0546875,-17.80273438,981.40625,-0.461250067,0.028750002,-0.430000007,27,-13,-46,-0.000738167,-0.985165477,50,-154.3386383,353280484000000,1783454016.2849183
0,0,1001,-0.094394431,-0.75251478,50,12.38871956,-154.0418091,1002,0.56640625,-15.84960938,982.3828125,-0.648750067,0.341250002,0.444999993,27,-13,-44,-0.115649223,-0.856108427,50,-154.1876221,353280921000000,1783454016.7185373
0,0,1001,-0.058839802,-1.22983253,50,12.38871956,-154.802475,1002,0.56640625,-18.77929688,981.40625,-0.586250067,-0.033749998,-0.055000007,27,-12,-45,-0.056248404,-1.179603219,50,-154.8911133,353281312000000,1783454017.106299
0,0,1001,0.473757863,-1.124829531,50,12.38871956,-153.8543243,1002,2.51953125,-16.82617188,980.9179688,-0.336250067,0.091250002,0.132499993,28,-13,-46,-0.003728105,-1.203122139,50,-154.0236664,353281718000000,1783454017.5054615
0,0,1001,-0.083043568,-1.074983835,50,12.38871956,-154.1609802,1002,-0.8984375,-16.82617188,980.4296875,-0.398750067,0.341250002,0.194999993,29,-14,-46,-0.202398226,-0.769106269,50,-153.8560638,353282093000000,1783454017.8806455
0,0,1001,-0.030089993,-0.874839306,50,12.38871956,-155.1161041,1002,-0.41015625,-17.80273438,982.3828125,-0.211250067,-0.221249998,0.382499993,28,-13,-46,0.011146815,-1.045919776,50,-155.1135101,353282484000000,1783454018.2716925
0,0,1001,0.059055652,-1.236538887,50,12.38871956,-154.6233826,1002,1.0546875,-15.84960938,979.453125,-0.398750067,0.528750002,0.132499993,26,-13,-46,-0.156131104,-0.731929719,49.44444275,-154.3285065,353282812000000,1783454018.6004152
0,0,1001,-0.018855473,-1.02850759,49.44444275,12.38871956,-154.9793243,1002,0.078125,-17.80273438,979.9414063,0.101249933,-0.221249998,0.257499993,28,-14,-46,-0.107826568,-0.836284459,50,-155.0197906,353283140000000,1783454018.9282193
0,0,1001,-0.183777481,-0.715831101,50,12.38871956,-154.5585175,1002,-1.875,-15.84960938,983.8476563,-0.211250067,0.591250002,0.069999993,27,-13,-45,-0.227114946,-0.528240144,50,-154.8455505,353283453000000,1783454019.2528865
0,0,1001,-0.144464731,-0.957463562,50,12.38871956,-154.6895905,1002,-0.8984375,-16.33789063,981.40625,-0.336250067,-0.346249998,-0.180000007,28,-12,-46,0.001912773,-1.14650321,50,-154.8395538,353283843000000,1783454019.637187
0,0,1001,0.062826626,-1.403481483,50,12.38871956,-155.2324982,1002,2.03125,-16.82617188,981.8945313,-0.336250067,0.341250002,0.194999993,28,-12,-45,-0.020384176,-1.182406664,50,-155.0758667,353284140000000,1783454019.9269428
0,0,1001,-0.00931262,-1.192652583,50,12.38871956,-154.8987427,1002,0.078125,-18.77929688,983.359375,-0.273750067,-0.783749998,-0.180000007,29,-12,-47,-0.090514928,-1.238140583,50,-154.9464111,353284468000000,1783454020.2636876
0,0,1001,-0.056323387,-1.003834844,50,12.38871956,-154.8026581,1002,0.078125,-17.80273438,981.8945313,-0.336250067,-0.533749998,-0.242500007,27,-13,-45,-0.079532236,-0.989867508,50,-154.7932892,353284828000000,1783454020.6151257
0,0,1001,-0.121955246,-0.811719954,50,12.38871956,-154.8468018,1002,2.51953125,-16.33789063,984.3359375,-0.148750067,0.528750002,-0.555000007,28,-12,-46,-0.094940789,-0.872688949,49.44444275,-155.0715027,353285125000000,1783454020.921235
0,0,1001,-0.19874157,-0.893493414,50,12.38871956,-154.7732697,1002,1.0546875,-18.29101563,980.9179688,0.038749933,0.153750002,-0.055000007,28,-11,-46,0.150453001,-1.464872956,50,-155.2069092,353285468000000,1783454021.2566729
-0.040147482,-0.020044325,1001,-3.336602688,1.297091246,50,12.38871956,-153.1376495,1002,-5.29296875,-14.38476563,986.7773438,0.101249933,-0.408749998,0.757499993,25,-12,-49,-0.000980689,-0.796031892,50,-154.7996216,353285796000000,1783454021.5861614
-0.073130522,-0.059547273,1001,2.99543643,-3.22595191,50,12.38871956,-144.0534821,1002,-39.47265625,-30.49804688,962.8515625,1.788749933,-9.15874958,1.507499933,26,-12,-48,3.152625084,-3.259941339,50,-143.7276001,353286125000000,1783454021.9186811
0,0,1001,-0.257115215,-3.115669489,50,12.37358952,-151.8086243,1002,13.26171875,-13.89648438,980.4296875,-0.273750067,-0.783749998,0.007499993,28,-11,-48,0.382354707,-2.80679369,50,-151.0853271,353286437000000,1783454022.2355497
0,0,1001,-0.464324266,-1.287743449,50,12.37358952,-156.7659454,1002,9.35546875,-16.82617188,978.4765625,-0.023750067,-0.283749998,0.007499993,28,-13,-46,-0.814831138,-0.824117124,50,-156.4645996,353286750000000,1783454022.53893
0,0,1001,-0.307571292,-1.162697554,50,12.37358952,-158.5131836,1002,10.8203125,-16.33789063,982.8710938,-0.148750067,-0.283749998,-0.117500007,28,-10,-47,-0.48252058,-1.313690066,50,-158.4446106,353287062000000,1783454022.862419
-0.060088948,0.040080641,1001,-4.121110916,1.995640516,50,12.37358952,-156.1929779,1002,23.515625,-9.990234375,981.8945313,0.038749933,-0.283749998,1.257499933,25,-13,-49,-1.213706374,0.182203934,50,-157.4313202,353287406000000,1783454023.1926744
-0.066499923,0.033106567,1001,19.06087685,-0.434950799,50,12.37358952,-69.40753174,1002,-14.08203125,-25.12695313,1008.75,0.226249933,-1.471250057,30.94499969,27,-21,-49,18.58382416,-0.621062219,50,-69.31258392,353287718000000,1783454023.513074
0,0,1001,5.821608067,-4.723756313,50,12.37358952,-123.0055084,1002,-22.3828125,-36.35742188,1008.261719,-0.148750067,2.841249943,-0.742500007,34,-24,-47,7.120684624,-5.654356956,50,-121.4069519,353288046000000,1783454023.8334107
0,0,1001,0.852628231,-1.857447743,50,12.37358952,-142.8120422,1002,-9.19921875,-24.15039063,987.7539063,-0.461250067,0.528750002,0.319999993,31,-20,-49,1.087564588,-2.118992329,49.44444275,-142.2326355,353288359000000,1783454024.1548426
0,0,1001,0.104772374,-1.305157185,50,12.37358952,-145.7030792,1002,5.9375,-9.501953125,979.9414063,-0.898750067,-0.783749998,-0.180000007,34,-22,-47,0.187069625,-1.262486696,50,-145.4478455,353288687000000,1783454024.4806428
0.218638042,-0.220825881,1001,-1.194495797,1.775634408,50,12.37358952,-177.5906067,1002,-11.640625,-63.21289063,980.9179688,2.163749933,-6.033750057,-78.43000031,30,-25,-48,-2.794033051,1.09526825,50,-163.8630676,353289015000000,1783454024.8032153
0.045477626,-0.068299013,1001,18.25242805,5.403885841,50,12.37358952,18.17889786,1002,-80.9765625,-30.98632813,934.0429688,3.226249933,0.216250002,-48.24250031,22,-8,-49,18.06722641,4.194869518,50,24.30547714,353289328000000,1783454025.120988
0,0,1001,13.4169569,3.706902266,50,12.37358952,1.638397574,1002,19.609375,-15.36132813,977.0117188,0.038749933,-0.783749998,0.007499993,19,-6,-51,13.62874508,3.604701042,50,2.247063875,353289640000000,1783454025.4369369
0,0,1001,16.13080597,2.904422283,50,12.37358952,-4.00211525,1002,14.7265625,-9.501953125,980.9179688,0.101249933,-15.40874958,-0.117500007,19,-7,-51,12.98882389,3.291522026,50,-3.028793573,353289984000000,1783454025.7782161
0.021488535,0.021522347,1001,21.65048599,2.888963223,50,12.37358952,-11.62651062,1002,16.6796875,-12.43164063,975.546875,-0.023750067,-0.471249998,-4.742499828,29,-7,-47,20.39155579,1.961134195,50,-10.96612072,353290312000000,1783454026.1120243
0.067150874,0,1001,11.96339989,-4.979405403,50,12.37358952,-82.68759918,1002,106.5234375,5.146484375,981.8945313,0.163749933,3.403749943,-21.18000031,21,-7,-46,12.27909279,-5.183885574,50,-76.19594574,353290625000000,1783454026.421658
0.27313406,0.259671545,1001,14.52715111,-4.380608082,50,12.37358952,-128.1686249,1002,-2.36328125,-62.72460938,981.8945313,1.788749933,15.71625042,-17.30500031,26,-4,-51,5.386861324,-10.33736038,50.55555725,-123.9281998,353290953000000,1783454026.752667
0.251075542,0.228146664,1001,-8.187405586,-0.638835728,50,12.37358952,-143.7585297,1002,-36.0546875,-19.75585938,1016.074219,-0.586250067,-22.40875053,-8.930000305,21,-19,-46,2.171596527,0.855209172,50,-142.8406982,353291312000000,1783454027.1055868
0.154976413,0.156365524,1001,-5.133099079,-1.73625505,50,12.37358952,-150.1374359,1002,97.734375,-49.05273438,996.5429688,0.476249933,6.591249943,-0.367500007,18,-14,-49,-5.968350887,-1.563117623,50,-150.0081482,353291625000000,1783454027.420758
0.225818288,0.203266966,1001,6.648564816,2.489588737,50,12.37358952,-155.1054382,1002,-366.6210938,10.02929688,1122.519531,0.413749933,18.40374947,-1.930000067,26,-5,-51,19.64335442,-0.515243709,50,-155.9947968,353291953000000,1783454027.7502913
0,0,1001,-1.243539691,-1.464234829,50,12.37358952,-153.9064331,1002,17.16796875,-30.00976563,1016.074219,-0.211250067,4.153749943,8.069999695,15,-6,-45,-2.242347717,-1.94042635,50,-154.1442413,353292328000000,1783454028.1183155
0.113814467,0.113745634,1001,-3.15914464,0.871734619,50,12.37358952,-156.3131409,1002,-22.3828125,25.65429688,1028.28125,0.788749933,15.65375042,3.257499933,20,-11,-46,-2.103040457,0.408438057,50,-157.7977448,353292671000000,1783454028.4627097
0.439132389,0.423214201,1001,2.515348434,2.843344688,50,12.37358952,-144.5442047,1002,-158.6132813,-23.17382813,974.0820313,-3.273750067,3.466249943,-2.805000067,22,-24,-51,4.287547112,2.754348278,50,-146.3466187,353293015000000,1783454028.8032823
0.322420125,0.322466192,1001,-11.47364521,-2.067020893,50,12.37358952,-148.5693054,1002,195.390625,-10.47851563,922.8125,-0.023750067,-7.221250057,3.007499933,16,-12,-48,-8.98177433,-0.57186234,50,-149.0747833,353293328000000,1783454029.1274185
0,0,1001,1.038639545,-1.842905641,50,12.37358952,-152.4842682,1002,26.93359375,-24.63867188,970.6640625,-0.586250067,0.341250002,0.694999993,18,-7,-47,-0.065530628,-1.70410943,50,-152.0651245,353293703000000,1783454029.4886773
0,0,1001,-0.34055382,-1.116917491,50,12.37358952,-153.3370819,1002,-4.8046875,-21.70898438,975.546875,-0.023750067,0.403750002,0.007499993,20,-8,-46,0.648408294,-1.523772597,50,-153.4703217,353294046000000,1783454029.8335187
0,0,1001,0.704471469,-1.242053747,50,12.37358952,-154.8601532,1002,-5.29296875,-21.22070313,983.359375,-0.023750067,0.091250002,0.069999993,17,-7,-46,0.97387594,-1.190404654,50,-154.7859955,353294375000000,1783454030.1612968
0,0,1001,0.565896869,-1.351812124,50,12.37358952,-154.7281799,1002,-4.31640625,-20.24414063,982.8710938,-0.398750067,0.091250002,-0.117500007,19,-7,-46,0.583609581,-1.278363347,51.11111069,-154.6241913,353294687000000,1783454030.4730318
0,0,1001,0.355113834,-1.273362875,50,12.37358952,-155.2734833,1002,-6.26953125,-19.75585938,980.4296875,-0.461250067,0.216250002,-0.180000007,17,-9,-48,0.149551317,-0.79798907,50,-155.0984344,353295000000000,1783454030.7893863
-0.060265444,-0.060613425,1001,2.226632118,-1.880441785,50,12.37358952,-151.2653046,1002,-28.73046875,1.240234375,937.9492188,-1.461250067,0.028750002,3.444999933,19,-7,-47,0.921222806,-0.87986666,50,-150.9151306,353295312000000,1783454031.100992
-0.160164093,-0.183100365,1001,5.477018356,-2.992996454,50,12.37358952,-149.7937012,1002,-17.01171875,-41.24023438,1046.347656,0.913749933,26.90374947,-0.742500007,18,-9,-45,-1.468922973,-2.443627596,50,-150.3968506,353295625000000,1783454031.4113624
-0.229014802,-0.228423751,1001,-7.008876324,0.590529561,50.55555725,12.37358952,-153.7251434,1002,372.1484375,-31.47460938,953.0859375,3.288749933,-34.97124863,2.757499933,9,-11,-53,-19.33357048,0.641035378,50,-152.1629944,353295953000000,1783454031.7401667
-0.091341767,-0.091355631,1001,1.967026591,3.429978371,50,12.36059952,-138.5203857,1002,-134.1992188,-167.7050781,961.3867188,1.101249933,1.466249943,-2.305000067,14,-19,-47,0.774177372,0.775863945,50,-142.1230774,353296312000000,1783454032.1120439
0,0,1001,-0.976775885,-0.332804292,50,12.36059952,-123.5795212,1002,4.9609375,-19.26757813,994.1015625,-0.648750067,-0.471249998,-0.305000007,12,-22,-46,-1.294846654,-0.297965705,50,-124.4119492,353296656000000,1783454032.4552493
0,0,1001,-0.087367706,-0.947385728,49.44444275,12.36059952,-119.1203308,1002,-8.22265625,-19.75585938,979.9414063,-0.273750067,-0.596249998,-0.117500007,14,-21,-45,0.479529858,-1.286646008,49.44444275,-119.5394897,353296984000000,1783454032.7718914
0,0,1001,0.350790441,-1.150272846,50,12.36059952,-117.4985123,1002,-5.78125,-21.22070313,975.546875,-0.461250067,-0.283749998,-0.242500007,12,-22,-46,0.296776623,-1.158934951,50,-117.5738754,353297328000000,1783454033.1186242
-0.320669531,-0.320816045,1001,2.423543692,-4.123939991,50,12.36059952,-130.1813812,1002,134.3554688,-30.49804688,980.4296875,1.288749933,-5.721250057,-0.992500007,19,-24,-50,-4.36768198,-2.37462306,50,-125.4730301,353297640000000,1783454033.4398308
-0.018482094,-0.018596308,1001,4.834665298,-2.709683657,49.44444275,12.36059952,-141.7454529,1002,-36.0546875,-0.712890625,970.1757813,0.851249933,-2.096250057,-2.555000067,17,-7,-43,3.881774902,-2.290364742,50,-141.3981171,353298000000000,1783454033.7910125
0,0,1001,0.26518923,-2.494075775,50,12.36059952,-148.8805237,1002,-6.26953125,-22.68554688,977.9882813,0.351249933,-0.033749998,0.132499993,18,-6,-45,0.689130008,-2.636728048,50,-148.1951752,353298312000000,1783454034.108347
0,0,1001,-0.0175623,-1.592743516,50,12.36059952,-151.2531586,1002,2.51953125,-16.82617188,972.6171875,0.101249933,0.403750002,-0.055000007,17,-7,-46,0.018268911,-1.662362695,49.44444275,-151.0440674,353298671000000,1783454034.4572804
0.041911623,0.06283243,1001,-3.06448555,-0.280620158,50,12.36059952,-149.4617157,1002,33.28125,-31.47460938,995.078125,-4.211250305,-3.721250057,2.507499933,19,-13,-47,-2.013121367,0.088120356,50,-149.6083984,353299000000000,1783454034.79214
0.217918364,0.206923198,1001,12.47668266,1.90606904,50,12.36059952,-146.5926361,1002,-356.3671875,-17.31445313,1047.324219,-1.711250067,20.15374947,-0.242500007,25,-9,-47,18.14808083,0.041361503,49.44444275,-147.8695679,353299312000000,1783454035.1002462
0.022880585,0,1001,-3.362677574,0.764828444,50,12.36059952,-134.8056641,1002,63.06640625,-8.037109375,973.1054688,-0.211250067,-1.596250057,-9.180000305,19,-23,-45,-4.945068359,-0.382403255,50,-135.089386,353299625000000,1783454035.4233027
0,0,1001,0.096119039,-0.872945547,50.55555725,12.36059952,-125.5436401,1002,-6.7578125,-19.26757813,983.359375,-0.273750067,-0.721249998,0.257499993,16,-24,-46,-0.25492385,-0.650680602,50,-125.9310837,353299968000000,1783454035.7600405
0,0,1001,0.312656075,-1.081374526,50,12.36059952,-122.9865189,1002,-10.17578125,-20.73242188,980.4296875,-0.086250067,0.028750002,-0.180000007,17,-24,-45,0.575310349,-1.098687768,50,-123.3540497,353300296000000,1783454036.0851207
-0.09581172,0.174595736,1001,10.8129406,0.275929391,50,12.36059952,-80.29336548,1002,-12.12890625,61.78710938,949.1796875,4.913749695,-6.721250057,117.1324997,17,-26,-52,6.065547943,3.26147604,50,-85.66159821,353300609000000,1783454036.408363
0,0.022735377,1001,16.95638657,-4.125761032,49.44444275,12.36059952,-88.8815918,1002,8.8671875,-5.107421875,974.5703125,0.788749933,-2.971250057,9.382499695,28,-24,-44,17.48557663,-2.290956974,50,-81.5304718,353300937000000,1783454036.7261682
0.030534274,-0.020294406,1001,-3.135411024,5.171210289,50,12.36059952,-155.3785706,1002,4.9609375,-11.45507813,971.1523438,0.601249933,-1.096250057,-20.80500031,23,-25,-44,-2.531792879,5.624378681,50,-156.1646118,353301265000000,1783454037.0608814
0,0,1001,-1.72048378,0.216246217,50,12.36059952,-133.0177917,1002,-12.12890625,-18.29101563,985.8007813,-0.148750067,0.653750002,0.194999993,22,-27,-46,-1.059309006,0.514177978,50,-134.5363312,353301593000000,1783454037.384743
0,0,1001,0.123184465,-0.814554095,50,12.36059952,-128.2532349,1002,-7.24609375,-18.77929688,978.4765625,-0.398750067,0.091250002,0.069999993,18,-26,-47,-0.389226228,-0.354598194,50,-128.2763062,353301937000000,1783454037.7285528
0,0,1001,0.564296007,-1.166977525,50,12.36059952,-128.1924744,1002,-7.24609375,-18.29101563,977.9882813,-0.211250067,-0.033749998,0.132499993,21,-25,-48,0.232625157,-0.909098625,50,-128.0124969,353302265000000,1783454038.057476
0,0,1001,0.644503117,-1.091546416,49.44444275,12.36059952,-127.4051437,1002,-4.8046875,-16.33789063,982.8710938,-0.461250067,0.028750002,0.194999993,21,-24,-46,0.897343874,-1.393179059,49.44444275,-127.4011917,353302609000000,1783454038.394728
0,0,1001,-0.004697651,-0.753202021,50,12.36059952,-127.4106903,1002,-5.29296875,-16.82617188,979.9414063,-0.461250067,-0.908749998,0.069999993,20,-27,-46,-0.159071207,-0.63629657,49.44444275,-127.4687653,353302937000000,1783454038.7343633
0,0,1001,-0.503172755,-0.790899456,50,12.36059952,-127.2521362,1002,-6.7578125,-14.87304688,979.453125,-0.461250067,-0.533749998,-0.180000007,21,-24,-48,0.62995404,-1.191828251,50,-127.7871857,353303265000000,1783454039.0544736
0,0,1001,0.336944163,-1.019214034,50,12.36059952,-127.2342148,1002,-7.734375,-16.82617188,982.8710938,-0.148750067,-0.283749998,0.007499993,22,-24,-44,0.839226723,-1.398042321,50,-127.5354843,353303578000000,1783454039.372968
0,0,1001,0.420474529,-0.991631687,50,12.36059952,-128.1417694,1002,-8.7109375,-16.33789063,979.453125,0.038749933,0.278750002,0.194999993,22,-25,-47,0.486551344,-1.041414618,50,-128.122406,353303921000000,1783454039.7185397
0,0,1001,0.486567408,-1.112404585,50,12.36059952,-128.3495789,1002,-8.22265625,-17.31445313,982.3828125,-0.523750067,-0.283749998,-0.055000007,20,-25,-47,0.19924216,-0.918246448,50,-128.1442413,353304250000000,1783454040.049648
0,0,1001,0.401530653,-1.054906249,50,12.36059952,-127.8010635,1002,-5.78125,-19.26757813,980.4296875,-0.273750067,0.841250002,0.007499993,21,-26,-48,0.485171854,-1.04192245,50.55555725,-127.7102127,353304562000000,1783454040.3602304
0,0,1001,0.449401975,-1.126089215,50,12.36059952,-128.0730438,1002,-10.6640625,-16.82617188,979.9414063,-0.211250067,-0.096249998,-0.180000007,20,-27,-46,0.317709059,-0.99582243,50,-127.9479523,353304906000000,1783454040.6957717
0,0,1001,0.202210411,-0.903193712,50,12.36059952,-127.5830154,1002,-7.24609375,-17.80273438,983.8476563,-0.648750067,0.153750002,0.069999993,22,-26,-47,0.256685287,-0.977907717,50,-127.7204895,353305234000000,1783454041.0221817
0,0,1001,0.441251934,-1.126848459,50,12.36059952,-128.3166199,1002,-3.33984375,-20.24414063,979.9414063,-0.461250067,-0.658749998,-0.430000007,21,-24,-45,0.797929406,-1.410440803,50,-128.4708099,353305546000000,1783454041.343975
0,0,1001,0.014279824,-0.666853309,50,12.36059952,-127.5117264,1002,-8.22265625,-18.29101563,980.9179688,-0.648750067,-0.846249998,0.132499993,19,-25,-46,0.219280019,-0.794528484,50,-127.7986984,353305859000000,1783454041.6593633
0,0,1001,0.439496636,-1.176826477,50,12.38467979,-127.8186874,1002,-6.26953125,-18.77929688,978.4765625,-0.086250067,-0.408749998,-0.242500007,21,-25,-47,0.291739315,-1.156917334,50,-127.7566528,353306187000000,1783454041.9753942
0,0,1001,0.117063321,-0.956447721,49.44444275,12.38467979,-127.7077408,1002,-4.8046875,-15.84960938,982.3828125,-0.523750067,-0.033749998,-0.305000007,21,-27,-47,0.182853773,-0.924492598,50,-127.7762451,353306515000000,1783454042.3095505
0,0,1001,0.742748082,-1.313873529,51.11111069,12.38467979,-128.1459045,1002,-5.29296875,-17.80273438,980.4296875,-0.211250067,0.778750002,-0.117500007,22,-25,-47,0.513463497,-1.140122414,49.44444275,-127.9115295,353306828000000,1783454042.6202185
0,0,1001,0.447577685,-1.223066449,50,12.38467979,-127.9786758,1002,-4.31640625,-18.77929688,979.453125,-0.523750067,-0.721249998,-0.180000007,20,-26,-47,-0.020570029,-0.961479723,50,-127.7311172,353307156000000,1783454042.9445689
0,0,1001,1.251727104,-1.077043533,50,12.38467979,-128.8637238,1002,-5.78125,-18.29101563,978.9648438,-0.461250067,-0.408749998,0.007499993,21,-24,-48,0.395692974,-1.206074715,50,-128.7188568,353307468000000,1783454043.261618
0,0,1001,0.318694204,-0.910479963,50,12.38467979,-126.9075165,1002,-8.22265625,-18.77929688,977.9882813,-0.398750067,0.153750002,0.132499993,19,-27,-46,0.371767193,-1.003059745,50,-127.0330658,353307781000000,1783454043.5802453
0,0,1001,0.071632639,-0.846830785,50,12.38467979,-127.0848083,1002,-7.24609375,-19.26757813,981.8945313,-0.398750067,0.778750002,-0.180000007,21,-26,-46,0.396279901,-1.037086248,50.55555725,-127.3794327,353308109000000,1783454043.90183
0,0,1001,0.494239211,-1.163590908,50,12.38467979,-127.6851196,1002,-3.828125,-20.24414063,980.4296875,-0.023750067,0.153750002,-0.180000007,20,-24,-48,0.401703268,-1.153876662,50,-127.6758881,353308453000000,1783454044.2420082
0,0,1001,1.344611168,-1.266133666,50,12.38467979,-127.9907227,1002,-5.29296875,-19.26757813,981.8945313,-0.336250067,-1.158750057,0.257499993,23,-25,-47,0.805536449,-1.519164562,50,-128.0316315,353308765000000,1783454044.5657077
0,0,1001,0.063490123,-0.92388165,50,12.38467979,-127.7252426,1002,-5.78125,-17.80273438,983.359375,-0.336250067,-0.221249998,0.444999993,22,-26,-47,0.0853073,-1.203857541,50,-127.7737579,353309093000000,1783454044.8857005
0,0,1001,-0.038604289,-0.701644361,50,12.38467979,-127.2637863,1002,-7.24609375,-18.29101563,982.8710938,-0.398750067,0.153750002,-0.055000007,22,-25,-47,0.584209323,-1.212144256,50,-127.8035126,353309437000000,1783454045.2271032
0,0,1001,-0.049402308,-0.822393,50,12.38467979,-127.5874252,1002,-6.26953125,-15.36132813,979.9414063,-0.211250067,-15.53374958,0.007499993,21,-25,-47,-0.163461119,-1.152078629,50,-128.0585938,353309734000000,1783454045.5292225
0,0,1001,0.274225652,-0.930118382,50,12.38467979,-128.3795776,1002,-6.26953125,-16.33789063,980.4296875,0.038749933,0.903750002,-0.117500007,21,-25,-47,0.679073811,-1.235374093,50,-127.9029083,353310078000000,1783454045.8674798
0,0,1001,0.408609241,-0.813082457,50,12.38467979,-127.2578735,1002,-8.22265625,-17.80273438,980.9179688,-0.336250067,0.341250002,-0.180000007,19,-24,-47,0.588867724,-0.855807781,50,-127.3726578,353310421000000,1783454046.2195358
0,0,1001,0.306069613,-1.126525044,50,12.38467979,-127.9517593,1002,-7.24609375,-16.82617188,981.8945313,-0.523750067,0.403750002,0.007499993,20,-24,-47,0.287381709,-1.163880944,50,-127.939003,353310750000000,1783454046.5356688
0,0,1001,0.312912107,-0.985326827,50,12.38467979,-127.9634705,1002,-5.78125,-17.31445313,980.9179688,-0.273750067,0.341250002,-0.117500007,21,-24,-46,0.610829532,-1.186560392,49.44444275,-128.131485,353311046000000,1783454046.8430007
0,0,1001,-0.114998333,-1.10130322,50,12.38467979,-128.4956512,1002,-5.78125,-19.26757813,978.4765625,-0.086250067,-15.40874958,-0.430000007,19,-25,-46,-0.457020849,-0.982965231,50,-128.3976898,353311359000000,1783454047.1589003
0,0,1001,0.614974022,-1.190709591,50,12.38467979,-128.0768127,1002,-6.26953125,-15.84960938,981.8945313,-0.273750067,-0.096249998,-0.055000007,19,-26,-47,0.236087933,-0.925811231,50,-127.8095856,353311671000000,1783454047.4701579
0,0,1001,0.11136204,-0.820851266,50,12.38467979,-128.065155,1002,-7.24609375,-18.77929688,979.9414063,-0.273750067,-0.721249998,-0.242500007,20,-25,-47,0.317600816,-0.971574187,50,-128.3517303,353312000000000,1783454047.79781
0,0,1001,0.508868337,-1.14647603,49.44444275,12.38467979,-128.8037415,1002,-3.828125,-15.84960938,982.8710938,-0.086250067,-0.096249998,-0.055000007,20,-25,-48,0.218610659,-0.899388313,50,-128.574646,353312343000000,1783454048.13436
0,0,1001,0.278655767,-0.895181358,50,12.38467979,-128.0488129,1002,-7.24609375,-17.80273438,981.8945313,0.226249933,0.591250002,0.069999993,21,-27,-47,0.175889328,-0.865768492,50,-128.0184937,353312656000000,1783454048.4416862
0,0,1001,0.458314478,-1.078012705,50,12.38467979,-127.6180573,1002,-5.29296875,-14.87304688,981.40625,-0.523750067,0.091250002,-0.180000007,22,-27,-46,0.149012312,-0.859055519,50,-127.6064453,353312968000000,1783454048.7695482
0,0,1001,0.44221735,-1.154285669,50,12.38467979,-128.2506256,1002,-7.734375,-17.80273438,981.8945313,-0.398750067,0.403750002,-0.055000007,22,-27,-46,0.38621062,-1.109295845,50.55555725,-128.1988068,353313328000000,1783454049.1228797
0,0,1001,0.174633503,-0.863988757,50,12.38467979,-127.9521179,1002,-5.29296875,-18.29101563,978.9648438,-0.273750067,-0.158749998,-0.242500007,22,-26,-48,0.29450056,-1.008097529,50,-128.1340485,353313625000000,1783454049.4246593
0,0,1001,0.409642309,-1.110146642,50,12.38467979,-127.9569168,1002,-7.734375,-19.26757813,980.9179688,-0.461250067,0.153750002,0.194999993,20,-24,-46,0.581836164,-1.2698071,50,-128.031189,353313968000000,1783454049.7646646
0,0,1001,0.635288775,-1.162597179,50,12.38467979,-127.8227463,1002,-4.8046875,-18.29101563,982.3828125,-0.336250067,0.341250002,0.007499993,21,-25,-47,0.52925992,-1.057456136,50,-127.612442,353314281000000,1783454050.07143
0,0,1001,0.390897959,-1.044833899,50,12.38467979,-128.2699585,1002,-5.78125,-18.77929688,982.8710938,-0.523750067,0.341250002,-0.117500007,20,-26,-47,0.387006551,-1.08585608,50,-127.5608826,353314593000000,1783454050.389635
0,0,1001,0.490764588,-1.103670478,50,12.38467979,-128.075882,1002,-4.8046875,-17.80273438,982.8710938,0.163749933,-0.033749998,0.132499993,21,-25,-47,0.460004538,-1.149286151,50,-128.1684113,353314921000000,1783454050.7183244
0,0,1001,0.888121963,-1.052767873,50,12.38467979,-127.7747421,1002,-6.26953125,-16.82617188,982.8710938,-0.086250067,0.403750002,0.444999993,21,-22,-48,0.782011509,-1.384070277,50,-127.9806595,353315265000000,1783454051.0632253
0,0,1001,0.522718728,-1.197188377,50,12.38467979,-127.9670639,1002,-6.7578125,-17.80273438,979.9414063,-0.148750067,-0.096249998,0.194999993,21,-27,-47,0.429026306,-1.04575789,50,-127.814743,353315593000000,1783454051.3896122
0,0,1001,0.702955365,-1.289972663,50,12.38467979,-127.9767227,1002,-4.31640625,-18.77929688,978.4765625,-0.461250067,0.216250002,-0.242500007,21,-25,-47,0.599805474,-1.19753921,49.44444275,-127.7556686,353315921000000,1783454051.7191474
0,0,1001,0.478542894,-1.068242431,49.44444275,12.38459969,-127.5183411,1002,-4.8046875,-14.87304688,981.40625,-0.461250067,0.091250002,0.069999993,21,-25,-46,0.600698471,-1.135553718,50.55555725,-127.7802048,353316234000000,1783454052.0221725
0,0,1001,0.513431847,-1.162904143,50,12.38459969,-128.1955261,1002,-4.31640625,-17.80273438,980.9179688,-0.523750067,-0.346249998,0.194999993,19,-25,-48,0.040848192,-0.801774204,50,-127.8799973,353316578000000,1783454052.3756764
0,0,1001,0.201075137,-1.055833817,50,12.38459969,-128.4349365,1002,-7.734375,-16.82617188,983.8476563,-0.211250067,-0.408749998,0.194999993,19,-25,-47,-0.385197848,-0.943676174,50,-128.25737,353316921000000,1783454052.718647
0,0,1001,0.381314129,-0.931539416,50,12.38459969,-127.998703,1002,-7.734375,-17.31445313,982.3828125,-0.023750067,0.528750002,-0.055000007,20,-25,-47,0.326677412,-0.935286164,50,-128.0159912,353317234000000,1783454053.034663
0,0,1001,0.32223469,-1.014016151,50,12.38459969,-127.8015442,1002,-4.31640625,-18.29101563,980.9179688,-0.398750067,0.153750002,-0.117500007,19,-25,-49,0.072699673,-0.800619364,50,-127.6408691,353317546000000,1783454053.3393273
0,0,1001,0.170662045,-1.197129846,50.55555725,12.38459969,-127.7775497,1002,-9.6875,-15.36132813,979.453125,-0.586250067,-0.283749998,-0.117500007,21,-26,-48,0.502788305,-1.074992776,50,-127.4223328,353317875000000,1783454053.669243
0,0,1001,0.639741719,-1.231525302,50,12.38459969,-128.0705414,1002,-3.828125,-17.80273438,978.4765625,-0.148750067,0.466250002,0.382499993,21,-26,-48,0.337960482,-0.940955698,50,-127.6766663,353318218000000,1783454054.0124469
0,0,1001,0.079366997,-0.738491237,50,12.38459969,-128.0611572,1002,-7.734375,-17.80273438,981.40625,-0.086250067,0.653750002,-0.117500007,20,-25,-48,0.405072898,-1.077770114,50,-128.723877,353318562000000,1783454054.3548474
0,0,1001,0.562971294,-1.19556129,50,12.38459969,-127.869278,1002,-3.33984375,-18.29101563,981.8945313,-0.273750067,-0.346249998,-0.180000007,21,-24,-46,0.661528528,-1.260977268,50,-127.8523788,353318906000000,1783454054.699221
0,0,1001,0.381648242,-0.947125852,49.44444275,12.38459969,-127.6957245,1002,-7.734375,-17.31445313,979.9414063,-0.211250067,0.466250002,0.069999993,21,-25,-46,0.461315006,-1.022657394,50,-127.7644806,353319234000000,1783454055.0205417
0,0,1001,0.424355865,-0.972736359,50,12.38459969,-127.4167709,1002,-4.31640625,-16.82617188,981.40625,-0.336250067,0.341250002,0.194999993,20,-25,-47,0.322023869,-0.963496923,50,-127.7116089,353319531000000,1783454055.3225658
0,0,1001,0.241051823,-0.9260692,50.55555725,12.38459969,-128.1232758,1002,-6.7578125,-18.29101563,982.8710938,-0.648750067,-1.033750057,0.069999993,21,-24,-47,0.515400946,-1.195020199,50,-128.3225403,353319859000000,1783454055.6550634
0,0,1001,0.464832604,-1.08595264,50,12.38459969,-127.3634491,1002,-3.828125,-14.87304688,978.9648438,-0.023750067,-1.033750057,-0.180000007,20,-26,-46,0.379791766,-0.880069435,50,-127.2453613,353320171000000,1783454055.967979
0,0,1001,0.304685026,-1.031806231,50,12.38459969,-127.6442871,1002,-6.26953125,-17.80273438,979.453125,-0.273750067,0.091250002,0.007499993,20,-26,-47,0.164591089,-0.954958737,50,-127.3690491,353320500000000,1783454056.2915146
0,0,1001,0.330392808,-0.904927135,50,12.38459969,-127.6935654,1002,-7.24609375,-17.31445313,980.4296875,0.038749933,0.403750002,0.007499993,19,-24,-46,0.264805675,-0.860719025,50,-127.8504791,353320843000000,1783454056.6436996
0,0,1001,0.484400451,-1.19100368,50,12.38459969,-127.9582825,1002,-6.26953125,-18.29101563,982.3828125,-0.211250067,0.466250002,0.132499993,20,-25,-47,0.261987984,-1.038617492,50,-127.6983871,353321187000000,1783454056.9731338
0,0,1001,0.848276556,-0.996767938,50,12.38459969,-127.6664734,1002,-6.7578125,-17.31445313,980.4296875,-0.023750067,0.341250002,-0.367500007,20,-27,-47,0.089326963,-0.774561048,50,-127.4965897,353321515000000,1783454057.314184
0,0,1001,0.127684534,-0.79301995,50,12.38459969,-127.9788132,1002,-4.8046875,-15.36132813,981.8945313,-0.586250067,-0.158749998,0.007499993,21,-23,-45,0.653525889,-1.290432096,50,-128.3072052,353321859000000,1783454057.651873
0,0,1001,0.161890194,-0.906035542,49.44444275,12.38459969,-127.6207581,1002,-4.8046875,-16.82617188,981.8945313,-0.148750067,-0.408749998,0.132499993,21,-25,-46,0.504737198,-1.155822635,50,-127.9708328,353322265000000,1783454058.0592554
0,0,1001,0.508380651,-1.100925565,50,12.38459969,-128.0436401,1002,-3.33984375,-16.82617188,982.3828125,-0.023750067,0.466250002,15.44499969,21,-25,-45,0.46205461,-1.072264194,50,-127.2509613,353322578000000,1783454058.37679
0,0,1001,0.198128015,-0.682205021,50,12.38459969,-127.3431473,1002,-5.78125,-19.26757813,981.8945313,-0.273750067,0.403750002,0.132499993,22,-26,-46,0.902311265,-1.006626368,50,-127.8391113,353322906000000,1783454058.6927266
0,0,1001,0.12655358,-0.889006257,50,12.38459969,-127.5368805,1002,-5.78125,-19.26757813,979.9414063,-0.461250067,0.403750002,0.194999993,21,-27,-47,0.433053792,-1.112820625,50,-127.796814,353323203000000,1783454059.000623
0,0,1001,0.582239449,-1.220216751,50,12.38459969,-128.4506836,1002,-7.24609375,-17.80273438,983.359375,-0.336250067,0.216250002,-0.242500007,21,-24,-46,0.428682655,-1.061471701,50,-128.2112732,353323531000000,1783454059.3292236
0,0,1001,0.132858098,-0.934124053,50,12.38459969,-127.8746567,1002,-6.26953125,-20.24414063,981.40625,-0.211250067,-0.033749998,0.069999993,21,-25,-47,0.194635034,-0.915042877,50,-128.0974274,353323859000000,1783454059.6513355
0,0,1001,0.617628574,-1.205648899,50,12.38459969,-127.799263,1002,-3.828125,-17.31445313,979.9414063,0.163749933,0.216250002,15.63249969,21,-23,-47,0.768447697,-1.321380615,50.55555725,-127.7444,353324171000000,1783454059.9709313
0,0,1001,0.712797225,-1.275457501,50,12.38459969,-127.9349213,1002,-5.78125,-18.77929688,982.3828125,-0.523750067,-0.283749998,-0.055000007,20,-26,-47,0.294369638,-0.977390647,50.55555725,-127.4479828,353324484000000,1783454060.2786016
0,0,1001,0.451452196,-1.065315366,50,12.38459969,-127.6206131,1002,-6.26953125,-19.26757813,980.9179688,-0.148750067,0.903750002,0.194999993,20,-25,-46,0.187597513,-0.878693104,50,-127.3111801,353324812000000,1783454060.6029458
0,0,1001,0.312799513,-1.075243115,50,12.38459969,-128.0438843,1002,-4.31640625,-16.33789063,981.8945313,-0.148750067,0.466250002,-0.055000007,21,-25,-47,0.513322532,-1.115237474,50,-128.196991,353325140000000,1783454060.927746
0,0,1001,0.688768983,-1.309556961,50,12.38459969,-127.9807129,1002,-5.78125,-16.33789063,981.40625,-0.773750067,1.028749943,0.382499993,21,-26,-46,0.332076669,-0.92875725,50,-127.5144043,353325468000000,1783454061.259707
0,0,1001,0.48553437,-1.155054212,50,12.38459969,-128.21875,1002,-6.7578125,-17.80273438,979.9414063,-0.523750067,-0.721249998,0.007499993,20,-27,-45,-0.075093798,-0.849781871,50,-127.9461746,353325781000000,1783454061.5757532
0,0,1001,0.555406272,-1.18406713,50,12.38055992,-127.8293839,1002,-7.24609375,-17.80273438,981.8945313,-0.086250067,0.653750002,0.194999993,20,-26,-47,0.2760337,-0.901975393,50,-127.6553955,353326140000000,1783454061.9285758
0,0,1001,0.369997323,-1.019322991,50,12.38055992,-128.1130981,1002,-7.24609375,-17.80273438,979.453125,-0.211250067,0.466250002,-0.055000007,19,-25,-46,0.147840574,-0.822651684,50,-128.0628357,353326500000000,1783454062.2894561
0,0,1001,-0.013264745,-0.708767831,50,12.38055992,-127.8535385,1002,-7.734375,-16.82617188,981.40625,-0.211250067,-0.533749998,-0.055000007,21,-23,-48,0.351367116,-1.023674369,50,-128.2653503,353326859000000,1783454062.6477737
0,0,1001,0.207597718,-0.811889708,50,12.38055992,-127.1446915,1002,-6.26953125,-18.29101563,980.4296875,-0.211250067,-0.533749998,-0.242500007,20,-25,-47,0.683069289,-0.975408971,50,-127.5408554,353327171000000,1783454062.9659398
0,0,1001,0.061880384,-0.906702995,50,12.38055992,-127.7077713,1002,-5.78125,-18.29101563,979.453125,-0.398750067,-1.158750057,0.319999993,20,-25,-47,0.201527566,-1.132930756,50,-128.6481628,353327515000000,1783454063.3061123
0,0,1001,0.457603186,-1.18570292,50,12.38055992,-128.2919312,1002,-8.22265625,-19.26757813,978.4765625,0.038749933,0.903750002,0.382499993,19,-24,-46,0.201047435,-1.006114483,50,-128.0973053,353327828000000,1783454063.6143646
0,0,1001,0.494723558,-1.171537161,50.55555725,12.38055992,-127.5037537,1002,-8.22265625,-20.24414063,978.4765625,0.038749933,-0.471249998,0.069999993,20,-25,-46,0.324267358,-1.01848495,50,-127.3212051,353328140000000,1783454063.9340703
0,0,1001,0.385022789,-1.045485497,50,12.38055992,-128.0364685,1002,-6.7578125,-17.31445313,980.9179688,0.038749933,0.278750002,0.132499993,21,-26,-47,0.277479887,-0.984424829,51.11111069,-127.9578018,353328468000000,1783454064.2611659
0,0,1001,0.671538174,-1.155890465,50,12.38055992,-127.8712845,1002,-6.7578125,-18.29101563,981.8945313,-0.961250067,-1.283750057,0.194999993,20,-24,-44,0.431905359,-0.962051749,50,-127.4881744,353328781000000,1783454064.582008
0,0,1001,0.808691502,-1.23237443,50,12.38055992,-127.8988419,1002,-7.24609375,-19.26757813,979.9414063,-0.336250067,0.778750002,0.132499993,19,-24,-48,0.71235913,-1.001088381,50,-127.6249847,353329125000000,1783454064.9140472
0,0,1001,0.589035988,-1.141772151,50,12.38055992,-127.8065262,1002,-8.7109375,-19.26757813,981.8945313,0.163749933,0.591250002,0.007499993,21,-25,-48,0.575152874,-1.120637059,50,-127.6926193,353329453000000,1783454065.2393193
0,0,1001,0.257820427,-0.96470201,50,12.38055992,-127.7658463,1002,-7.24609375,-17.80273438,982.3828125,-0.398750067,-0.221249998,0.069999993,21,-27,-48,0.346942276,-0.981125414,50,-127.8445587,353329781000000,1783454065.5734735
0,0,1001,0.206452698,-1.14069593,50,12.38055992,-128.1164856,1002,-7.734375,-17.80273438,981.40625,-0.273750067,1.153749943,0.069999993,21,-24,-47,0.574567676,-1.091255903,50,-128.0919495,353330109000000,1783454065.9033344
0,0,1001,0.408479542,-1.079938054,51.11111069,12.38055992,-127.6612549,1002,-4.31640625,-19.26757813,980.4296875,-0.148750067,0.216250002,0.319999993,19,-24,-48,0.22979793,-0.917142093,50,-127.7733841,353330468000000,1783454066.2543976
0,0,1001,0.661821187,-1.300852299,50,12.38055992,-128.3820953,1002,-4.8046875,-17.80273438,980.4296875,-0.398750067,0.216250002,-0.055000007,22,-25,-49,0.723384619,-1.296981812,50,-128.1198273,353330812000000,1783454066.6028686
0,0,1001,0.338481694,-1.055574298,50,12.38055992,-128.354599,1002,-5.29296875,-18.29101563,980.4296875,-0.336250067,0.091250002,-0.117500007,20,-25,-48,0.32915929,-0.958400428,50,-128.3255463,353331140000000,1783454066.9297588
0,0,1001,0.376509547,-0.972078621,50,12.38055992,-127.8972015,1002,-6.7578125,-17.31445313,978.9648438,-0.023750067,1.028749943,-0.242500007,20,-25,-47,0.464817077,-0.964047968,50,-128.0132599,353331453000000,1783454067.2421114
0,0,1001,0.591406941,-1.226848364,50,12.38055992,-127.9584427,1002,-5.78125,-18.29101563,981.8945313,-0.211250067,0.028750002,0.007499993,21,-27,-48,0.397797942,-1.236327529,50,-128.0310059,353331796000000,1783454067.5867639
0,0,1001,0.607013762,-1.271369696,50,12.38055992,-127.9372406,1002,-6.7578125,-18.29101563,983.359375,-0.523750067,0.841250002,0.569999993,22,-24,-48,1.016913056,-1.544662833,50,-128.0888214,353332125000000,1783454067.920384
0,0,1001,0.515972555,-1.16489923,50,12.38055992,-128.1073303,1002,-7.734375,-18.29101563,981.8945313,-0.148750067,0.466250002,0.132499993,21,-25,-47,0.649350643,-1.202178955,50,-127.9683228,353332468000000,1783454068.254399
0,0,1001,0.471456349,-1.097561121,50,12.38055992,-127.7821121,1002,-4.8046875,-17.31445313,982.3828125,-0.086250067,0.216250002,-0.180000007,21,-27,-47,0.299576789,-1.024500012,50,-127.6747665,353332796000000,1783454068.5975382
0,0,1001,0.213585809,-0.951084673,50,12.38055992,-128.1385956,1002,-6.7578125,-19.75585938,981.8945313,-0.398750067,0.216250002,-0.117500007,23,-25,-46,0.930545986,-1.440471411,51.11111069,-128.4591217,353333109000000,1783454068.9053905
0,0,1001,0.511464417,-1.175674319,50,12.38055992,-128.3592072,1002,-5.78125,-15.84960938,980.9179688,-0.086250067,-0.096249998,0.007499993,22,-26,-45,0.434378684,-1.058642149,50,-128.0957642,353333437000000,1783454069.2310162
0,0,1001,0.218989894,-0.941944659,50,12.38055992,-128.3410645,1002,-2.8515625,-16.82617188,982.8710938,-0.523750067,0.028750002,0.069999993,22,-24,-49,0.579872549,-1.236277699,50,-128.6296997,353333765000000,1783454069.5569408
0,0,1001,0.515442014,-1.203631759,50,12.38055992,-128.0839081,1002,-4.8046875,-16.33789063,979.9414063,-0.461250067,0.028750002,-0.180000007,20,-25,-48,0.104121052,-0.796405196,50,-127.7166748,353334109000000,1783454069.8954008
0,0,1001,0.052111879,-1.087499976,50,12.38055992,-128.2088776,1002,-5.29296875,-17.31445313,983.8476563,-0.086250067,-15.53374958,-0.430000007,21,-24,-46,-0.126383677,-1.23715353,50,-128.2646332,353334437000000,1783454070.2250495
0,0,1001,0.442074299,-1.026798606,50,12.38055992,-127.9237595,1002,-5.78125,-16.82617188,978.9648438,-0.461250067,0.153750002,-0.242500007,21,-26,-46,0.575903893,-1.202043653,50,-128.0044098,353334781000000,1783454070.5713754
0,0,1001,-0.031344373,-1.163220167,50,12.38055992,-128.2234802,1002,-5.78125,-17.80273438,978.9648438,-0.211250067,0.091250002,0.069999993,21,-25,-47,0.397241861,-1.019734621,50,-128.0967407,353335109000000,1783454070.8957958
0,0,1001,0.363953352,-0.982334018,50.55555725,12.38055992,-127.8291779,1002,-6.7578125,-18.29101563,982.8710938,-0.211250067,0.278750002,-0.055000007,20,-25,-47,0.395168453,-1.023612738,50,-127.94384,353335437000000,1783454071.2355177
0,0,1001,0.495554507,-1.192674398,50,12.38055992,-128.8376465,1002,-3.828125,-17.80273438,979.9414063,-0.461250067,-0.221249998,0.194999993,23,-27,-47,0.407340854,-1.091369748,50,-128.6877899,353335796000000,1783454071.5915072
0,0,1001,0.316817582,-0.922640741,50.55555725,12.40209007,-128.8312073,1002,-5.29296875,-17.31445313,982.8710938,-0.086250067,0.466250002,0.132499993,21,-25,-49,0.289520264,-0.894904613,51.11111069,-128.8319092,353336140000000,1783454071.9312043
0,0,1001,0.40569967,-1.075240374,50,12.40209007,-127.7347412,1002,-2.8515625,-19.26757813,978.9648438,-0.586250067,-0.721249998,0.194999993,20,-25,-47,0.450479716,-1.182300687,50,-127.838356,353336500000000,1783454072.2941852
0,0,1001,0.404904425,-1.002549171,50,12.40209007,-128.3221741,1002,-6.7578125,-17.80273438,979.453125,-0.398750067,0.028750002,0.069999993,21,-26,-48,0.385798186,-1.035710216,50,-128.359787,353336828000000,1783454072.6237319
0,0,1001,0.837144971,-1.429795623,50,12.40209007,-128.3160248,1002,-5.78125,-16.82617188,980.4296875,-0.273750067,-0.158749998,0.194999993,20,-26,-46,0.162952036,-0.941404819,50,-127.7880707,353337156000000,1783454072.9566643
0,0,1001,0.698321521,-1.335058808,50,12.40209007,-128.1311951,1002,-6.7578125,-16.82617188,981.8945313,-0.461250067,-0.283749998,0.069999993,20,-26,-47,0.17388019,-0.90076828,50,-127.7115707,353337484000000,1783454073.2792227
0,0,1001,0.390893757,-1.017762899,50,12.40209007,-128.0932617,1002,-6.26953125,-19.26757813,981.8945313,-0.773750067,-0.533749998,-0.367500007,21,-25,-47,0.378192157,-1.117305279,50,-128.0979156,353337828000000,1783454073.61352
0,0,1001,0.533249915,-1.129929543,50,12.40209007,-128.3377838,1002,-3.828125,-17.80273438,983.359375,-0.398750067,0.278750002,-0.180000007,21,-25,-49,0.457396239,-1.098598123,50,-128.2694244,353338156000000,1783454073.9560792
0,0,1001,0.677809179,-1.182717204,50.55555725,12.40209007,-128.1599426,1002,-5.78125,-16.82617188,984.3359375,-0.023750067,-0.846249998,0.132499993,21,-24,-47,0.993865073,-1.072554827,50,-127.840271,353338515000000,1783454074.3130624
0,0,1001,0.200993821,-0.877295375,50,12.40209007,-127.9004364,1002,-5.78125,-17.80273438,980.4296875,0.038749933,-0.533749998,-0.180000007,22,-25,-46,0.519436419,-1.122109056,50,-128.0729065,353338906000000,1783454074.6972976
0,0,1001,0.329363108,-0.960257471,50,12.40209007,-128.2286377,1002,-6.7578125,-17.31445313,982.3828125,-0.148750067,0.591250002,-0.180000007,20,-24,-47,0.745758295,-1.219682932,50,-128.4481964,353339234000000,1783454075.0329185
0,0,1001,0.131015822,-0.905108988,50,12.40209007,-127.5543823,1002,-4.31640625,-17.80273438,982.3828125,-0.648750067,-0.283749998,0.069999993,23,-25,-47,0.674913764,-1.36104548,50,-127.9747391,353339578000000,1783454075.3696852
0,0,1001,0.604783058,-1.262975574,50.55555725,12.40209007,-127.8541641,1002,-4.31640625,-16.33789063,980.4296875,-0.398750067,0.778750002,-0.180000007,21,-25,-49,0.226824775,-0.959773183,50.55555725,-127.6285172,353339906000000,1783454075.7026932
0,0,1001,0.195637107,-0.755458415,50,12.40209007,-128.0627747,1002,-3.828125,-18.29101563,982.3828125,-0.648750067,0.528750002,0.132499993,21,-25,-48,0.477625072,-1.070745826,50,-128.4017334,353340250000000,1783454076.0397923
0,0,1001,0.507967114,-0.982584178,50,12.40209007,-127.9885406,1002,-3.33984375,-18.77929688,981.8945313,-0.336250067,0.278750002,0.194999993,21,-26,-48,0.914977193,-1.107897758,50,-128.1417084,353340562000000,1783454076.3579016
0,0,1001,0.395785391,-0.97591424,50,12.40209007,-128.4577789,1002,-4.31640625,-17.31445313,981.40625,0.226249933,0.028750002,0.194999993,21,-25,-48,0.612347305,-0.872030377,50,-128.5201721,353340890000000,1783454076.6851385
0,0,1001,0.452992558,-1.066294312,50,12.40209007,-127.4166336,1002,-6.26953125,-16.82617188,980.9179688,-0.523750067,-0.158749998,0.194999993,19,-26,-47,0.114741556,-0.883527756,50,-127.3355103,353341203000000,1783454077.0035138
0,0,1001,-0.237228259,-1.188765287,50,12.40209007,-127.8011475,1002,-4.31640625,-16.33789063,980.9179688,-0.023750067,0.778750002,0.069999993,20,-26,-46,0.1644786,-0.819796264,50.55555725,-127.5532227,353341546000000,1783454077.3370612
0,0,1001,0.13957572,-1.012212634,50,12.40209007,-128.8555908,1002,-6.7578125,-18.29101563,979.9414063,-0.398750067,0.278750002,0.132499993,21,-25,-45,0.343663782,-1.00952208,50,-128.8031464,353341859000000,1783454077.6447232
0,0,1001,0.168944627,-0.864916384,50,12.40209007,-127.9073944,1002,-7.24609375,-17.80273438,980.4296875,-0.586250067,0.216250002,-0.180000007,20,-25,-48,0.388319343,-0.985091269,50,-128.1860199,353342187000000,1783454077.978438
0,0,1001,0.071829334,-0.881228149,50,12.40209007,-128.0488739,1002,-6.7578125,-18.77929688,981.8945313,-0.461250067,-0.346249998,0.257499993,21,-23,-48,0.42691651,-1.138615012,50,-128.3755188,353342515000000,1783454078.315403
0,0,1001,0.408375919,-1.04021728,50,12.40209007,-128.2495728,1002,-5.29296875,-17.31445313,982.3828125,-0.461250067,-0.346249998,0.007499993,20,-26,-46,0.172771797,-0.97670573,50,-128.1127167,353342859000000,1783454078.6500328
0,0,1001,0.169977352,-0.923226655,50,12.40209007,-127.3563843,1002,-6.7578125,-17.31445313,980.4296875,-0.711250067,0.216250002,0.194999993,21,-24,-48,0.772125661,-1.148873806,50,-127.7778931,353343171000000,1783454078.957826
0,0,1001,0.325109065,-1.06634903,50,12.40209007,-128.6466827,1002,-5.78125,-18.29101563,980.4296875,-0.398750067,0.653750002,-0.242500007,22,-26,-45,0.387209654,-1.061797619,50,-128.7397614,353343484000000,1783454079.2814798
0,0,1001,0.210441828,-1.166981101,50,12.40209007,-128.3074951,1002,-5.78125,-15.36132813,982.8710938,-0.148750067,-15.15874958,0.132499993,21,-26,-46,-0.365139395,-1.024272203,50,-128.2282715,353343828000000,1783454079.625531
0,0,1001,0.454381853,-1.034299135,50,12.40209007,-128.1226196,1002,-3.828125,-15.84960938,981.40625,-0.586250067,0.966250002,0.194999993,21,-25,-48,0.548169076,-0.927593708,50,-128.0358887,353344156000000,1783454079.9483113
0,0,1001,0.840021551,-1.186462522,50,12.40209007,-127.8805313,1002,-5.78125,-20.73242188,982.3828125,-0.336250067,0.341250002,0.319999993,21,-25,-46,0.365097642,-1.125649095,50,-127.6734543,353344500000000,1783454080.289665
0,0,1001,0.617208898,-1.290917516,50.55555725,12.40209007,-127.9026642,1002,-4.8046875,-20.24414063,981.8945313,-0.336250067,-0.033749998,-0.430000007,21,-25,-46,0.238797858,-0.966626406,50,-127.5256119,353344828000000,1783454080.614978
0,0,1001,0.768530011,-1.314855099,50,12.40209007,-127.5796814,1002,-6.7578125,-16.33789063,985.8007813,-0.211250067,0.091250002,0.319999993,21,-25,-46,0.6908167,-1.194797873,50,-127.182106,353345140000000,1783454080.9412162
0,0,1001,0.305570662,-1.005278707,50,12.40209007,-127.4798737,1002,-6.26953125,-17.80273438,982.8710938,-0.398750067,-0.408749998,0.132499993,21,-27,-47,0.215501204,-0.909558773,50,-127.4111557,353345484000000,1783454081.2700648
0,0,1001,0.452840477,-1.103935242,50,12.40209007,-128.0961151,1002,-4.31640625,-18.77929688,982.3828125,-0.398750067,-0.533749998,0.007499993,20,-24,-48,0.244880959,-1.034459472,50,-128.0705109,353345812000000,1783454081.612141
0,0,1001,0.253894269,-0.942807078,50,12.40209007,-127.8682404,1002,-4.8046875,-18.29101563,981.40625,-0.398750067,0.278750002,0.007499993,21,-25,-47,0.579495072,-1.210607886,50,-128.1202698,353346125000000,1783454081.9220438
0,0,1001,0.615092576,-1.281201005,50,12.39256001,-127.8790741,1002,-6.26953125,-17.80273438,980.9179688,-0.648750067,-0.033749998,0.069999993,22,-25,-46,0.563783228,-1.258762002,50,-127.7388382,353346437000000,1783454082.2326515
0,0,1001,0.545639634,-1.177316427,50,12.39256001,-128.0392609,1002,-5.29296875,-18.29101563,978.4765625,-0.336250067,0.278750002,0.007499993,21,-25,-47,0.389867693,-1.033775449,50,-127.867569,353346750000000,1783454082.540082
0,0,1001,-0.235515222,-1.104133368,50,12.39256001,-128.1391449,1002,-7.24609375,-19.75585938,978.9648438,-0.461250067,-0.783749998,-0.055000007,19,-24,-48,0.31472379,-1.031553388,50,-128.2175903,353347062000000,1783454082.8581414
0,0,1001,0.21701318,-0.939888954,50,12.39256001,-127.5774307,1002,-7.24609375,-17.31445313,983.359375,-0.461250067,0.028750002,-0.055000007,21,-25,-47,0.528828859,-1.075543761,49.44444275,-127.7918549,353347406000000,1783454083.1970718
0,0,1001,0.699522853,-1.222058892,50,12.39256001,-128.2176666,1002,-4.8046875,-15.84960938,979.9414063,0.351249933,0.841250002,0.257499993,19,-23,-47,0.453400373,-0.988308847,50.55555725,-127.8352585,353347703000000,1783454083.4991903
0,0,1001,0.530715406,-1.109386683,50,12.39256001,-127.9811325,1002,-5.29296875,-18.29101563,981.40625,-0.273750067,0.091250002,-0.367500007,20,-25,-46,0.234333083,-0.96776706,50,-127.7670898,353348062000000,1783454083.8540967
0,0,1001,0.685812473,-1.253685951,50,12.39256001,-127.871788,1002,-7.24609375,-17.80273438,982.3828125,-0.461250067,-0.221249998,-0.180000007,21,-24,-47,0.777752638,-1.223127961,50,-127.7612686,353348390000000,1783454084.1785529
0,0,1001,0.27156049,-0.910774529,50,12.39256001,-128.0349274,1002,-5.78125,-16.82617188,982.3828125,-0.336250067,-0.096249998,0.132499993,22,-25,-48,0.503309608,-1.155889153,50,-128.2893829,353348718000000,1783454084.5118067
0,0,1001,0.509533226,-1.014532804,50.55555725,12.39256001,-128.1719513,1002,-7.24609375,-15.84960938,983.8476563,-0.211250067,0.153750002,-0.305000007,21,-25,-47,0.681730449,-1.214979291,50,-128.3164673,353349046000000,1783454084.8417292
0,0,1001,0.284246385,-0.828431606,50,12.39256001,-127.5174713,1002,-5.29296875,-16.82617188,981.8945313,-0.461250067,0.028750002,0.007499993,20,-24,-46,0.938287795,-0.995928288,50,-128.0924377,353349359000000,1783454085.1505926
0,0,1001,0.295779705,-0.978870571,50,12.39256001,-128.078125,1002,-6.26953125,-18.29101563,983.359375,-0.086250067,0.278750002,0.132499993,21,-25,-47,0.392811954,-1.07993412,50,-128.173233,353349703000000,1783454085.4936156
0,0,1001,0.689133584,-1.208376884,50,12.39256001,-128.3363495,1002,-4.8046875,-17.80273438,981.8945313,-0.336250067,-0.721249998,0.069999993,20,-25,-48,0.233594656,-1.007160425,50,-127.8963089,353350015000000,1783454085.805194
0,0,1001,0.305605024,-0.972790718,50,12.39256001,-128.6732178,1002,-5.29296875,-17.80273438,981.40625,-0.461250067,0.528750002,0.007499993,20,-26,-48,0.233266294,-1.05310154,49.44444275,-128.6828308,353350359000000,1783454086.158909
0,0,1001,-0.577669084,-0.91651094,50,12.39256001,-128.435791,1002,-6.26953125,-17.80273438,981.8945313,-0.398750067,-0.658749998,0.007499993,22,-26,-45,0.357436419,-1.07878232,50,-128.6424561,353350718000000,1783454086.5063045
0,0,1001,0.696394444,-1.32798481,50,12.39256001,-127.7069778,1002,-7.734375,-18.29101563,980.9179688,-0.086250067,-0.658749998,-0.055000007,20,-24,-49,0.658392847,-1.248838425,50,-127.3299637,353351015000000,1783454086.8064764
0,0,1001,0.268762827,-1.078343868,50,12.39256001,-127.9395752,1002,-1.875,-18.29101563,980.4296875,-0.398750067,-1.096250057,-0.117500007,20,-27,-48,-0.076287448,-0.81245172,50,-127.747406,353351359000000,1783454087.150486
0,0,1001,0.622742772,-1.182640433,50.55555725,12.39256001,-127.862854,1002,-6.7578125,-16.33789063,980.4296875,-0.148750067,1.153749943,-0.055000007,19,-24,-46,0.403940916,-0.947523534,50,-127.6326065,353351671000000,1783454087.4704175
0,0,1001,0.336512983,-1.099701881,50,12.39256001,-127.8231812,1002,-7.24609375,-19.75585938,982.3828125,-0.461250067,-0.596249998,0.194999993,20,-27,-46,0.21741046,-0.981314123,50,-127.5745316,353352015000000,1783454087.8044846
0,0,1001,0.237323597,-0.966435611,50,12.39256001,-127.7266388,1002,-5.78125,-14.87304688,980.4296875,-0.523750067,0.403750002,0.007499993,22,-25,-47,0.188756421,-1.159761429,50,-127.877594,353352343000000,1783454088.1326115
0,0,1001,0.487616926,-1.211746216,50.55555725,12.39256001,-128.5498657,1002,-4.8046875,-17.31445313,982.8710938,-0.773750067,-0.033749998,0.132499993,22,-25,-46,0.215659931,-1.067771196,50,-128.3464355,353352687000000,1783454088.475669
0,0,1001,0.470125228,-1.134913683,50,12.39256001,-127.9023056,1002,-5.29296875,-17.31445313,981.8945313,-0.523750067,0.153750002,-0.180000007,20,-24,-47,0.443959534,-1.118964672,50,-127.8130569,353353015000000,1783454088.8068147
0,0,1001,0.1026133,-0.845852077,50,12.39256001,-127.7620087,1002,-3.828125,-16.82617188,983.359375,-0.461250067,0.778750002,0.007499993,20,-24,-45,0.452480853,-1.051913381,50.55555725,-128.0261078,353353343000000,1783454089.1381447
0,0,1001,0.335485905,-1.000415325,50,12.39256001,-128.0666351,1002,-4.8046875,-20.24414063,980.4296875,-0.148750067,0.216250002,-0.305000007,21,-26,-45,0.515359998,-1.069215536,50,-128.3521881,353353687000000,1783454089.4740684
0,0,1001,0.556716681,-1.263525128,50.55555725,12.39256001,-128.6351013,1002,-5.29296875,-18.29101563,982.3828125,-0.211250067,0.653750002,0.194999993,21,-23,-45,0.707252979,-1.352259994,51.66666794,-128.5451965,353354015000000,1783454089.8133109
0,0,1001,0.804434657,-1.358599544,50,12.39256001,-128.693634,1002,-6.26953125,-15.36132813,981.8945313,-0.211250067,1.278749943,-0.242500007,20,-24,-46,0.365484148,-1.02189374,50,-127.9264069,353354359000000,1783454090.1461504
0,0,1001,0.5373891,-1.22016108,50,12.39256001,-128.2528534,1002,-5.29296875,-18.29101563,981.8945313,-0.773750067,-0.221249998,-0.180000007,20,-24,-46,0.076203309,-1.084821343,50,-128.022583,353354718000000,1783454090.5068898
0,0,1001,0.125027135,-0.850921273,50,12.39256001,-127.8142319,1002,-7.734375,-16.82617188,983.359375,-0.211250067,-0.096249998,0.007499993,19,-25,-46,0.27554816,-0.942786992,50,-127.9491119,353355062000000,1783454090.8556278
0,0,1001,0.305333644,-1.099633813,50,12.39256001,-128.2878876,1002,-4.8046875,-19.26757813,979.9414063,-0.523750067,0.403750002,0.319999993,20,-26,-47,0.318270385,-1.079293132,50,-129.0619049,353355390000000,1783454091.1873055
0,0,1001,0.332854658,-1.106260657,49.44444275,12.39256001,-128.4464569,1002,-7.24609375,-15.84960938,980.9179688,-0.586250067,-1.033750057,0.194999993,20,-26,-47,-0.023928843,-0.819759727,50,-128.2393188,353355718000000,1783454091.5141625
0,0,1001,0.389765441,-1.065967441,50,12.39256001,-128.1745911,1002,-5.29296875,-17.31445313,982.8710938,-0.086250067,0.841250002,0.194999993,21,-26,-47,0.49182719,-1.12016809,50,-128.2324524,353356062000000,1783454091.8505788
0,0,1001,0.468167484,-1.157668948,50,12.39276981,-128.0717163,1002,-6.26953125,-19.26757813,979.9414063,0.038749933,0.216250002,-0.430000007,20,-24,-46,0.629909694,-1.227870941,50,-128.0454865,353356406000000,1783454092.2001317
0,0,1001,0.536723554,-1.248482347,50,12.39276981,-128.2953796,1002,-6.7578125,-19.26757813,984.3359375,-0.211250067,0.091250002,0.132499993,21,-24,-46,0.511424661,-1.167349339,50,-128.0812683,353356765000000,1783454092.5559127
0,0,1001,0.736665964,-1.340047598,50,12.39276981,-128.5048981,1002,-5.29296875,-18.29101563,980.4296875,-0.273750067,-0.533749998,-0.180000007,21,-25,-45,0.46301201,-1.110985518,50,-128.2147369,353357078000000,1783454092.8720412
0,0,1001,0.424649924,-0.926766872,50,12.39276981,-127.9889908,1002,-5.29296875,-18.29101563,978.9648438,-0.336250067,0.091250002,-0.305000007,22,-26,-47,0.496373773,-0.935419023,50,-128.0722351,353357375000000,1783454093.175089
0,0,1001,0.414938956,-1.094387293,50,12.39276981,-127.9651794,1002,-4.8046875,-19.75585938,982.3828125,-0.273750067,0.341250002,0.132499993,21,-24,-47,0.656829774,-1.304742932,50,-128.0446777,353357703000000,1783454093.4914222
0,0,1001,0.314021975,-1.020991802,50,12.39276981,-128.0245056,1002,-6.7578125,-18.29101563,980.4296875,-0.711250067,0.778750002,0.194999993,20,-25,-47,0.196166337,-0.903370798,50,-127.8442612,353358015000000,1783454093.8159852
0,0,1001,0.419502437,-1.090058684,50,12.39276981,-128.4555817,1002,-3.33984375,-19.75585938,982.3828125,-0.211250067,0.403750002,0.257499993,20,-24,-46,0.551161647,-1.249382496,50,-128.5400696,353358343000000,1783454094.1378617
0,0,1001,0.319167703,-0.946995139,50,12.39276981,-128.1628418,1002,-5.78125,-16.33789063,979.9414063,-0.398750067,-0.346249998,-0.430000007,22,-25,-48,0.732668161,-1.29036212,50,-128.4863281,353358640000000,1783454094.438048
0,0,1001,0.606230795,-1.277591109,50,12.39276981,-128.027359,1002,-6.7578125,-18.77929688,979.9414063,-0.086250067,-0.221249998,0.007499993,20,-24,-47,0.474318892,-1.111982942,50,-127.5944366,353358984000000,1783454094.7739818
0,0,1001,0.454524577,-1.156456113,50,12.39276981,-128.4790649,1002,-6.26953125,-16.82617188,978.9648438,-0.148750067,-0.221249998,0.257499993,20,-24,-47,0.410220295,-1.02991879,50,-128.28508,353359328000000,1783454095.120508
0,0,1001,0.301051944,-0.996917963,50,12.39276981,-128.3313446,1002,-4.8046875,-21.70898438,978.4765625,-0.273750067,-0.471249998,0.069999993,21,-25,-47,0.365468979,-1.161578894,51.11111069,-128.3978882,353359687000000,1783454095.4842827
0,0,1001,0.483152896,-1.062028646,50,12.39276981,-128.0965271,1002,-5.29296875,-20.24414063,983.8476563,-0.211250067,-0.721249998,-0.117500007,21,-25,-46,0.527982175,-1.055158377,50.55555725,-128.1710968,353360031000000,1783454095.8269815
0,0,1001,0.141706645,-0.935516894,50,12.39276981,-128.0432587,1002,-5.29296875,-18.77929688,983.359375,-0.273750067,-0.658749998,0.132499993,21,-24,-46,0.556653023,-1.246874094,50,-128.3657837,353360359000000,1783454096.1487303
0,0,1001,0.48811096,-1.150329113,50,12.39276981,-128.0793457,1002,-3.828125,-17.31445313,980.4296875,-0.398750067,0.591250002,-0.242500007,20,-25,-46,0.401712626,-1.05459404,50,-127.9674301,353360687000000,1783454096.4795635
0,0,1001,0.359912366,-1.058197975,50,12.39276981,-127.7315979,1002,-5.78125,-17.31445313,979.9414063,-0.336250067,-1.096250057,-0.180000007,19,-27,-48,-0.124997683,-0.749188244,50,-127.7163925,353361015000000,1783454096.804538
0,0,1001,0.254105031,-0.915885925,50,12.39276981,-127.938591,1002,-8.7109375,-15.84960938,979.453125,-0.586250067,0.466250002,0.194999993,20,-24,-47,0.57070452,-1.061739087,50,-128.2357941,353361359000000,1783454097.1595163
0,0,1001,0.038259152,-0.880600333,50,12.39276981,-127.960289,1002,-4.8046875,-17.80273438,981.8945313,-0.023750067,0.591250002,-0.242500007,19,-25,-45,0.096625328,-1.016002774,50,-128.171814,353361703000000,1783454097.490271
0,0,1001,0.205325454,-0.960924387,50,12.39276981,-127.9800568,1002,-5.78125,-16.33789063,979.9414063,-0.023750067,0.653750002,0.257499993,20,-23,-47,0.146051869,-1.163100243,50,-128.3087006,353362000000000,1783454097.7990687
0,0,1001,0.590999603,-0.936132371,50,12.39276981,-127.9984131,1002,-2.8515625,-16.82617188,979.453125,-0.273750067,0.216250002,0.132499993,19,-25,-46,0.342723966,-0.935380042,50,-128.1173096,353362375000000,1783454098.1719463
0,0,1001,0.274329275,-0.8881405,50,12.39276981,-127.0098953,1002,-4.8046875,-14.87304688,978.9648438,-0.586250067,0.028750002,0.319999993,20,-25,-47,0.342470139,-0.985788643,50,-126.8957214,353362703000000,1783454098.5000002
0,0,1001,0.225801423,-0.921071887,51.11111069,12.39276981,-127.0628204,1002,-6.26953125,-17.31445313,980.9179688,-0.148750067,1.466249943,-0.055000007,20,-27,-47,0.260265857,-0.895372808,50,-127.1766739,353363062000000,1783454098.8559535
0,0,1001,0.273390085,-1.059017897,50,12.39276981,-127.5992203,1002,-5.29296875,-16.82617188,980.9179688,-0.711250067,-1.283750057,0.069999993,20,-25,-47,0.295894265,-1.126110196,50.55555725,-127.6095734,353363671000000,1783454099.4680753
0,0,1001,0.217332989,-0.974868,50,12.39276981,-127.7704773,1002,-6.26953125,-16.82617188,980.9179688,-0.336250067,0.091250002,0.132499993,22,-24,-48,0.754066348,-1.357590318,50,-128.1898499,353364062000000,1783454099.8585973
0,0,1001,0.552267075,-1.204636931,50.55555725,12.39276981,-128.9313965,1002,-5.29296875,-18.77929688,980.9179688,0.101249933,-0.783749998,0.007499993,21,-25,-47,0.183539093,-0.906179607,50,-128.6642761,353364421000000,1783454100.210708
0,0,1001,0.620374501,-1.308927894,50,12.39276981,-127.9281387,1002,-4.8046875,-16.82617188,982.3828125,-0.586250067,-0.783749998,-0.305000007,19,-25,-47,0.219685778,-1.004698634,50,-127.6268005,353364750000000,1783454100.5488813
0,0,1001,0.731732488,-1.239836574,50.55555725,12.39276981,-128.5084229,1002,-7.734375,-15.84960938,981.40625,-0.773750067,1.091249943,-0.055000007,20,-26,-46,0.370708615,-0.927349627,50.55555725,-128.1501923,353365078000000,1783454100.8694487
0.06018509,0,1001,-3.367071152,9.877367973,50,12.39276981,172.8400879,1002,55.7421875,4.169921875,1014.121094,-1.898750067,-5.158750057,-23.93000031,13,-18,-45,-4.558476925,11.11222172,50.55555725,173.4091949,353365437000000,1783454101.2284706
0,0,1001,-3.680200338,6.365339756,50,12.39276981,-166.0220795,1002,-8.22265625,-20.73242188,974.0820313,-0.398750067,0.403750002,-0.180000007,8,-15,-48,-3.173459053,6.736283302,50,-169.5702057,353365765000000,1783454101.5544617
0,0,1001,-3.242973804,2.943040848,50.55555725,12.39276981,-146.3651123,1002,-1.38671875,-21.22070313,983.8476563,-0.273750067,-0.033749998,-0.117500007,9,-15,-48,-3.01173234,2.86545825,50,-147.2891083,353366093000000,1783454101.8843334
0.131720745,0.076193303,1001,-5.226886749,5.833053589,50,11.96844006,-166.8164673,1002,3.0078125,-50.02929688,993.6132813,3.226249933,7.466249943,-22.80500031,12,-13,-46,-3.363085032,4.270697594,50.55555725,-166.5909119,353366406000000,1783454102.199353
0.020648103,0,1001,-1.750533462,3.36564064,50.55555725,11.96844006,-160.9034882,1002,-24.82421875,-15.36132813,984.8242188,-0.398750067,1.153749943,0.257499993,12,-12,-46,-1.763234496,3.700255156,50,-161.6508789,353366734000000,1783454102.5271544
0,0,1001,-1.400731325,1.144024968,50,11.96844006,-149.1602936,1002,-1.875,-21.70898438,982.3828125,-0.648750067,-0.533749998,-0.180000007,13,-11,-46,-1.345929623,1.06190455,50,-149.8936462,353367046000000,1783454102.8382027
-0.068134064,0.15917169,1001,7.780390739,-0.66561079,50,11.96844006,-92.30724335,1002,-44.35546875,-6.083984375,908.1640625,-6.086250305,-6.096250057,103.0074997,18,-10,-46,6.987334728,-1.41243422,50,-101.9367676,353367359000000,1783454103.1477044
0,0.022531106,1001,12.86813164,-2.775917292,50,11.96844006,-73.65856171,1002,3.984375,-42.70507813,986.2890625,-0.586250067,-0.158749998,6.820000172,20,-11,-44,13.91011238,-2.611561298,50,-70.6341095,353367687000000,1783454103.4776967
0.068527125,-0.045670883,1001,0.093557715,0.449147999,50,11.96844006,-151.1984558,1002,47.9296875,49.58007813,993.125,-0.461250067,6.341249943,-57.55500031,16,-10,-46,0.166912854,-2.002420902,50,-142.3382874,353368015000000,1783454103.8021894
0.008323895,0,1001,-0.525747776,0.185452908,50,11.96844006,-157.8634796,1002,-9.19921875,-25.12695313,982.8710938,-0.648750067,-1.283750057,-5.054999828,21,-10,-43,-0.911484361,0.473517835,50,-157.8035583,353368328000000,1783454104.1233132
0.068662637,-0.091564111,1001,7.064956665,7.151694775,50,11.96844006,36.69254684,1002,25.46875,13.44726563,1051.230469,0.976249933,-5.221250057,-61.36750031,9,-10,-47,7.214733601,7.529076576,50,48.39772797,353368656000000,1783454104.456626
0,0,1001,6.695043087,6.313720703,50,11.96844006,10.459939,1002,-11.15234375,-34.89257813,969.1992188,-0.336250067,-0.221249998,1.569999933,2,-7,-46,4.397044182,5.120146751,50,10.89169693,353368984000000,1783454104.7757635
0,0,1001,7.42612648,5.222971439,50,11.96844006,2.877660036,1002,14.7265625,-10.47851563,990.1953125,-0.211250067,0.278750002,-0.992500007,5,-8,-44,5.622070313,5.289874554,50,3.703290462,353369281000000,1783454105.077811
-0.082411461,0.083128577,1001,8.478342056,6.336035252,50,11.96844006,20.81643677,1002,54.765625,56.41601563,1038.046875,-1.898750067,6.466249943,72.69499969,4,-12,-49,3.962435961,8.896884918,50,14.59665108,353369609000000,1783454105.4079826
0,0,1001,9.993368149,7.231223583,50,11.96844006,42.99264526,1002,23.02734375,-22.68554688,981.40625,-1.023750067,-0.471249998,1.007499933,10,-7,-43,8.563501358,6.833539963,50,42.7033844,353369937000000,1783454105.731174
-0.252223404,0.229294003,1001,15.99466228,5.089655399,50,11.96844006,-40.49597168,1002,-82.9296875,-46.12304688,1016.074219,-6.711250305,-7.096250057,203.9450073,21,-10,-44,13.01274967,-0.141664624,50,-75.64648438,353370281000000,1783454106.0784137
0,0,1001,14.56267357,19.5018692,50,11.96844006,72.2984848,1002,-2.8515625,-29.03320313,969.6875,-0.773750067,0.091250002,10.50749969,22,-27,-48,13.25633144,19.41930389,50,69.68691254,353370625000000,1783454106.4250453
0,0,1001,14.170784,21.65748596,50.55555725,11.96844006,91.2470932,1002,-7.734375,-15.36132813,985.8007813,-0.461250067,-0.533749998,-0.180000007,27,-28,-44,14.24717426,22.35224152,50,90.10456085,353370984000000,1783454106.773321
0,0,1001,6.829916477,21.45045662,50,11.96844006,136.6239624,1002,-12.6171875,-13.40820313,981.40625,-0.273750067,16.02874947,0.382499993,27,-27,-43,8.037461281,22.60983086,50,134.3143768,353371281000000,1783454107.0758185
0,0,1001,-2.452936172,5.516221523,50,11.96844006,-153.3817444,1002,-15.546875,-11.94335938,980.9179688,-0.211250067,0.966250002,-0.305000007,26,-27,-44,-2.720278502,7.30661726,50,-157.6595612,353371578000000,1783454107.3787427
0,0,1001,0.167326376,-0.106444851,50,11.96844006,-133.9616852,1002,-13.59375,-12.91992188,979.9414063,-0.211250067,0.716250002,-0.180000007,25,-26,-44,0.39278543,-0.275587022,50,-134.6044006,353371906000000,1783454107.7009256
0,0,1001,1.016611457,-0.802212059,50,11.96844006,-132.1924286,1002,-16.03515625,-15.36132813,978.9648438,-0.273750067,0.028750002,-0.180000007,25,-28,-45,1.077966332,-0.599687755,50,-132.1323853,353372234000000,1783454108.0290265
0,0,1001,0.982281923,-0.898504913,50,11.96844006,-131.8710938,1002,-12.12890625,-16.33789063,980.9179688,-0.336250067,0.716250002,-0.180000007,24,-28,-45,0.515083432,-0.6396662,50,-131.5500946,353372546000000,1783454108.3468065
0,0,1001,1.238758564,-0.918651044,50.55555725,11.96844006,-131.9368896,1002,-13.10546875,-14.38476563,979.453125,-0.398750067,-0.221249998,0.007499993,25,-26,-45,0.833523035,-0.827514887,50.55555725,-132.0636749,353372859000000,1783454108.658799
0,0,1001,1.223795056,-1.126150131,50,11.96844006,-131.12117,1002,-13.59375,-15.84960938,981.40625,-0.023750067,0.341250002,-0.117500007,26,-27,-44,0.834122896,-0.832269788,50,-131.4189606,353373218000000,1783454109.009071
0.11460916,-0.095320067,1001,1.408186316,-2.641551971,50,11.96844006,-133.1631622,1002,-74.62890625,-69.07226563,979.453125,-1.461250067,0.466250002,-6.242499828,35,-27,-35,2.598867416,-2.571703672,50,-131.1129913,353373531000000,1783454109.317306
0.02299247,0,1001,-1.656678915,4.970221519,50,11.96844006,-160.2386932,1002,8.37890625,-18.77929688,1001.914063,-0.586250067,-1.596250057,-0.055000007,21,-20,-45,-1.893679857,6.139332294,50,-165.2238159,353373843000000,1783454109.6384137
0,0,1001,-0.647960722,0.129854828,51.11111069,11.96844006,-138.9485321,1002,-9.6875,4.169921875,964.8046875,-0.086250067,-0.971249998,-2.180000067,20,-21,-45,-1.400307298,0.825876296,50,-139.3882294,353374203000000,1783454109.9906886
0.091605921,-0.114472554,1001,10.06005859,8.994127274,50.55555725,11.96844006,89.62923431,1002,3.0078125,12.95898438,906.6992188,3.413749933,4.528749943,-89.43000031,19,-11,-45,9.326194763,11.30643368,50,111.9794922,353374531000000,1783454110.3242922
0,0,1001,6.998524666,8.747033119,50,11.96844006,76.25909424,1002,-21.89453125,-27.08007813,988.2421875,1.101249933,-1.533750057,15.38249969,12,-8,-47,8.729457855,9.009362221,50,74.49790192,353374890000000,1783454110.688486
0.154422561,0.098880214,1001,19.80404472,4.540486813,50.55555725,11.96844006,83.5125351,1002,-9.6875,-10.47851563,939.4140625,0.788749933,0.153750002,-4.742499828,30,-4,-48,14.34897614,12.28712749,50.55555725,87.2149353,353375312000000,1783454111.1082313
0,0,1001,15.71943474,8.851525307,50.55555725,11.96844006,46.12436295,1002,-3.33984375,0.263671875,949.1796875,-0.211250067,-0.971249998,-4.867499828,19,-9,-45,14.6853838,9.087952614,50,46.11271286,353375640000000,1783454111.4347355
0,0,1001,14.70169735,6.764957905,50.55555725,11.96844006,51.31550598,1002,18.6328125,-28.05664063,981.40625,0.976249933,-2.346250057,15.63249969,16,-6,-42,12.50663471,7.801729679,50,51.09249878,353375984000000,1783454111.777345
0,0,1001,8.11560154,7.456813812,50,12.35297012,60.76757431,1002,-1.38671875,-12.91992188,975.0585938,-0.961250067,1.466249943,0.132499993,10,-9,-47,7.589175701,7.519888878,50,60.5492363,353376312000000,1783454112.1076207
0,0,1001,9.297289848,8.987557411,50,12.35297012,65.36621857,1002,-15.05859375,-21.70898438,991.6601563,0.538749933,-1.596250057,-0.805000007,12,-9,-45,9.126641273,7.818974972,50.55555725,64.67628479,353376640000000,1783454112.427767
0,0,1001,9.066804886,8.584906578,50,12.35297012,70.50346375,1002,-14.5703125,-9.013671875,982.8710938,0.601249933,-3.971250057,-1.117500067,12,-8,-46,9.06711483,7.868337631,50,69.86225128,353376968000000,1783454112.7649755
0,-0.019915649,1001,8.87212944,9.790693283,50,12.35297012,75.72546387,1002,-6.7578125,-14.87304688,993.125,-1.648750067,3.278749943,1.569999933,12,-11,-46,7.622556686,8.884239197,50,75.47344971,353377281000000,1783454113.0745177
-0.228919775,-0.24917923,1001,-1.133870721,14.62491703,50,12.35297012,95.91199493,1002,314.53125,-15.84960938,955.0390625,-12.46125031,-18.84625053,7.257500172,14,-12,-50,-3.558755875,16.08717155,50,93.73423767,353377578000000,1783454113.3770697
-0.231870268,-0.274066894,1001,12.6387949,14.98242188,50,12.35297012,95.95658875,1002,-218.1835938,-19.75585938,935.5078125,1.101249933,-15.53374958,-4.054999828,13,-23,-47,11.50498295,17.04802704,50,96.64256287,353377921000000,1783454113.7109838
0,0,1001,7.429078102,15.17148876,50,12.35297012,102.2815857,1002,-3.828125,-20.24414063,975.546875,-0.336250067,0.591250002,-0.242500007,15,-18,-47,7.686086178,15.13090229,50.55555725,99.79288483,353378250000000,1783454114.0434337
0,0,1001,5.201435089,15.42014408,50.55555725,12.35297012,122.0666275,1002,3.984375,-16.82617188,975.546875,-0.711250067,0.653750002,0.132499993,14,-18,-46,5.444241524,15.30988121,50,120.1406479,353378578000000,1783454114.3755019
0,0,1001,1.181614876,13.48486042,50,12.35297012,155.3542786,1002,-0.8984375,-19.75585938,977.9882813,-0.336250067,-0.096249998,0.007499993,15,-17,-47,0.987667739,13.65770435,50,152.477417,353378890000000,1783454114.6813743
0,0,1001,-3.34820199,7.119928837,50,12.35297012,-166.1546326,1002,-2.8515625,-18.29101563,978.9648438,-0.461250067,-0.783749998,-0.242500007,17,-19,-46,-3.039213896,7.147099018,50,-168.82724,353379218000000,1783454115.0110977
0,0,1001,-2.173709393,1.591280341,50,12.35297012,-143.0563507,1002,-1.38671875,-17.31445313,979.453125,-0.523750067,0.091250002,0.132499993,14,-17,-46,-2.27528882,1.785430193,50.55555725,-144.0832062,353379546000000,1783454115.3351686
0,0,1001,-0.45483914,-0.621806204,50,12.35297012,-133.729599,1002,0.56640625,-17.31445313,979.9414063,-0.148750067,0.341250002,-0.055000007,15,-17,-46,-0.691135049,-0.33172822,50,-133.8093872,353379859000000,1783454115.6502
0,0,1001,-0.204435498,-0.806556106,50,12.35297012,-130.1894073,1002,2.51953125,-17.31445313,983.359375,0.351249933,-0.033749998,-0.117500007,13,-17,-47,-0.596692026,-0.540804207,50,-130.237854,353380171000000,1783454115.9667137
0,0,1001,0.105401143,-1.181971431,50,12.35297012,-129.3721771,1002,-0.8984375,-19.26757813,978.4765625,-0.586250067,0.403750002,0.132499993,15,-17,-45,0.099847876,-1.109173656,50.55555725,-129.3255768,353380531000000,1783454116.3179772
0.091148099,0.091148099,1001,-3.623932123,0.037101548,50,12.35297012,-127.7247086,1002,33.76953125,-6.083984375,995.078125,-3.648750067,7.153749943,2.382499933,13,-22,-48,-3.245154381,-0.206322834,50,-128.4834442,353380859000000,1783454116.6560924
0.160164093,0.160115396,1001,12.04194736,-0.252972811,50,12.35297012,-120.4345322,1002,-23.359375,-12.43164063,993.6132813,-0.211250067,2.653749943,-2.555000067,14,-22,-44,0.653537571,-0.944406629,50.55555725,-120.9055481,353381187000000,1783454116.9788735
0.058108673,0.078417055,1001,-1.613304496,-2.738903522,50,12.35297012,-119.57444,1002,89.43359375,0.751953125,972.1289063,-0.398750067,2.966249943,-2.680000067,9,-13,-48,-2.200573206,-2.093959808,50.55555725,-119.3954849,353381531000000,1783454117.3254418
0.181800604,0.182048064,1001,-5.382360935,-4.21595192,50,12.35297012,-125.5078201,1002,277.421875,-15.36132813,1022.421875,-3.148750067,-23.59625053,1.757499933,12,-12,-46,-4.159098148,-0.543851972,50,-123.122818,353381843000000,1783454117.6349516
0,0,1001,0.451987237,0.38294068,50,12.35297012,-141.8299866,1002,-18.96484375,11.00585938,997.5195313,-1.586250067,-0.408749998,0.007499993,16,-10,-42,0.530368507,-0.279791504,50,-142.2566223,353382187000000,1783454117.975374
0,0,1001,0.59392333,-0.494802266,50,12.35297012,-137.0271301,1002,-21.89453125,-14.87304688,974.5703125,-0.273750067,1.278749943,-0.242500007,12,-14,-47,0.150655493,-0.075658232,50,-136.9895477,353382500000000,1783454118.2900343
0,0,1001,1.351941943,-2.0988729,50,12.35297012,-136.4525909,1002,-19.94140625,10.02929688,975.546875,-0.711250067,1.028749943,0.569999993,12,-13,-45,0.164951354,-0.340912938,50,-135.0312653,353382843000000,1783454118.6292999
0,0,1001,0.505056024,-0.491465062,50.55555725,12.35297012,-132.0330048,1002,-20.4296875,-15.84960938,978.9648438,-0.023750067,0.091250002,-0.430000007,13,-13,-46,0.797629356,-0.706464887,50,-133.3475494,353383187000000,1783454118.9762619
0,0,1001,1.004697084,-1.132358193,50.55555725,12.35297012,-131.8678284,1002,-19.94140625,-20.24414063,982.3828125,-0.148750067,0.341250002,-0.242500007,12,-14,-47,0.622557223,-0.700675309,50,-131.6920929,353383531000000,1783454119.3232925
0,0,1001,0.948777318,-0.892508864,50,12.35297012,-131.9029541,1002,-17.98828125,-19.75585938,978.9648438,0.038749933,0.403750002,0.132499993,13,-13,-45,1.158898711,-1.069162846,50,-132.0832062,353383843000000,1783454119.6319351
0,0,1001,0.854174435,-1.258239746,50,12.35297012,-130.7127686,1002,-19.453125,-17.31445313,981.8945313,-0.211250067,0.153750002,0.069999993,12,-13,-45,0.896032631,-0.900499642,50,-130.4161987,353384156000000,1783454119.9438834
0,0,1001,1.081976652,-1.090973854,50,12.35297012,-130.6370239,1002,-19.453125,-19.26757813,979.453125,-0.461250067,-0.158749998,-0.055000007,13,-13,-46,1.142439842,-1.107470393,50,-130.678299,353384484000000,1783454120.273393
0,0,1001,1.156413794,-1.135774851,51.11111069,12.35297012,-130.4310608,1002,-16.5234375,-17.31445313,980.4296875,-0.336250067,0.278750002,0.007499993,13,-12,-45,1.166956663,-1.141395092,50,-130.3634033,353384812000000,1783454120.6009698
0,0,1001,1.026611805,-1.095903158,50,12.35297012,-130.4869995,1002,-18.4765625,-16.33789063,978.9648438,-0.148750067,0.903750002,-0.180000007,12,-13,-46,1.052860141,-1.249679565,50,-130.5365906,353385156000000,1783454120.9453468
0,0,1001,0.562498689,-0.743418992,51.11111069,12.35297012,-129.6054993,1002,-15.546875,-16.82617188,979.453125,-0.836250067,0.216250002,0.069999993,12,-13,-44,1.01977396,-0.993713856,50,-129.8776703,353385484000000,1783454121.2719297
0,0,1001,0.845071435,-1.318297625,50,12.35297012,-130.5833435,1002,-19.94140625,-16.82617188,979.9414063,-0.398750067,-0.283749998,-0.180000007,12,-13,-46,1.006120324,-1.011997223,50,-130.246582,353385796000000,1783454121.5926354
0,0,1001,1.173794627,-1.151937604,50,12.37660027,-131.1610413,1002,-18.96484375,-17.80273438,981.8945313,0.101249933,-0.658749998,0.257499993,13,-12,-45,0.84303385,-0.995917261,50,-131.0337372,353386156000000,1783454121.9459515
0,0,1001,1.391446233,-1.181388855,50,12.37660027,-131.5828552,1002,-18.96484375,-19.26757813,977.5,-0.273750067,0.278750002,-0.117500007,14,-14,-47,1.230066061,-1.011425257,50,-131.4709778,353386531000000,1783454122.3285837
0,0,1001,0.665129244,-0.863451242,50,12.37660027,-130.6517029,1002,-17.98828125,-19.26757813,979.9414063,-0.586250067,-0.408749998,0.069999993,12,-15,-46,0.425786167,-0.583276033,50,-130.5398407,353386843000000,1783454122.637522
0,0,1001,1.078872442,-1.185943007,50,12.37660027,-131.4202576,1002,-16.5234375,-18.29101563,978.9648438,-0.836250067,-0.033749998,-0.305000007,15,-12,-46,1.169119477,-1.304367185,50,-131.642746,353387156000000,1783454122.9506018
0,0,1001,0.964493871,-1.014805913,50,12.37660027,-130.7578735,1002,-17.5,-16.82617188,980.9179688,-0.023750067,0.216250002,0.069999993,12,-13,-44,0.977536976,-0.933168113,50,-130.8118286,353387500000000,1783454123.2912793
0,0,1001,1.327237606,-1.178167462,50.55555725,12.37660027,-130.3871155,1002,-17.5,-17.80273438,980.4296875,-0.023750067,1.028749943,0.132499993,14,-14,-45,1.304403901,-1.210344076,50,-130.3117065,353387843000000,1783454123.6324673
0,0,1001,1.2785182,-1.269312263,50,12.37660027,-130.3053589,1002,-19.453125,-19.75585938,979.9414063,-0.836250067,-0.096249998,0.007499993,13,-12,-46,1.513319135,-1.480416536,50,-130.3525238,353388156000000,1783454123.9481483
0,0,1001,0.919231236,-0.993504047,50,12.37660027,-130.0718689,1002,-18.4765625,-17.80273438,983.359375,-0.461250067,-0.346249998,-0.180000007,12,-14,-45,0.603595793,-0.867255509,50,-130.1025238,353388500000000,1783454124.2910912
0,0,1001,0.727491617,-1.180702329,50.55555725,12.37660027,-131.5711212,1002,-20.4296875,-15.84960938,981.8945313,-0.273750067,-0.408749998,0.319999993,14,-14,-44,1.060059309,-1.128845572,50.55555725,-130.9425354,353388843000000,1783454124.643286
0,0,1001,1.510560155,-1.396046519,50,12.37660027,-130.9097137,1002,-20.4296875,-18.29101563,980.4296875,-0.336250067,0.528750002,-0.117500007,12,-13,-45,0.925315142,-0.86879468,50,-130.5637054,353389187000000,1783454124.977583
0,0,1001,0.776073694,-0.832941234,50,12.37660027,-130.3980865,1002,-17.01171875,-17.31445313,979.9414063,-0.211250067,-0.096249998,0.194999993,12,-14,-43,1.001414895,-0.842698395,50,-130.5463257,353389484000000,1783454125.2830138
0,0,1001,0.776876569,-1.282136202,51.11111069,12.37660027,-131.0057983,1002,-18.96484375,-17.80273438,981.40625,-0.273750067,-0.908749998,0.194999993,13,-13,-45,0.962837934,-1.058685422,50,-130.8647766,353389828000000,1783454125.6229675
0,0,1001,1.210760236,-1.14153254,50,12.37660027,-130.8052368,1002,-18.96484375,-17.31445313,980.4296875,-0.336250067,0.466250002,-0.305000007,13,-12,-46,1.381410241,-1.280707359,50,-130.8148346,353390156000000,1783454125.9557643
0,0,1001,1.296428561,-1.229808688,50.55555725,12.37660027,-130.6693115,1002,-19.453125,-16.82617188,980.9179688,-0.211250067,0.466250002,-0.180000007,13,-12,-45,1.282702327,-1.261760354,50,-130.6734924,353390484000000,1783454126.2776444
0,0,1001,1.089598775,-1.040459633,50.55555725,12.37660027,-130.7228851,1002,-17.5,-17.31445313,977.0117188,-0.336250067,-0.783749998,-0.367500007,12,-11,-46,1.232540369,-1.198964477,50,-130.7307739,353390828000000,1783454126.6156645
0,0,1001,0.998943925,-1.149422407,50,12.37660027,-130.4372559,1002,-18.4765625,-15.84960938,982.3828125,-0.336250067,-0.158749998,0.069999993,12,-13,-47,0.743021011,-1.085312486,50.55555725,-130.4365845,353391156000000,1783454126.951835
0,0,1001,0.997331858,-0.995084286,50,12.37660027,-130.7476807,1002,-18.96484375,-15.84960938,979.453125,-0.773750067,-0.096249998,0.194999993,12,-14,-45,1.060294628,-1.062929749,50,-130.7969513,353391484000000,1783454127.2731938
0,0,1001,0.868713915,-0.830815136,50,12.37660027,-130.670105,1002,-19.453125,-15.84960938,978.9648438,-0.148750067,-0.283749998,-0.367500007,12,-15,-47,1.0335114,-1.04938972,50.55555725,-130.8545837,353391796000000,1783454127.5960739
0,0,1001,1.307929873,-1.285782218,50.55555725,12.37660027,-130.6745453,1002,-18.96484375,-17.31445313,979.453125,-0.211250067,0.153750002,-0.367500007,13,-13,-45,1.157133222,-1.12013042,50.55555725,-130.5319977,353392140000000,1783454127.938434
0,0,1001,0.795811832,-0.905442655,50,12.37660027,-129.723938,1002,-18.4765625,-16.33789063,978.9648438,-0.211250067,-0.408749998,0.069999993,12,-13,-45,0.890510559,-0.97961992,50,-129.7931671,353392453000000,1783454128.2530038
0,0,1001,1.161252499,-1.332093596,50.55555725,12.37660027,-130.3014221,1002,-15.546875,-16.82617188,979.9414063,-0.336250067,0.216250002,-0.367500007,12,-11,-45,0.984737158,-1.487901568,50,-130.3470917,353392765000000,1783454128.5603645
0,0,1001,0.948197305,-1.001459479,50.55555725,12.37660027,-130.0575562,1002,-17.98828125,-15.84960938,985.8007813,-0.273750067,-0.658749998,0.319999993,12,-14,-47,0.546410561,-0.760614693,50,-129.9613037,353393078000000,1783454128.8712366
0,0,1001,1.017421722,-1.096417665,50,12.37660027,-130.6690979,1002,-16.03515625,-18.29101563,980.9179688,-0.461250067,-0.408749998,0.194999993,13,-13,-45,1.034487963,-1.112306952,50,-130.6604004,353393375000000,1783454129.1736946
0,0,1001,0.483104497,-0.862281382,50.55555725,12.37660027,-130.6482697,1002,-15.546875,-18.29101563,981.8945313,0.101249933,-0.096249998,0.007499993,12,-14,-46,0.33460325,-0.958618164,50.55555725,-130.7641296,353393703000000,1783454129.4987361
0,0,1001,0.72277528,-1.088388681,50.55555725,12.37660027,-130.9512024,1002,-19.453125,-17.31445313,978.9648438,-0.398750067,0.091250002,0.444999993,12,-13,-45,0.376840234,-1.089911342,50.55555725,-130.8551636,353394000000000,1783454129.7993698
0,0,1001,0.942740262,-0.942941427,50.55555725,12.37660027,-130.3858032,1002,-18.4765625,-18.29101563,978.9648438,-0.086250067,0.591250002,-0.367500007,12,-13,-47,0.948205411,-1.021348238,50,-130.6197968,353394328000000,1783454130.120224
0,0,1001,0.60573566,-0.866355538,50,12.37660027,-130.0886993,1002,-19.453125,-17.31445313,982.3828125,-0.211250067,0.466250002,0.069999993,12,-13,-44,0.830217183,-1.186074376,50.55555725,-130.3542023,353394734000000,1783454130.5256693
0,0,1001,1.241130233,-1.260916948,50,12.37660027,-130.5281677,1002,-17.01171875,-18.29101563,981.40625,-0.023750067,0.528750002,0.194999993,14,-15,-46,0.845423579,-0.90583539,50,-130.3275452,353395062000000,1783454130.8606064
0,0,1001,1.446221709,-1.519191146,50.55555725,12.37660027,-131.6440735,1002,-17.5,-18.77929688,982.8710938,-0.273750067,-0.283749998,-16.05500031,12,-13,-47,0.630812645,-1.082836032,50.55555725,-131.2820129,353395390000000,1783454131.182497
0,0,1001,0.93747431,-1.023066998,50.55555725,12.37660027,-130.3063507,1002,-15.546875,-18.29101563,982.3828125,-0.273750067,-0.346249998,0.319999993,13,-13,-46,0.891010702,-0.97427851,50,-130.3295288,353395703000000,1783454131.4928336
0,0,1001,1.092399597,-1.1135993,50.55555725,12.37660027,-129.1443481,1002,-19.94140625,-18.29101563,981.8945313,-0.711250067,0.403750002,15.50749969,14,-13,-45,1.332151055,-1.307344675,50.55555725,-129.9744873,353396000000000,1783454131.795824
0,0,1001,1.269905567,-1.241125464,51.66666794,12.36096954,-129.2037201,1002,-17.98828125,-18.77929688,981.40625,-0.273750067,0.028750002,-0.117500007,13,-13,-46,1.29464376,-1.230795622,50,-129.1065369,353396328000000,1783454132.1133463
