sequence,base_seed,x,y,pearson_r_timestamp_descriptive,n_timestamps,note
building00,42,Dtheta,Dp,0.2899800789335477,12009,"descriptive only; timestamps are correlated, not independent replicates"
building00,42,Iomega,Dtheta,-0.35628360090472305,12009,"descriptive only; timestamps are correlated, not independent replicates"
building00,42,Iomega,signed_heading_error,-0.15304591606639656,12009,"descriptive only; timestamps are correlated, not independent replicates"
building00,42,accel_abs,Dp,0.04429285970543866,12009,"descriptive only; timestamps are correlated, not independent replicates"
building00,42,curvature_abs,Dp,-0.06052773346057788,11961,"descriptive only; timestamps are correlated, not independent replicates"
building00,42,curvature_abs,Dtheta,0.19111150386206183,11961,"descriptive only; timestamps are correlated, not independent replicates"
building00,42,persistent_yaw_residual,Iomega,0.009988075556290535,12009,"descriptive only; timestamps are correlated, not independent replicates"
building00,42,speed_abs,Dp,-0.09680649288121929,12009,"descriptive only; timestamps are correlated, not independent replicates"
building00,42,wheel_imu_yaw_disagreement_abs,Dp,-0.05921508575900152,12009,"descriptive only; timestamps are correlated, not independent replicates"
building00,42,wheel_imu_yaw_disagreement_abs,Dtheta,0.011575152881407667,12009,"descriptive only; timestamps are correlated, not independent replicates"
building00,1042,Dtheta,Dp,0.43956003082196227,12009,"descriptive only; timestamps are correlated, not independent replicates"
building00,1042,Iomega,Dtheta,-0.33659455238161046,12009,"descriptive only; timestamps are correlated, not independent replicates"
building00,1042,Iomega,signed_heading_error,-0.02748301359066775,12009,"descriptive only; timestamps are correlated, not independent replicates"
building00,1042,accel_abs,Dp,0.059325735408388224,12009,"descriptive only; timestamps are correlated, not independent replicates"
building00,1042,curvature_abs,Dp,-0.044706491608170126,11961,"descriptive only; timestamps are correlated, not independent replicates"
building00,1042,curvature_abs,Dtheta,0.11686441381900667,11961,"descriptive only; timestamps are correlated, not independent replicates"
building00,1042,persistent_yaw_residual,Iomega,0.004964465534268988,12009,"descriptive only; timestamps are correlated, not independent replicates"
building00,1042,speed_abs,Dp,-0.022869329976610765,12009,"descriptive only; timestamps are correlated, not independent replicates"
building00,1042,wheel_imu_yaw_disagreement_abs,Dp,-0.05243508283822977,12009,"descriptive only; timestamps are correlated, not independent replicates"
building00,1042,wheel_imu_yaw_disagreement_abs,Dtheta,0.007925749173462004,12009,"descriptive only; timestamps are correlated, not independent replicates"
building00,2042,Dtheta,Dp,0.30687232444733525,12009,"descriptive only; timestamps are correlated, not independent replicates"
building00,2042,Iomega,Dtheta,-0.2638764689915149,12009,"descriptive only; timestamps are correlated, not independent replicates"
building00,2042,Iomega,signed_heading_error,0.1556920444830875,12009,"descriptive only; timestamps are correlated, not independent replicates"
building00,2042,accel_abs,Dp,0.06073164894890617,12009,"descriptive only; timestamps are correlated, not independent replicates"
building00,2042,curvature_abs,Dp,-0.054045695732626076,11961,"descriptive only; timestamps are correlated, not independent replicates"
building00,2042,curvature_abs,Dtheta,0.19178158529232694,11961,"descriptive only; timestamps are correlated, not independent replicates"
building00,2042,persistent_yaw_residual,Iomega,0.03065515390012147,12009,"descriptive only; timestamps are correlated, not independent replicates"
building00,2042,speed_abs,Dp,-0.06389472926026638,12009,"descriptive only; timestamps are correlated, not independent replicates"
building00,2042,wheel_imu_yaw_disagreement_abs,Dp,-0.04034078053096774,12009,"descriptive only; timestamps are correlated, not independent replicates"
building00,2042,wheel_imu_yaw_disagreement_abs,Dtheta,0.02155513523005842,12009,"descriptive only; timestamps are correlated, not independent replicates"
building01,42,Dtheta,Dp,0.21525451708309654,13689,"descriptive only; timestamps are correlated, not independent replicates"
building01,42,Iomega,Dtheta,0.14421498975644215,13689,"descriptive only; timestamps are correlated, not independent replicates"
building01,42,Iomega,signed_heading_error,-0.14224565402763978,13689,"descriptive only; timestamps are correlated, not independent replicates"
building01,42,accel_abs,Dp,-0.024777220469880748,13689,"descriptive only; timestamps are correlated, not independent replicates"
building01,42,curvature_abs,Dp,0.08195459429653183,13630,"descriptive only; timestamps are correlated, not independent replicates"
building01,42,curvature_abs,Dtheta,0.10004237910651007,13630,"descriptive only; timestamps are correlated, not independent replicates"
building01,42,persistent_yaw_residual,Iomega,0.02481122169721045,13689,"descriptive only; timestamps are correlated, not independent replicates"
building01,42,speed_abs,Dp,-0.1206606073040907,13689,"descriptive only; timestamps are correlated, not independent replicates"
building01,42,wheel_imu_yaw_disagreement_abs,Dp,0.0016189228072282682,13689,"descriptive only; timestamps are correlated, not independent replicates"
building01,42,wheel_imu_yaw_disagreement_abs,Dtheta,0.0033803612025538952,13689,"descriptive only; timestamps are correlated, not independent replicates"
building01,1042,Dtheta,Dp,0.2707212276227964,13689,"descriptive only; timestamps are correlated, not independent replicates"
building01,1042,Iomega,Dtheta,0.131408748319772,13689,"descriptive only; timestamps are correlated, not independent replicates"
building01,1042,Iomega,signed_heading_error,-0.16582287557604694,13689,"descriptive only; timestamps are correlated, not independent replicates"
building01,1042,accel_abs,Dp,-0.01353616831972934,13689,"descriptive only; timestamps are correlated, not independent replicates"
building01,1042,curvature_abs,Dp,0.028858301796689658,13630,"descriptive only; timestamps are correlated, not independent replicates"
building01,1042,curvature_abs,Dtheta,0.12980765576138092,13630,"descriptive only; timestamps are correlated, not independent replicates"
building01,1042,persistent_yaw_residual,Iomega,0.019965862148741756,13689,"descriptive only; timestamps are correlated, not independent replicates"
building01,1042,speed_abs,Dp,-0.051648085913093215,13689,"descriptive only; timestamps are correlated, not independent replicates"
building01,1042,wheel_imu_yaw_disagreement_abs,Dp,0.010182221001178542,13689,"descriptive only; timestamps are correlated, not independent replicates"
building01,1042,wheel_imu_yaw_disagreement_abs,Dtheta,-0.005794606072693962,13689,"descriptive only; timestamps are correlated, not independent replicates"
building01,2042,Dtheta,Dp,0.36207986717288115,13689,"descriptive only; timestamps are correlated, not independent replicates"
building01,2042,Iomega,Dtheta,0.14708445988055177,13689,"descriptive only; timestamps are correlated, not independent replicates"
building01,2042,Iomega,signed_heading_error,-0.22171494045999693,13689,"descriptive only; timestamps are correlated, not independent replicates"
building01,2042,accel_abs,Dp,-0.01999220747778368,13689,"descriptive only; timestamps are correlated, not independent replicates"
building01,2042,curvature_abs,Dp,0.056392531223760534,13630,"descriptive only; timestamps are correlated, not independent replicates"
building01,2042,curvature_abs,Dtheta,0.15563768134325226,13630,"descriptive only; timestamps are correlated, not independent replicates"
building01,2042,persistent_yaw_residual,Iomega,0.01991538735493527,13689,"descriptive only; timestamps are correlated, not independent replicates"
building01,2042,speed_abs,Dp,-0.06384820292907366,13689,"descriptive only; timestamps are correlated, not independent replicates"
building01,2042,wheel_imu_yaw_disagreement_abs,Dp,0.007352604452222119,13689,"descriptive only; timestamps are correlated, not independent replicates"
building01,2042,wheel_imu_yaw_disagreement_abs,Dtheta,-0.002118159776117092,13689,"descriptive only; timestamps are correlated, not independent replicates"
building02,42,Dtheta,Dp,0.5517523452994179,18714,"descriptive only; timestamps are correlated, not independent replicates"
building02,42,Iomega,Dtheta,0.12904547624895718,18714,"descriptive only; timestamps are correlated, not independent replicates"
building02,42,Iomega,signed_heading_error,-0.05049887059813337,18714,"descriptive only; timestamps are correlated, not independent replicates"
building02,42,accel_abs,Dp,0.11506793871161158,18714,"descriptive only; timestamps are correlated, not independent replicates"
building02,42,curvature_abs,Dp,0.04192865022567378,17002,"descriptive only; timestamps are correlated, not independent replicates"
building02,42,curvature_abs,Dtheta,0.10264559850692705,17002,"descriptive only; timestamps are correlated, not independent replicates"
building02,42,persistent_yaw_residual,Iomega,0.026151174761612148,18714,"descriptive only; timestamps are correlated, not independent replicates"
building02,42,speed_abs,Dp,0.11161460099635988,18714,"descriptive only; timestamps are correlated, not independent replicates"
building02,42,wheel_imu_yaw_disagreement_abs,Dp,0.04892525841624818,18714,"descriptive only; timestamps are correlated, not independent replicates"
building02,42,wheel_imu_yaw_disagreement_abs,Dtheta,0.00033947844214910893,18714,"descriptive only; timestamps are correlated, not independent replicates"
building02,1042,Dtheta,Dp,0.450846503235526,18714,"descriptive only; timestamps are correlated, not independent replicates"
building02,1042,Iomega,Dtheta,0.16165923380171054,18714,"descriptive only; timestamps are correlated, not independent replicates"
building02,1042,Iomega,signed_heading_error,-0.17190216627720573,18714,"descriptive only; timestamps are correlated, not independent replicates"
building02,1042,accel_abs,Dp,0.08953302777126425,18714,"descriptive only; timestamps are correlated, not independent replicates"
building02,1042,curvature_abs,Dp,0.04784553503157749,17002,"descriptive only; timestamps are correlated, not independent replicates"
building02,1042,curvature_abs,Dtheta,0.12514330587563174,17002,"descriptive only; timestamps are correlated, not independent replicates"
building02,1042,persistent_yaw_residual,Iomega,0.027754419784517932,18714,"descriptive only; timestamps are correlated, not independent replicates"
building02,1042,speed_abs,Dp,0.1262349069146298,18714,"descriptive only; timestamps are correlated, not independent replicates"
building02,1042,wheel_imu_yaw_disagreement_abs,Dp,0.04013496385908216,18714,"descriptive only; timestamps are correlated, not independent replicates"
building02,1042,wheel_imu_yaw_disagreement_abs,Dtheta,-0.0743525841944021,18714,"descriptive only; timestamps are correlated, not independent replicates"
building02,2042,Dtheta,Dp,0.4519568273121001,18714,"descriptive only; timestamps are correlated, not independent replicates"
building02,2042,Iomega,Dtheta,-0.17526146992708658,18714,"descriptive only; timestamps are correlated, not independent replicates"
building02,2042,Iomega,signed_heading_error,0.17401422344832687,18714,"descriptive only; timestamps are correlated, not independent replicates"
building02,2042,accel_abs,Dp,0.12821103257836952,18714,"descriptive only; timestamps are correlated, not independent replicates"
building02,2042,curvature_abs,Dp,-0.004810412714102182,17002,"descriptive only; timestamps are correlated, not independent replicates"
building02,2042,curvature_abs,Dtheta,0.11133864306387133,17002,"descriptive only; timestamps are correlated, not independent replicates"
building02,2042,persistent_yaw_residual,Iomega,0.04644179462516009,18714,"descriptive only; timestamps are correlated, not independent replicates"
building02,2042,speed_abs,Dp,0.09445362173871374,18714,"descriptive only; timestamps are correlated, not independent replicates"
building02,2042,wheel_imu_yaw_disagreement_abs,Dp,0.04729144819393573,18714,"descriptive only; timestamps are correlated, not independent replicates"
building02,2042,wheel_imu_yaw_disagreement_abs,Dtheta,0.015082616067275201,18714,"descriptive only; timestamps are correlated, not independent replicates"
parking00,42,Dtheta,Dp,0.2329764927066598,11409,"descriptive only; timestamps are correlated, not independent replicates"
parking00,42,Iomega,Dtheta,0.22449323274614252,11409,"descriptive only; timestamps are correlated, not independent replicates"
parking00,42,Iomega,signed_heading_error,0.10826193385094926,11409,"descriptive only; timestamps are correlated, not independent replicates"
parking00,42,accel_abs,Dp,0.013550234035011245,11409,"descriptive only; timestamps are correlated, not independent replicates"
parking00,42,curvature_abs,Dp,0.03418220450676834,11367,"descriptive only; timestamps are correlated, not independent replicates"
parking00,42,curvature_abs,Dtheta,0.06447090125204058,11367,"descriptive only; timestamps are correlated, not independent replicates"
parking00,42,persistent_yaw_residual,Iomega,0.02217688975717088,11409,"descriptive only; timestamps are correlated, not independent replicates"
parking00,42,speed_abs,Dp,-0.0634907939007984,11409,"descriptive only; timestamps are correlated, not independent replicates"
parking00,42,wheel_imu_yaw_disagreement_abs,Dp,0.022521251507712767,11409,"descriptive only; timestamps are correlated, not independent replicates"
parking00,42,wheel_imu_yaw_disagreement_abs,Dtheta,0.025353794491203074,11409,"descriptive only; timestamps are correlated, not independent replicates"
parking00,1042,Dtheta,Dp,0.7046639254257979,11409,"descriptive only; timestamps are correlated, not independent replicates"
parking00,1042,Iomega,Dtheta,0.21932018477582443,11409,"descriptive only; timestamps are correlated, not independent replicates"
parking00,1042,Iomega,signed_heading_error,0.09090158364451036,11409,"descriptive only; timestamps are correlated, not independent replicates"
parking00,1042,accel_abs,Dp,0.025276478849940543,11409,"descriptive only; timestamps are correlated, not independent replicates"
parking00,1042,curvature_abs,Dp,0.017159477168074665,11367,"descriptive only; timestamps are correlated, not independent replicates"
parking00,1042,curvature_abs,Dtheta,0.038112193732480364,11367,"descriptive only; timestamps are correlated, not independent replicates"
parking00,1042,persistent_yaw_residual,Iomega,0.00926754091570425,11409,"descriptive only; timestamps are correlated, not independent replicates"
parking00,1042,speed_abs,Dp,-0.09379681985748296,11409,"descriptive only; timestamps are correlated, not independent replicates"
parking00,1042,wheel_imu_yaw_disagreement_abs,Dp,0.016459507358181493,11409,"descriptive only; timestamps are correlated, not independent replicates"
parking00,1042,wheel_imu_yaw_disagreement_abs,Dtheta,0.02040368007574419,11409,"descriptive only; timestamps are correlated, not independent replicates"
parking00,2042,Dtheta,Dp,0.6084512574853722,11409,"descriptive only; timestamps are correlated, not independent replicates"
parking00,2042,Iomega,Dtheta,0.29133981048627017,11409,"descriptive only; timestamps are correlated, not independent replicates"
parking00,2042,Iomega,signed_heading_error,0.10435794626919172,11409,"descriptive only; timestamps are correlated, not independent replicates"
parking00,2042,accel_abs,Dp,0.027510438831680917,11409,"descriptive only; timestamps are correlated, not independent replicates"
parking00,2042,curvature_abs,Dp,0.019857236740697753,11367,"descriptive only; timestamps are correlated, not independent replicates"
parking00,2042,curvature_abs,Dtheta,0.05305245824089603,11367,"descriptive only; timestamps are correlated, not independent replicates"
parking00,2042,persistent_yaw_residual,Iomega,0.01052062561393138,11409,"descriptive only; timestamps are correlated, not independent replicates"
parking00,2042,speed_abs,Dp,-0.08120120542539051,11409,"descriptive only; timestamps are correlated, not independent replicates"
parking00,2042,wheel_imu_yaw_disagreement_abs,Dp,0.020460220067032107,11409,"descriptive only; timestamps are correlated, not independent replicates"
parking00,2042,wheel_imu_yaw_disagreement_abs,Dtheta,0.019818049354771022,11409,"descriptive only; timestamps are correlated, not independent replicates"
parking01,42,Dtheta,Dp,0.6685164648898014,10599,"descriptive only; timestamps are correlated, not independent replicates"
parking01,42,Iomega,Dtheta,0.9083771924243501,10599,"descriptive only; timestamps are correlated, not independent replicates"
parking01,42,Iomega,signed_heading_error,-0.9291319891584618,10599,"descriptive only; timestamps are correlated, not independent replicates"
parking01,42,accel_abs,Dp,0.00493782342345945,10599,"descriptive only; timestamps are correlated, not independent replicates"
parking01,42,curvature_abs,Dp,-0.1044355450083672,10559,"descriptive only; timestamps are correlated, not independent replicates"
parking01,42,curvature_abs,Dtheta,-0.13748110638240996,10559,"descriptive only; timestamps are correlated, not independent replicates"
parking01,42,persistent_yaw_residual,Iomega,0.06252301510300944,10599,"descriptive only; timestamps are correlated, not independent replicates"
parking01,42,speed_abs,Dp,-0.09288969737637609,10599,"descriptive only; timestamps are correlated, not independent replicates"
parking01,42,wheel_imu_yaw_disagreement_abs,Dp,-0.01601566532888053,10599,"descriptive only; timestamps are correlated, not independent replicates"
parking01,42,wheel_imu_yaw_disagreement_abs,Dtheta,-0.00506093900485144,10599,"descriptive only; timestamps are correlated, not independent replicates"
parking01,1042,Dtheta,Dp,0.7006322242748931,10599,"descriptive only; timestamps are correlated, not independent replicates"
parking01,1042,Iomega,Dtheta,0.9821432042946586,10599,"descriptive only; timestamps are correlated, not independent replicates"
parking01,1042,Iomega,signed_heading_error,-0.9817678207813386,10599,"descriptive only; timestamps are correlated, not independent replicates"
parking01,1042,accel_abs,Dp,-0.004076096601549996,10599,"descriptive only; timestamps are correlated, not independent replicates"
parking01,1042,curvature_abs,Dp,-0.08355002369103497,10559,"descriptive only; timestamps are correlated, not independent replicates"
parking01,1042,curvature_abs,Dtheta,-0.07667495681908873,10559,"descriptive only; timestamps are correlated, not independent replicates"
parking01,1042,persistent_yaw_residual,Iomega,0.030920415386947536,10599,"descriptive only; timestamps are correlated, not independent replicates"
parking01,1042,speed_abs,Dp,-0.10642946376527727,10599,"descriptive only; timestamps are correlated, not independent replicates"
parking01,1042,wheel_imu_yaw_disagreement_abs,Dp,0.0019203546530959525,10599,"descriptive only; timestamps are correlated, not independent replicates"
parking01,1042,wheel_imu_yaw_disagreement_abs,Dtheta,-0.030718781152795666,10599,"descriptive only; timestamps are correlated, not independent replicates"
parking01,2042,Dtheta,Dp,0.740437548637331,10599,"descriptive only; timestamps are correlated, not independent replicates"
parking01,2042,Iomega,Dtheta,0.9947291650106753,10599,"descriptive only; timestamps are correlated, not independent replicates"
parking01,2042,Iomega,signed_heading_error,-0.9949098465516629,10599,"descriptive only; timestamps are correlated, not independent replicates"
parking01,2042,accel_abs,Dp,-0.0026845431695428517,10599,"descriptive only; timestamps are correlated, not independent replicates"
parking01,2042,curvature_abs,Dp,-0.08711884493379757,10559,"descriptive only; timestamps are correlated, not independent replicates"
parking01,2042,curvature_abs,Dtheta,-0.06943463238074411,10559,"descriptive only; timestamps are correlated, not independent replicates"
parking01,2042,persistent_yaw_residual,Iomega,0.013873353565689372,10599,"descriptive only; timestamps are correlated, not independent replicates"
parking01,2042,speed_abs,Dp,-0.07927478556160333,10599,"descriptive only; timestamps are correlated, not independent replicates"
parking01,2042,wheel_imu_yaw_disagreement_abs,Dp,-0.0008533149748118569,10599,"descriptive only; timestamps are correlated, not independent replicates"
parking01,2042,wheel_imu_yaw_disagreement_abs,Dtheta,-0.036810858183023674,10599,"descriptive only; timestamps are correlated, not independent replicates"
parking02,42,Dtheta,Dp,0.7881952826737864,12569,"descriptive only; timestamps are correlated, not independent replicates"
parking02,42,Iomega,Dtheta,0.9986535190480533,12569,"descriptive only; timestamps are correlated, not independent replicates"
parking02,42,Iomega,signed_heading_error,-0.9986355744689648,12569,"descriptive only; timestamps are correlated, not independent replicates"
parking02,42,accel_abs,Dp,0.012804696061371603,12569,"descriptive only; timestamps are correlated, not independent replicates"
parking02,42,curvature_abs,Dp,0.10273556966672749,12110,"descriptive only; timestamps are correlated, not independent replicates"
parking02,42,curvature_abs,Dtheta,0.041695039330099874,12110,"descriptive only; timestamps are correlated, not independent replicates"
parking02,42,persistent_yaw_residual,Iomega,0.007610812138806164,12569,"descriptive only; timestamps are correlated, not independent replicates"
parking02,42,speed_abs,Dp,0.05252613139392965,12569,"descriptive only; timestamps are correlated, not independent replicates"
parking02,42,wheel_imu_yaw_disagreement_abs,Dp,0.02510774356427865,12569,"descriptive only; timestamps are correlated, not independent replicates"
parking02,42,wheel_imu_yaw_disagreement_abs,Dtheta,-0.03650960735083045,12569,"descriptive only; timestamps are correlated, not independent replicates"
parking02,1042,Dtheta,Dp,0.7973998183931574,12569,"descriptive only; timestamps are correlated, not independent replicates"
parking02,1042,Iomega,Dtheta,0.9995012472012944,12569,"descriptive only; timestamps are correlated, not independent replicates"
parking02,1042,Iomega,signed_heading_error,-0.9994955634272975,12569,"descriptive only; timestamps are correlated, not independent replicates"
parking02,1042,accel_abs,Dp,0.006336722359156731,12569,"descriptive only; timestamps are correlated, not independent replicates"
parking02,1042,curvature_abs,Dp,0.09572448738968309,12110,"descriptive only; timestamps are correlated, not independent replicates"
parking02,1042,curvature_abs,Dtheta,0.037552956159816644,12110,"descriptive only; timestamps are correlated, not independent replicates"
parking02,1042,persistent_yaw_residual,Iomega,0.0030835892413312097,12569,"descriptive only; timestamps are correlated, not independent replicates"
parking02,1042,speed_abs,Dp,0.0695449763605635,12569,"descriptive only; timestamps are correlated, not independent replicates"
parking02,1042,wheel_imu_yaw_disagreement_abs,Dp,0.01456546250927934,12569,"descriptive only; timestamps are correlated, not independent replicates"
parking02,1042,wheel_imu_yaw_disagreement_abs,Dtheta,-0.04216761250911831,12569,"descriptive only; timestamps are correlated, not independent replicates"
parking02,2042,Dtheta,Dp,0.7601923343745942,12569,"descriptive only; timestamps are correlated, not independent replicates"
parking02,2042,Iomega,Dtheta,0.9978190105301153,12569,"descriptive only; timestamps are correlated, not independent replicates"
parking02,2042,Iomega,signed_heading_error,-0.9977810382928355,12569,"descriptive only; timestamps are correlated, not independent replicates"
parking02,2042,accel_abs,Dp,0.012033657435367755,12569,"descriptive only; timestamps are correlated, not independent replicates"
parking02,2042,curvature_abs,Dp,0.10235179699676718,12110,"descriptive only; timestamps are correlated, not independent replicates"
parking02,2042,curvature_abs,Dtheta,0.04207242607994474,12110,"descriptive only; timestamps are correlated, not independent replicates"
parking02,2042,persistent_yaw_residual,Iomega,0.008472958225865962,12569,"descriptive only; timestamps are correlated, not independent replicates"
parking02,2042,speed_abs,Dp,0.05633016800441151,12569,"descriptive only; timestamps are correlated, not independent replicates"
parking02,2042,wheel_imu_yaw_disagreement_abs,Dp,0.024228633924188357,12569,"descriptive only; timestamps are correlated, not independent replicates"
parking02,2042,wheel_imu_yaw_disagreement_abs,Dtheta,-0.0408800818295957,12569,"descriptive only; timestamps are correlated, not independent replicates"
playground00,42,Dtheta,Dp,0.008049716286760832,13263,"descriptive only; timestamps are correlated, not independent replicates"
playground00,42,Iomega,Dtheta,-0.05149096538573565,13263,"descriptive only; timestamps are correlated, not independent replicates"
playground00,42,Iomega,signed_heading_error,0.07801977318853781,13263,"descriptive only; timestamps are correlated, not independent replicates"
playground00,42,accel_abs,Dp,0.10855897306382284,13263,"descriptive only; timestamps are correlated, not independent replicates"
playground00,42,curvature_abs,Dp,0.00033902040595472344,12540,"descriptive only; timestamps are correlated, not independent replicates"
playground00,42,curvature_abs,Dtheta,0.10232845318370948,12540,"descriptive only; timestamps are correlated, not independent replicates"
playground00,42,persistent_yaw_residual,Iomega,0.06505971595272336,13263,"descriptive only; timestamps are correlated, not independent replicates"
playground00,42,speed_abs,Dp,0.47857398095959347,13263,"descriptive only; timestamps are correlated, not independent replicates"
playground00,42,wheel_imu_yaw_disagreement_abs,Dp,0.0793586022197304,13263,"descriptive only; timestamps are correlated, not independent replicates"
playground00,42,wheel_imu_yaw_disagreement_abs,Dtheta,-0.030405658239693524,13263,"descriptive only; timestamps are correlated, not independent replicates"
playground00,1042,Dtheta,Dp,-0.012253997036144075,13263,"descriptive only; timestamps are correlated, not independent replicates"
playground00,1042,Iomega,Dtheta,0.06319781402321842,13263,"descriptive only; timestamps are correlated, not independent replicates"
playground00,1042,Iomega,signed_heading_error,-0.037724750297291915,13263,"descriptive only; timestamps are correlated, not independent replicates"
playground00,1042,accel_abs,Dp,0.1072415564147704,13263,"descriptive only; timestamps are correlated, not independent replicates"
playground00,1042,curvature_abs,Dp,-0.003543414701155824,12540,"descriptive only; timestamps are correlated, not independent replicates"
playground00,1042,curvature_abs,Dtheta,0.2283922433896615,12540,"descriptive only; timestamps are correlated, not independent replicates"
playground00,1042,persistent_yaw_residual,Iomega,0.016635226383606056,13263,"descriptive only; timestamps are correlated, not independent replicates"
playground00,1042,speed_abs,Dp,0.47610388260912195,13263,"descriptive only; timestamps are correlated, not independent replicates"
playground00,1042,wheel_imu_yaw_disagreement_abs,Dp,0.07744579216232461,13263,"descriptive only; timestamps are correlated, not independent replicates"
playground00,1042,wheel_imu_yaw_disagreement_abs,Dtheta,-0.001896947202480012,13263,"descriptive only; timestamps are correlated, not independent replicates"
playground00,2042,Dtheta,Dp,0.1880161983218522,13263,"descriptive only; timestamps are correlated, not independent replicates"
playground00,2042,Iomega,Dtheta,-0.12155071280330203,13263,"descriptive only; timestamps are correlated, not independent replicates"
playground00,2042,Iomega,signed_heading_error,0.13550817773967658,13263,"descriptive only; timestamps are correlated, not independent replicates"
playground00,2042,accel_abs,Dp,0.11058563172548447,13263,"descriptive only; timestamps are correlated, not independent replicates"
playground00,2042,curvature_abs,Dp,0.002411168971535011,12540,"descriptive only; timestamps are correlated, not independent replicates"
playground00,2042,curvature_abs,Dtheta,0.06071590229471698,12540,"descriptive only; timestamps are correlated, not independent replicates"
playground00,2042,persistent_yaw_residual,Iomega,0.0593172660506927,13263,"descriptive only; timestamps are correlated, not independent replicates"
playground00,2042,speed_abs,Dp,0.4822572239316604,13263,"descriptive only; timestamps are correlated, not independent replicates"
playground00,2042,wheel_imu_yaw_disagreement_abs,Dp,0.0805690877617163,13263,"descriptive only; timestamps are correlated, not independent replicates"
playground00,2042,wheel_imu_yaw_disagreement_abs,Dtheta,0.041173493433864894,13263,"descriptive only; timestamps are correlated, not independent replicates"
street00,42,Dtheta,Dp,0.050856799569433994,13738,"descriptive only; timestamps are correlated, not independent replicates"
street00,42,Iomega,Dtheta,0.041361550736539965,13738,"descriptive only; timestamps are correlated, not independent replicates"
street00,42,Iomega,signed_heading_error,-0.01679254060390177,13738,"descriptive only; timestamps are correlated, not independent replicates"
street00,42,accel_abs,Dp,0.08955618876199771,13738,"descriptive only; timestamps are correlated, not independent replicates"
street00,42,curvature_abs,Dp,0.06245516341935378,13482,"descriptive only; timestamps are correlated, not independent replicates"
street00,42,curvature_abs,Dtheta,0.5205269195772253,13482,"descriptive only; timestamps are correlated, not independent replicates"
street00,42,persistent_yaw_residual,Iomega,0.005056280026658053,13738,"descriptive only; timestamps are correlated, not independent replicates"
street00,42,speed_abs,Dp,0.05274635741994346,13738,"descriptive only; timestamps are correlated, not independent replicates"
street00,42,wheel_imu_yaw_disagreement_abs,Dp,0.08088137408899837,13738,"descriptive only; timestamps are correlated, not independent replicates"
street00,42,wheel_imu_yaw_disagreement_abs,Dtheta,0.08324557490907142,13738,"descriptive only; timestamps are correlated, not independent replicates"
street00,1042,Dtheta,Dp,0.011272314956270428,13738,"descriptive only; timestamps are correlated, not independent replicates"
street00,1042,Iomega,Dtheta,-0.006556664443231758,13738,"descriptive only; timestamps are correlated, not independent replicates"
street00,1042,Iomega,signed_heading_error,-0.06824253081302872,13738,"descriptive only; timestamps are correlated, not independent replicates"
street00,1042,accel_abs,Dp,0.08553899143285165,13738,"descriptive only; timestamps are correlated, not independent replicates"
street00,1042,curvature_abs,Dp,0.06341962352884373,13482,"descriptive only; timestamps are correlated, not independent replicates"
street00,1042,curvature_abs,Dtheta,0.5042349563221286,13482,"descriptive only; timestamps are correlated, not independent replicates"
street00,1042,persistent_yaw_residual,Iomega,0.0071419889193576735,13738,"descriptive only; timestamps are correlated, not independent replicates"
street00,1042,speed_abs,Dp,0.05110463905797085,13738,"descriptive only; timestamps are correlated, not independent replicates"
street00,1042,wheel_imu_yaw_disagreement_abs,Dp,0.08023797856832096,13738,"descriptive only; timestamps are correlated, not independent replicates"
street00,1042,wheel_imu_yaw_disagreement_abs,Dtheta,0.05495026728908213,13738,"descriptive only; timestamps are correlated, not independent replicates"
street00,2042,Dtheta,Dp,0.0791155090652949,13738,"descriptive only; timestamps are correlated, not independent replicates"
street00,2042,Iomega,Dtheta,0.07883649623365417,13738,"descriptive only; timestamps are correlated, not independent replicates"
street00,2042,Iomega,signed_heading_error,0.0011655318822881356,13738,"descriptive only; timestamps are correlated, not independent replicates"
street00,2042,accel_abs,Dp,0.08934029069785182,13738,"descriptive only; timestamps are correlated, not independent replicates"
street00,2042,curvature_abs,Dp,0.0635357106775195,13482,"descriptive only; timestamps are correlated, not independent replicates"
street00,2042,curvature_abs,Dtheta,0.5232029653002502,13482,"descriptive only; timestamps are correlated, not independent replicates"
street00,2042,persistent_yaw_residual,Iomega,0.008966665446247574,13738,"descriptive only; timestamps are correlated, not independent replicates"
street00,2042,speed_abs,Dp,0.052108107306876525,13738,"descriptive only; timestamps are correlated, not independent replicates"
street00,2042,wheel_imu_yaw_disagreement_abs,Dp,0.08140973296641023,13738,"descriptive only; timestamps are correlated, not independent replicates"
street00,2042,wheel_imu_yaw_disagreement_abs,Dtheta,0.11589746985856265,13738,"descriptive only; timestamps are correlated, not independent replicates"
street01,42,Dtheta,Dp,0.03917866234428137,12483,"descriptive only; timestamps are correlated, not independent replicates"
street01,42,Iomega,Dtheta,0.029208531066611372,12483,"descriptive only; timestamps are correlated, not independent replicates"
street01,42,Iomega,signed_heading_error,-0.12931056115849326,12483,"descriptive only; timestamps are correlated, not independent replicates"
street01,42,accel_abs,Dp,0.05611358048815739,12483,"descriptive only; timestamps are correlated, not independent replicates"
street01,42,curvature_abs,Dp,-0.025558405846074835,12250,"descriptive only; timestamps are correlated, not independent replicates"
street01,42,curvature_abs,Dtheta,0.15434631183340838,12250,"descriptive only; timestamps are correlated, not independent replicates"
street01,42,persistent_yaw_residual,Iomega,0.030136210139242055,12483,"descriptive only; timestamps are correlated, not independent replicates"
street01,42,speed_abs,Dp,0.1456922745908458,12483,"descriptive only; timestamps are correlated, not independent replicates"
street01,42,wheel_imu_yaw_disagreement_abs,Dp,0.03963593806752509,12483,"descriptive only; timestamps are correlated, not independent replicates"
street01,42,wheel_imu_yaw_disagreement_abs,Dtheta,-0.014160418662485802,12483,"descriptive only; timestamps are correlated, not independent replicates"
street01,1042,Dtheta,Dp,0.010017768727720797,12483,"descriptive only; timestamps are correlated, not independent replicates"
street01,1042,Iomega,Dtheta,0.0819567765776069,12483,"descriptive only; timestamps are correlated, not independent replicates"
street01,1042,Iomega,signed_heading_error,-0.12693584091672708,12483,"descriptive only; timestamps are correlated, not independent replicates"
street01,1042,accel_abs,Dp,0.0575175236949547,12483,"descriptive only; timestamps are correlated, not independent replicates"
street01,1042,curvature_abs,Dp,-0.02613922401992765,12250,"descriptive only; timestamps are correlated, not independent replicates"
street01,1042,curvature_abs,Dtheta,0.18556019551875202,12250,"descriptive only; timestamps are correlated, not independent replicates"
street01,1042,persistent_yaw_residual,Iomega,0.021099156893787493,12483,"descriptive only; timestamps are correlated, not independent replicates"
street01,1042,speed_abs,Dp,0.14308204368675995,12483,"descriptive only; timestamps are correlated, not independent replicates"
street01,1042,wheel_imu_yaw_disagreement_abs,Dp,0.03982560726223594,12483,"descriptive only; timestamps are correlated, not independent replicates"
street01,1042,wheel_imu_yaw_disagreement_abs,Dtheta,-0.016810064293895536,12483,"descriptive only; timestamps are correlated, not independent replicates"
street01,2042,Dtheta,Dp,0.031737405147180264,12483,"descriptive only; timestamps are correlated, not independent replicates"
street01,2042,Iomega,Dtheta,0.10369928630170659,12483,"descriptive only; timestamps are correlated, not independent replicates"
street01,2042,Iomega,signed_heading_error,-0.08532706615326623,12483,"descriptive only; timestamps are correlated, not independent replicates"
street01,2042,accel_abs,Dp,0.05659004282669426,12483,"descriptive only; timestamps are correlated, not independent replicates"
street01,2042,curvature_abs,Dp,-0.025942264427312876,12250,"descriptive only; timestamps are correlated, not independent replicates"
street01,2042,curvature_abs,Dtheta,0.09624681036324459,12250,"descriptive only; timestamps are correlated, not independent replicates"
street01,2042,persistent_yaw_residual,Iomega,0.05648001985347581,12483,"descriptive only; timestamps are correlated, not independent replicates"
street01,2042,speed_abs,Dp,0.13887198011914342,12483,"descriptive only; timestamps are correlated, not independent replicates"
street01,2042,wheel_imu_yaw_disagreement_abs,Dp,0.03939181096591855,12483,"descriptive only; timestamps are correlated, not independent replicates"
street01,2042,wheel_imu_yaw_disagreement_abs,Dtheta,-0.030976211346911767,12483,"descriptive only; timestamps are correlated, not independent replicates"
street02,42,Dtheta,Dp,0.10977563632133337,13799,"descriptive only; timestamps are correlated, not independent replicates"
street02,42,Iomega,Dtheta,0.08481072044484937,13799,"descriptive only; timestamps are correlated, not independent replicates"
street02,42,Iomega,signed_heading_error,-0.10112091759635344,13799,"descriptive only; timestamps are correlated, not independent replicates"
street02,42,accel_abs,Dp,0.026343719104918964,13799,"descriptive only; timestamps are correlated, not independent replicates"
street02,42,curvature_abs,Dp,-0.02327889266325055,13660,"descriptive only; timestamps are correlated, not independent replicates"
street02,42,curvature_abs,Dtheta,0.09433557925877922,13660,"descriptive only; timestamps are correlated, not independent replicates"
street02,42,persistent_yaw_residual,Iomega,0.024226878943363433,13799,"descriptive only; timestamps are correlated, not independent replicates"
street02,42,speed_abs,Dp,0.07693708778087564,13799,"descriptive only; timestamps are correlated, not independent replicates"
street02,42,wheel_imu_yaw_disagreement_abs,Dp,-0.041657278132357145,13799,"descriptive only; timestamps are correlated, not independent replicates"
street02,42,wheel_imu_yaw_disagreement_abs,Dtheta,0.031913314670820106,13799,"descriptive only; timestamps are correlated, not independent replicates"
street02,1042,Dtheta,Dp,0.1610561453781364,13799,"descriptive only; timestamps are correlated, not independent replicates"
street02,1042,Iomega,Dtheta,0.08178442758814228,13799,"descriptive only; timestamps are correlated, not independent replicates"
street02,1042,Iomega,signed_heading_error,-0.09609594496358662,13799,"descriptive only; timestamps are correlated, not independent replicates"
street02,1042,accel_abs,Dp,0.027101235780001554,13799,"descriptive only; timestamps are correlated, not independent replicates"
street02,1042,curvature_abs,Dp,-0.021764420583858204,13660,"descriptive only; timestamps are correlated, not independent replicates"
street02,1042,curvature_abs,Dtheta,0.08834746816885163,13660,"descriptive only; timestamps are correlated, not independent replicates"
street02,1042,persistent_yaw_residual,Iomega,0.017116679497576556,13799,"descriptive only; timestamps are correlated, not independent replicates"
street02,1042,speed_abs,Dp,0.07637205434777605,13799,"descriptive only; timestamps are correlated, not independent replicates"
street02,1042,wheel_imu_yaw_disagreement_abs,Dp,-0.040393180121805025,13799,"descriptive only; timestamps are correlated, not independent replicates"
street02,1042,wheel_imu_yaw_disagreement_abs,Dtheta,0.02753458873714747,13799,"descriptive only; timestamps are correlated, not independent replicates"
street02,2042,Dtheta,Dp,0.1281095683377928,13799,"descriptive only; timestamps are correlated, not independent replicates"
street02,2042,Iomega,Dtheta,0.05309749624834462,13799,"descriptive only; timestamps are correlated, not independent replicates"
street02,2042,Iomega,signed_heading_error,-0.089955971809005,13799,"descriptive only; timestamps are correlated, not independent replicates"
street02,2042,accel_abs,Dp,0.03194643668182959,13799,"descriptive only; timestamps are correlated, not independent replicates"
street02,2042,curvature_abs,Dp,-0.018876157757296445,13660,"descriptive only; timestamps are correlated, not independent replicates"
street02,2042,curvature_abs,Dtheta,0.08036901902521476,13660,"descriptive only; timestamps are correlated, not independent replicates"
street02,2042,persistent_yaw_residual,Iomega,0.030812084837572355,13799,"descriptive only; timestamps are correlated, not independent replicates"
street02,2042,speed_abs,Dp,0.07410324601176027,13799,"descriptive only; timestamps are correlated, not independent replicates"
street02,2042,wheel_imu_yaw_disagreement_abs,Dp,-0.03772488536707992,13799,"descriptive only; timestamps are correlated, not independent replicates"
street02,2042,wheel_imu_yaw_disagreement_abs,Dtheta,0.031153587850802116,13799,"descriptive only; timestamps are correlated, not independent replicates"
